#ifndef FONTS_UBUNTU_MONO_BOLD_18PT_AA_H
#define FONTS_UBUNTU_MONO_BOLD_18PT_AA_H

// Antialiased companion to ubuntu_mono_bold_18pt (part of ubuntu_mono_all_b.h),
// for use with UM_GFX_Canvas::setAntialias(true). Covers the same 0x20-0xB0
// range as the 1-bit fonts (bitmapOffset is now uint32_t - see UM_GFX.h - so
// unlike the digits-only 44pt/88pt clock fonts, the full range fits fine at
// this point size). Generated from the same source and DPI (141) as the
// other fonts here, but with FreeType's default (antialiased) rendering
// instead of FT_LOAD_TARGET_MONO.
//
// IMPORTANT: font.bitmap here is one coverage byte per pixel, row-major,
// with no bit-packing - a different in-memory format from the 1-bit
// UbuntuMono_B[] fonts. Do not draw this font with antialias off (it will
// render garbage), and do not enable antialias on a canvas that also draws
// any 1-bit font.

// UbuntuMono_Bold18pt7bAABitmaps - 8-bit antialiased coverage, NOT 1-bit packed (see UM_GFX_Canvas::drawGlyphAA)
const uint8_t UbuntuMono_Bold18pt7bAABitmaps[] PROGMEM = {
	0x00, 0xBC, 0xFF, 0xFF, 0xFF, 0xFF, 0x3C, 0x00, 0xBC, 0xFF, 0xFF, 0xFF,
	0xFF, 0x3C, 0x00, 0xBC, 0xFF, 0xFF, 0xFF, 0xFF, 0x3C, 0x00, 0xBC, 0xFF,
	0xFF, 0xFF, 0xFF, 0x3C, 0x00, 0xBC, 0xFF, 0xFF, 0xFF, 0xFF, 0x3C, 0x00,
	0xBC, 0xFF, 0xFF, 0xFF, 0xFF, 0x3B, 0x00, 0xBB, 0xFF, 0xFF, 0xFF, 0xFF,
	0x39, 0x00, 0xB5, 0xFF, 0xFF, 0xFF, 0xFF, 0x32, 0x00, 0xA8, 0xFF, 0xFF,
	0xFF, 0xFF, 0x24, 0x00, 0x94, 0xFF, 0xFF, 0xFF, 0xFF, 0x12, 0x00, 0x7A,
	0xFF, 0xFF, 0xFF, 0xFA, 0x01, 0x00, 0x59, 0xFF, 0xFF, 0xFF, 0xE0, 0x00,
	0x00, 0x37, 0xFF, 0xFF, 0xFF, 0xC0, 0x00, 0x00, 0x12, 0xFF, 0xFF, 0xFF,
	0xA0, 0x00, 0x00, 0x00, 0x00, 0x00, 0x00, 0x00, 0x00, 0x00, 0x00, 0x00,
	0x00, 0x00, 0x00, 0x00, 0x00, 0x00, 0x00, 0x00, 0x00, 0x00, 0x00, 0x00,
	0x26, 0xB7, 0xF3, 0xDF, 0x73, 0x00, 0x01, 0xDF, 0xFF, 0xFF, 0xFF, 0xFF,
	0x60, 0x1A, 0xFF, 0xFF, 0xFF, 0xFF, 0xFF, 0x9A, 0x01, 0xDF, 0xFF, 0xFF,
	0xFF, 0xFF, 0x60, 0x00, 0x28, 0xB9, 0xF4, 0xE1, 0x76, 0x00, 0xF4, 0xFF,
	0xFF, 0xFF, 0xA0, 0x00, 0x10, 0xFF, 0xFF, 0xFF, 0xFF, 0x88, 0xF3, 0xFF,
	0xFF, 0xFF, 0x9F, 0x00, 0x0F, 0xFF, 0xFF, 0xFF, 0xFF, 0x87, 0xEB, 0xFF,
	0xFF, 0xFF, 0x96, 0x00, 0x07, 0xFF, 0xFF, 0xFF, 0xFF, 0x7E, 0xDD, 0xFF,
	0xFF, 0xFF, 0x89, 0x00, 0x00, 0xF9, 0xFF, 0xFF, 0xFF, 0x71, 0xC2, 0xFF,
	0xFF, 0xFF, 0x71, 0x00, 0x00, 0xDE, 0xFF, 0xFF, 0xFF, 0x59, 0xA2, 0xFF,
	0xFF, 0xFF, 0x55, 0x00, 0x00, 0xBE, 0xFF, 0xFF, 0xFF, 0x3D, 0x7E, 0xFF,
	0xFF, 0xFF, 0x30, 0x00, 0x00, 0x9A, 0xFF, 0xFF, 0xFF, 0x19, 0x55, 0xFF,
	0xFF, 0xFD, 0x08, 0x00, 0x00, 0x71, 0xFF, 0xFF, 0xF0, 0x00, 0x2A, 0xFF,
	0xFF, 0xD9, 0x00, 0x00, 0x00, 0x46, 0xFF, 0xFF, 0xC6, 0x00, 0x04, 0xF9,
	0xFF, 0xAB, 0x00, 0x00, 0x00, 0x1A, 0xFF, 0xFF, 0x9A, 0x00, 0x00, 0x00,
	0x00, 0x00, 0x00, 0x43, 0xFF, 0xFF, 0xFF, 0x50, 0x00, 0x00, 0xEA, 0xFF,
	0xFF, 0xA5, 0x00, 0x00, 0x00, 0x00, 0x00, 0x00, 0x77, 0xFF, 0xFF, 0xFF,
	0x1A, 0x00, 0x1F, 0xFF, 0xFF, 0xFF, 0x71, 0x00, 0x00, 0x00, 0x00, 0x00,
	0x00, 0xAB, 0xFF, 0xFF, 0xE3, 0x00, 0x00, 0x53, 0xFF, 0xFF, 0xFF, 0x3D,
	0x00, 0x00, 0x00, 0x00, 0x00, 0x00, 0xDF, 0xFF, 0xFF, 0xAD, 0x00, 0x00,
	0x87, 0xFF, 0xFF, 0xFD, 0x0C, 0x00, 0x00, 0x00, 0x00, 0x00, 0x12, 0xFF,
	0xFF, 0xFF, 0x77, 0x00, 0x00, 0xBA, 0xFF, 0xFF, 0xD5, 0x00, 0x00, 0x60,
	0xFF, 0xFF, 0xFF, 0xFF, 0xFF, 0xFF, 0xFF, 0xFF, 0xFF, 0xFF, 0xFF, 0xFF,
	0xFF, 0xFF, 0xFF, 0xE8, 0x60, 0xFF, 0xFF, 0xFF, 0xFF, 0xFF, 0xFF, 0xFF,
	0xFF, 0xFF, 0xFF, 0xFF, 0xFF, 0xFF, 0xFF, 0xFF, 0xE8, 0x60, 0xFF, 0xFF,
	0xFF, 0xFF, 0xFF, 0xFF, 0xFF, 0xFF, 0xFF, 0xFF, 0xFF, 0xFF, 0xFF, 0xFF,
	0xFF, 0xE8, 0x60, 0xFF, 0xFF, 0xFF, 0xFF, 0xFF, 0xFF, 0xFF, 0xFF, 0xFF,
	0xFF, 0xFF, 0xFF, 0xFF, 0xFF, 0xFF, 0xE8, 0x00, 0x00, 0x00, 0x02, 0xF5,
	0xFF, 0xFF, 0x9B, 0x00, 0x00, 0x9F, 0xFF, 0xFF, 0xEF, 0x00, 0x00, 0x00,
	0x00, 0x00, 0x00, 0x27, 0xFF, 0xFF, 0xFF, 0x6C, 0x00, 0x00, 0xCC, 0xFF,
	0xFF, 0xC0, 0x00, 0x00, 0x00, 0x00, 0x00, 0x00, 0x56, 0xFF, 0xFF, 0xFF,
	0x3D, 0x00, 0x02, 0xF6, 0xFF, 0xFF, 0x91, 0x00, 0x00, 0x00, 0x00, 0x00,
	0x00, 0x85, 0xFF, 0xFF, 0xFF, 0x0F, 0x00, 0x26, 0xFF, 0xFF, 0xFF, 0x63,
	0x00, 0x00, 0x00, 0x60, 0xFF, 0xFF, 0xFF, 0xFF, 0xFF, 0xFF, 0xFF, 0xFF,
	0xFF, 0xFF, 0xFF, 0xFF, 0xFF, 0xFF, 0xFF, 0xE8, 0x60, 0xFF, 0xFF, 0xFF,
	0xFF, 0xFF, 0xFF, 0xFF, 0xFF, 0xFF, 0xFF, 0xFF, 0xFF, 0xFF, 0xFF, 0xFF,
	0xE8, 0x60, 0xFF, 0xFF, 0xFF, 0xFF, 0xFF, 0xFF, 0xFF, 0xFF, 0xFF, 0xFF,
	0xFF, 0xFF, 0xFF, 0xFF, 0xFF, 0xE8, 0x60, 0xFF, 0xFF, 0xFF, 0xFF, 0xFF,
	0xFF, 0xFF, 0xFF, 0xFF, 0xFF, 0xFF, 0xFF, 0xFF, 0xFF, 0xFF, 0xE8, 0x00,
	0x00, 0x5F, 0xFF, 0xFF, 0xFF, 0x2A, 0x00, 0x0C, 0xFD, 0xFF, 0xFF, 0x89,
	0x00, 0x00, 0x00, 0x00, 0x00, 0x00, 0x93, 0xFF, 0xFF, 0xF5, 0x02, 0x00,
	0x3F, 0xFF, 0xFF, 0xFF, 0x55, 0x00, 0x00, 0x00, 0x00, 0x00, 0x00, 0xC7,
	0xFF, 0xFF, 0xC5, 0x00, 0x00, 0x73, 0xFF, 0xFF, 0xFF, 0x21, 0x00, 0x00,
	0x00, 0x00, 0x00, 0x04, 0xF6, 0xFF, 0xFF, 0x93, 0x00, 0x00, 0xA7, 0xFF,
	0xFF, 0xED, 0x00, 0x00, 0x00, 0x00, 0x00, 0x00, 0x2E, 0xFF, 0xFF, 0xFF,
	0x61, 0x00, 0x00, 0xDA, 0xFF, 0xFF, 0xB9, 0x00, 0x00, 0x00, 0x00, 0x00,
	0x00, 0x00, 0x00, 0x00, 0x00, 0x2C, 0xFF, 0xFF, 0xFF, 0xD0, 0x00, 0x00,
	0x00, 0x00, 0x00, 0x00, 0x00, 0x00, 0x00, 0x00, 0x00, 0x2C, 0xFF, 0xFF,
	0xFF, 0xD0, 0x00, 0x00, 0x00, 0x00, 0x00, 0x00, 0x00, 0x00, 0x00, 0x00,
	0x00, 0x2C, 0xFF, 0xFF, 0xFF, 0xD0, 0x00, 0x00, 0x00, 0x00, 0x00, 0x00,
	0x00, 0x00, 0x00, 0x1B, 0x90, 0xE5, 0xFF, 0xFF, 0xFF, 0xF1, 0xA0, 0x7A,
	0x3F, 0x05, 0x00, 0x00, 0x00, 0x00, 0x4B, 0xF1, 0xFF, 0xFF, 0xFF, 0xFF,
	0xFF, 0xFF, 0xFF, 0xFF, 0xFF, 0xF0, 0x5F, 0x00, 0x00, 0x2A, 0xF7, 0xFF,
	0xFF, 0xFF, 0xFF, 0xFF, 0xFF, 0xFF, 0xFF, 0xFF, 0xFF, 0xFF, 0x51, 0x00,
	0x00, 0xA9, 0xFF, 0xFF, 0xFF, 0xFF, 0xFF, 0xFF, 0xFF, 0xFF, 0xFF, 0xFF,
	0xFF, 0xFC, 0x10, 0x00, 0x02, 0xF2, 0xFF, 0xFF, 0xFF, 0xE4, 0x45, 0x0D,
	0x03, 0x11, 0x34, 0x68, 0xAF, 0xBF, 0x00, 0x00, 0x15, 0xFF, 0xFF, 0xFF,
	0xFF, 0x7A, 0x00, 0x00, 0x00, 0x00, 0x00, 0x00, 0x00, 0x02, 0x00, 0x00,
	0x0E, 0xFF, 0xFF, 0xFF, 0xFF, 0xD0, 0x22, 0x00, 0x00, 0x00, 0x00, 0x00,
	0x00, 0x00, 0x00, 0x00, 0x00, 0xDE, 0xFF, 0xFF, 0xFF, 0xFF, 0xFD, 0xBF,
	0x73, 0x1C, 0x00, 0x00, 0x00, 0x00, 0x00, 0x00, 0x00, 0x70, 0xFF, 0xFF,
	0xFF, 0xFF, 0xFF, 0xFF, 0xFF, 0xFB, 0xA5, 0x31, 0x00, 0x00, 0x00, 0x00,
	0x00, 0x02, 0xA5, 0xFF, 0xFF, 0xFF, 0xFF, 0xFF, 0xFF, 0xFF, 0xFF, 0xFE,
	0x9D, 0x0B, 0x00, 0x00, 0x00, 0x00, 0x00, 0x5B, 0xE9, 0xFF, 0xFF, 0xFF,
	0xFF, 0xFF, 0xFF, 0xFF, 0xFF, 0xCC, 0x0E, 0x00, 0x00, 0x00, 0x00, 0x00,
	0x08, 0x5D, 0xBE, 0xFB, 0xFF, 0xFF, 0xFF, 0xFF, 0xFF, 0xFF, 0x9B, 0x00,
	0x00, 0x00, 0x00, 0x00, 0x00, 0x00, 0x00, 0x0E, 0x56, 0xB9, 0xFF, 0xFF,
	0xFF, 0xFF, 0xFA, 0x10, 0x00, 0x00, 0x00, 0x00, 0x00, 0x00, 0x00, 0x00,
	0x00, 0x00, 0x7F, 0xFF, 0xFF, 0xFF, 0xFF, 0x43, 0x00, 0x2B, 0x0B, 0x00,
	0x00, 0x00, 0x00, 0x00, 0x00, 0x00, 0x3D, 0xFF, 0xFF, 0xFF, 0xFF, 0x52,
	0x00, 0xCF, 0xF2, 0xA4, 0x5C, 0x27, 0x0D, 0x02, 0x0D, 0x38, 0xC6, 0xFF,
	0xFF, 0xFF, 0xFF, 0x39, 0x2C, 0xFF, 0xFF, 0xFF, 0xFF, 0xFF, 0xFF, 0xFF,
	0xFF, 0xFF, 0xFF, 0xFF, 0xFF, 0xFF, 0xED, 0x07, 0x8A, 0xFF, 0xFF, 0xFF,
	0xFF, 0xFF, 0xFF, 0xFF, 0xFF, 0xFF, 0xFF, 0xFF, 0xFF, 0xFF, 0x75, 0x00,
	0x5F, 0xE4, 0xFF, 0xFF, 0xFF, 0xFF, 0xFF, 0xFF, 0xFF, 0xFF, 0xFF, 0xFF,
	0xFF, 0x9A, 0x01, 0x00, 0x00, 0x05, 0x4E, 0x9B, 0xCE, 0xF4, 0xFF, 0xFF,
	0xFF, 0xFF, 0xFD, 0xC3, 0x50, 0x00, 0x00, 0x00, 0x00, 0x00, 0x00, 0x00,
	0x00, 0x40, 0xFF, 0xFF, 0xFF, 0xCB, 0x0D, 0x00, 0x00, 0x00, 0x00, 0x00,
	0x00, 0x00, 0x00, 0x00, 0x00, 0x40, 0xFF, 0xFF, 0xFF, 0xC0, 0x00, 0x00,
	0x00, 0x00, 0x00, 0x00, 0x00, 0x00, 0x00, 0x00, 0x00, 0x40, 0xFF, 0xFF,
	0xFF, 0xC0, 0x00, 0x00, 0x00, 0x00, 0x00, 0x00, 0x00, 0x00, 0x00, 0x00,
	0x00, 0x40, 0xFF, 0xFF, 0xFF, 0xC0, 0x00, 0x00, 0x00, 0x00, 0x00, 0x00,
	0x00, 0x07, 0x8A, 0xE7, 0xF7, 0xC8, 0x41, 0x00, 0x00, 0x00, 0x00, 0x00,
	0x00, 0x16, 0xEC, 0xFF, 0xF7, 0x25, 0x00, 0xA3, 0xFF, 0xFF, 0xFF, 0xFF,
	0xF9, 0x38, 0x00, 0x00, 0x00, 0x00, 0x00, 0xA9, 0xFF, 0xFF, 0x77, 0x00,
	0x2D, 0xFF, 0xFF, 0xFF, 0xFF, 0xFF, 0xFF, 0xBC, 0x00, 0x00, 0x00, 0x00,
	0x4E, 0xFF, 0xFF, 0xCD, 0x04, 0x00, 0x76, 0xFF, 0xFF, 0x8C, 0x28, 0xF4,
	0xFF, 0xFC, 0x08, 0x00, 0x00, 0x0F, 0xE5, 0xFF, 0xFB, 0x30, 0x00, 0x00,
	0x9A, 0xFF, 0xFF, 0x30, 0x00, 0xB4, 0xFF, 0xFF, 0x29, 0x00, 0x00, 0x9B,
	0xFF, 0xFF, 0x85, 0x00, 0x00, 0x00, 0xA5, 0xFF, 0xFF, 0x20, 0x00, 0xA1,
	0xFF, 0xFF, 0x34, 0x00, 0x40, 0xFE, 0xFF, 0xD8, 0x07, 0x00, 0x00, 0x00,
	0x9A, 0xFF, 0xFF, 0x2F, 0x00, 0xB3, 0xFF, 0xFF, 0x29, 0x09, 0xDC, 0xFF,
	0xFE, 0x3C, 0x00, 0x00, 0x00, 0x00, 0x75, 0xFF, 0xFF, 0x89, 0x25, 0xF3,
	0xFF, 0xFC, 0x08, 0x8C, 0xFF, 0xFF, 0x94, 0x00, 0x00, 0x00, 0x00, 0x00,
	0x2C, 0xFF, 0xFF, 0xFF, 0xFF, 0xFF, 0xFF, 0xBA, 0x34, 0xFC, 0xFF, 0xE1,
	0x0C, 0x00, 0x00, 0x00, 0x00, 0x00, 0x00, 0xA2, 0xFF, 0xFF, 0xFF, 0xFF,
	0xF9, 0x3D, 0xD2, 0xFF, 0xFF, 0x48, 0x00, 0x00, 0x00, 0x00, 0x00, 0x00,
	0x00, 0x07, 0x8B, 0xE8, 0xF8, 0xC8, 0x42, 0x7E, 0xFF, 0xFF, 0xA2, 0x00,
	0x00, 0x00, 0x00, 0x00, 0x00, 0x00, 0x00, 0x00, 0x00, 0x00, 0x00, 0x00,
	0x29, 0xF9, 0xFF, 0xE9, 0x1E, 0x92, 0xE9, 0xF6, 0xC3, 0x39, 0x00, 0x00,
	0x00, 0x00, 0x00, 0x00, 0x00, 0x02, 0xC6, 0xFF, 0xFF, 0x57, 0xB3, 0xFF,
	0xFF, 0xFF, 0xFF, 0xF5, 0x2C, 0x00, 0x00, 0x00, 0x00, 0x00, 0x00, 0x6F,
	0xFF, 0xFF, 0xB1, 0x3C, 0xFF, 0xFF, 0xFF, 0xFF, 0xFF, 0xFF, 0xAB, 0x00,
	0x00, 0x00, 0x00, 0x00, 0x20, 0xF4, 0xFF, 0xF0, 0x1A, 0x86, 0xFF, 0xFF,
	0x81, 0x30, 0xFA, 0xFF, 0xF3, 0x01, 0x00, 0x00, 0x00, 0x00, 0xB9, 0xFF,
	0xFF, 0x65, 0x00, 0xAA, 0xFF, 0xFF, 0x28, 0x00, 0xC1, 0xFF, 0xFF, 0x19,
	0x00, 0x00, 0x00, 0x60, 0xFF, 0xFF, 0xBF, 0x01, 0x00, 0xB5, 0xFF, 0xFF,
	0x17, 0x00, 0xAD, 0xFF, 0xFF, 0x24, 0x00, 0x00, 0x17, 0xED, 0xFF, 0xF6,
	0x23, 0x00, 0x00, 0xAA, 0xFF, 0xFF, 0x26, 0x00, 0xBE, 0xFF, 0xFF, 0x19,
	0x00, 0x00, 0xAC, 0xFF, 0xFF, 0x74, 0x00, 0x00, 0x00, 0x86, 0xFF, 0xFF,
	0x7C, 0x2C, 0xF8, 0xFF, 0xF4, 0x01, 0x00, 0x51, 0xFF, 0xFF, 0xCB, 0x03,
	0x00, 0x00, 0x00, 0x3E, 0xFF, 0xFF, 0xFF, 0xFF, 0xFF, 0xFF, 0xAC, 0x00,
	0x10, 0xE6, 0xFF, 0xFA, 0x2D, 0x00, 0x00, 0x00, 0x00, 0x00, 0xB5, 0xFF,
	0xFF, 0xFF, 0xFF, 0xF6, 0x2E, 0x00, 0x9D, 0xFF, 0xFF, 0x82, 0x00, 0x00,
	0x00, 0x00, 0x00, 0x00, 0x0C, 0x94, 0xEA, 0xF7, 0xC5, 0x3B, 0x00, 0x00,
	0x00, 0x00, 0x00, 0x00, 0x18, 0x88, 0xD4, 0xF7, 0xF3, 0xC4, 0x6A, 0x05,
	0x00, 0x00, 0x00, 0x00, 0x00, 0x00, 0x00, 0x00, 0x3C, 0xED, 0xFF, 0xFF,
	0xFF, 0xFF, 0xFF, 0xFF, 0xC8, 0x0F, 0x00, 0x00, 0x00, 0x00, 0x00, 0x00,
	0x15, 0xEC, 0xFF, 0xFF, 0xFF, 0xFF, 0xFF, 0xFF, 0xFF, 0xFF, 0x99, 0x00,
	0x00, 0x00, 0x00, 0x00, 0x00, 0x7A, 0xFF, 0xFF, 0xFF, 0xFF, 0xFF, 0xFF,
	0xFF, 0xFF, 0xFF, 0xF6, 0x05, 0x00, 0x00, 0x00, 0x00, 0x00, 0xB3, 0xFF,
	0xFF, 0xFF, 0x82, 0x0E, 0x21, 0xD6, 0xFF, 0xFF, 0xFF, 0x19, 0x00, 0x00,
	0x00, 0x00, 0x00, 0xBA, 0xFF, 0xFF, 0xFC, 0x04, 0x00, 0x00, 0x9A, 0xFF,
	0xFF, 0xF9, 0x07, 0x00, 0x00, 0x00, 0x00, 0x00, 0x94, 0xFF, 0xFF, 0xFF,
	0x26, 0x00, 0x11, 0xE8, 0xFF, 0xFF, 0xAF, 0x00, 0x00, 0x00, 0x00, 0x00,
	0x00, 0x3D, 0xFF, 0xFF, 0xFF, 0xC1, 0x35, 0xCF, 0xFF, 0xFF, 0xF6, 0x29,
	0x00, 0x00, 0x00, 0x00, 0x00, 0x00, 0x00, 0xB9, 0xFF, 0xFF, 0xFF, 0xFF,
	0xFF, 0xFF, 0xF5, 0x4B, 0x00, 0x00, 0x00, 0x00, 0x00, 0x00, 0x00, 0x00,
	0x1F, 0xF7, 0xFF, 0xFF, 0xFF, 0xFF, 0xBC, 0x27, 0x00, 0x57, 0x8F, 0x6E,
	0x4E, 0x03, 0x00, 0x00, 0x08, 0xA0, 0xFF, 0xFF, 0xFF, 0xFF, 0xFE, 0x4B,
	0x00, 0x00, 0x93, 0xFF, 0xFF, 0xFE, 0x03, 0x00, 0x00, 0xAA, 0xFF, 0xFF,
	0xFF, 0xFF, 0xFF, 0xFF, 0xF0, 0x26, 0x00, 0xA4, 0xFF, 0xFF, 0xEE, 0x00,
	0x00, 0x5D, 0xFF, 0xFF, 0xFF, 0x8C, 0x6E, 0xFF, 0xFF, 0xFF, 0xD8, 0x10,
	0xCC, 0xFF, 0xFF, 0xC4, 0x00, 0x00, 0xCE, 0xFF, 0xFF, 0xC8, 0x01, 0x00,
	0x82, 0xFF, 0xFF, 0xFF, 0xBB, 0xF7, 0xFF, 0xFF, 0x8F, 0x00, 0x19, 0xFF,
	0xFF, 0xFF, 0x79, 0x00, 0x00, 0x00, 0x9C, 0xFF, 0xFF, 0xFF, 0xFF, 0xFF,
	0xFF, 0x45, 0x00, 0x39, 0xFF, 0xFF, 0xFF, 0x76, 0x00, 0x00, 0x00, 0x04,
	0xBA, 0xFF, 0xFF, 0xFF, 0xFF, 0xE8, 0x05, 0x00, 0x37, 0xFF, 0xFF, 0xFF,
	0xB6, 0x00, 0x00, 0x00, 0x00, 0x13, 0xF3, 0xFF, 0xFF, 0xFF, 0x82, 0x00,
	0x00, 0x0F, 0xFD, 0xFF, 0xFF, 0xFF, 0x7E, 0x1A, 0x0A, 0x43, 0xC4, 0xFF,
	0xFF, 0xFF, 0xFF, 0xB8, 0x00, 0x00, 0x00, 0xBB, 0xFF, 0xFF, 0xFF, 0xFF,
	0xFF, 0xFF, 0xFF, 0xFF, 0xFF, 0xFF, 0xFF, 0xFF, 0xFF, 0x4E, 0x00, 0x00,
	0x35, 0xFA, 0xFF, 0xFF, 0xFF, 0xFF, 0xFF, 0xFF, 0xFF, 0xFF, 0xFF, 0xFF,
	0xFF, 0xFF, 0xDC, 0x03, 0x00, 0x00, 0x54, 0xF6, 0xFF, 0xFF, 0xFF, 0xFF,
	0xFF, 0xFF, 0xFA, 0x78, 0xE2, 0xFF, 0xFF, 0xFF, 0x56, 0x00, 0x00, 0x00,
	0x1E, 0x91, 0xD8, 0xF5, 0xF6, 0xD4, 0x90, 0x24, 0x00, 0x72, 0xFF, 0xFF,
	0xFF, 0xB4, 0x7C, 0xFF, 0xFF, 0xFF, 0xFF, 0x18, 0x7C, 0xFF, 0xFF, 0xFF,
	0xFF, 0x18, 0x78, 0xFF, 0xFF, 0xFF, 0xFF, 0x13, 0x6B, 0xFF, 0xFF, 0xFF,
	0xFF, 0x06, 0x54, 0xFF, 0xFF, 0xFF, 0xF2, 0x00, 0x33, 0xFF, 0xFF, 0xFF,
	0xD4, 0x00, 0x0E, 0xFF, 0xFF, 0xFF, 0xB0, 0x00, 0x00, 0xE2, 0xFF, 0xFF,
	0x85, 0x00, 0x00, 0xB6, 0xFF, 0xFF, 0x59, 0x00, 0x00, 0x87, 0xFF, 0xFF,
	0x2B, 0x00, 0x00, 0x00, 0x00, 0x00, 0x00, 0x00, 0x00, 0x00, 0x4E, 0xC3,
	0x0C, 0x00, 0x00, 0x00, 0x00, 0x00, 0x00, 0x00, 0x0C, 0xA8, 0xFF, 0xFF,
	0x97, 0x00, 0x00, 0x00, 0x00, 0x00, 0x00, 0x1E, 0xD1, 0xFF, 0xFF, 0xFF,
	0xFE, 0x43, 0x00, 0x00, 0x00, 0x00, 0x1C, 0xE2, 0xFF, 0xFF, 0xFF, 0xFF,
	0xB9, 0x1E, 0x00, 0x00, 0x00, 0x10, 0xD4, 0xFF, 0xFF, 0xFF, 0xFF, 0x7F,
	0x00, 0x00, 0x00, 0x00, 0x00, 0xA1, 0xFF, 0xFF, 0xFF, 0xFF, 0x66, 0x00,
	0x00, 0x00, 0x00, 0x00, 0x49, 0xFF, 0xFF, 0xFF, 0xFF, 0x7F, 0x00, 0x00,
	0x00, 0x00, 0x00, 0x00, 0xCE, 0xFF, 0xFF, 0xFF, 0xC0, 0x02, 0x00, 0x00,
	0x00, 0x00, 0x00, 0x48, 0xFF, 0xFF, 0xFF, 0xFB, 0x23, 0x00, 0x00, 0x00,
	0x00, 0x00, 0x00, 0xA8, 0xFF, 0xFF, 0xFF, 0x9B, 0x00, 0x00, 0x00, 0x00,
	0x00, 0x00, 0x08, 0xF3, 0xFF, 0xFF, 0xFF, 0x32, 0x00, 0x00, 0x00, 0x00,
	0x00, 0x00, 0x3C, 0xFF, 0xFF, 0xFF, 0xDD, 0x00, 0x00, 0x00, 0x00, 0x00,
	0x00, 0x00, 0x6C, 0xFF, 0xFF, 0xFF, 0xA2, 0x00, 0x00, 0x00, 0x00, 0x00,
	0x00, 0x00, 0x92, 0xFF, 0xFF, 0xFF, 0x72, 0x00, 0x00, 0x00, 0x00, 0x00,
	0x00, 0x00, 0xA3, 0xFF, 0xFF, 0xFF, 0x5B, 0x00, 0x00, 0x00, 0x00, 0x00,
	0x00, 0x00, 0xB0, 0xFF, 0xFF, 0xFF, 0x4D, 0x00, 0x00, 0x00, 0x00, 0x00,
	0x00, 0x00, 0xA7, 0xFF, 0xFF, 0xFF, 0x51, 0x00, 0x00, 0x00, 0x00, 0x00,
	0x00, 0x00, 0x98, 0xFF, 0xFF, 0xFF, 0x60, 0x00, 0x00, 0x00, 0x00, 0x00,
	0x00, 0x00, 0x7A, 0xFF, 0xFF, 0xFF, 0x83, 0x00, 0x00, 0x00, 0x00, 0x00,
	0x00, 0x00, 0x4A, 0xFF, 0xFF, 0xFF, 0xB3, 0x00, 0x00, 0x00, 0x00, 0x00,
	0x00, 0x00, 0x14, 0xFC, 0xFF, 0xFF, 0xF3, 0x08, 0x00, 0x00, 0x00, 0x00,
	0x00, 0x00, 0x00, 0xC1, 0xFF, 0xFF, 0xFF, 0x54, 0x00, 0x00, 0x00, 0x00,
	0x00, 0x00, 0x00, 0x66, 0xFF, 0xFF, 0xFF, 0xCD, 0x00, 0x00, 0x00, 0x00,
	0x00, 0x00, 0x00, 0x08, 0xE8, 0xFF, 0xFF, 0xFF, 0x5D, 0x00, 0x00, 0x00,
	0x00, 0x00, 0x00, 0x00, 0x6E, 0xFF, 0xFF, 0xFF, 0xF0, 0x1F, 0x00, 0x00,
	0x00, 0x00, 0x00, 0x00, 0x02, 0xC6, 0xFF, 0xFF, 0xFF, 0xD5, 0x12, 0x00,
	0x00, 0x00, 0x00, 0x00, 0x00, 0x24, 0xEB, 0xFF, 0xFF, 0xFF, 0xCF, 0x1B,
	0x00, 0x00, 0x00, 0x00, 0x00, 0x00, 0x34, 0xF3, 0xFF, 0xFF, 0xFF, 0xE5,
	0x45, 0x00, 0x00, 0x00, 0x00, 0x00, 0x00, 0x34, 0xE5, 0xFF, 0xFF, 0xFF,
	0xFF, 0x34, 0x00, 0x00, 0x00, 0x00, 0x00, 0x00, 0x1A, 0xC2, 0xFF, 0xFF,
	0x96, 0x00, 0x00, 0x00, 0x00, 0x00, 0x00, 0x00, 0x00, 0x01, 0x66, 0xBD,
	0x07, 0x00, 0x00, 0x00, 0x5D, 0xA9, 0x18, 0x00, 0x00, 0x00, 0x00, 0x00,
	0x00, 0x00, 0x00, 0x00, 0x19, 0xEE, 0xFF, 0xEF, 0x55, 0x00, 0x00, 0x00,
	0x00, 0x00, 0x00, 0x00, 0x00, 0xB2, 0xFF, 0xFF, 0xFF, 0xFE, 0x81, 0x01,
	0x00, 0x00, 0x00, 0x00, 0x00, 0x00, 0x5B, 0xED, 0xFF, 0xFF, 0xFF, 0xFF,
	0x8F, 0x00, 0x00, 0x00, 0x00, 0x00, 0x00, 0x00, 0x1D, 0xD1, 0xFF, 0xFF,
	0xFF, 0xFF, 0x75, 0x00, 0x00, 0x00, 0x00, 0x00, 0x00, 0x00, 0x0D, 0xC8,
	0xFF, 0xFF, 0xFF, 0xFC, 0x35, 0x00, 0x00, 0x00, 0x00, 0x00, 0x00, 0x00,
	0x14, 0xDC, 0xFF, 0xFF, 0xFF, 0xD3, 0x04, 0x00, 0x00, 0x00, 0x00, 0x00,
	0x00, 0x00, 0x36, 0xFB, 0xFF, 0xFF, 0xFF, 0x5F, 0x00, 0x00, 0x00, 0x00,
	0x00, 0x00, 0x00, 0x00, 0x8E, 0xFF, 0xFF, 0xFF, 0xD7, 0x01, 0x00, 0x00,
	0x00, 0x00, 0x00, 0x00, 0x00, 0x16, 0xF4, 0xFF, 0xFF, 0xFF, 0x39, 0x00,
	0x00, 0x00, 0x00, 0x00, 0x00, 0x00, 0x00, 0xA1, 0xFF, 0xFF, 0xFF, 0x8D,
	0x00, 0x00, 0x00, 0x00, 0x00, 0x00, 0x00, 0x00, 0x4B, 0xFF, 0xFF, 0xFF,
	0xCE, 0x00, 0x00, 0x00, 0x00, 0x00, 0x00, 0x00, 0x00, 0x10, 0xFF, 0xFF,
	0xFF, 0xF9, 0x05, 0x00, 0x00, 0x00, 0x00, 0x00, 0x00, 0x00, 0x00, 0xE0,
	0xFF, 0xFF, 0xFF, 0x25, 0x00, 0x00, 0x00, 0x00, 0x00, 0x00, 0x00, 0x00,
	0xC8, 0xFF, 0xFF, 0xFF, 0x36, 0x00, 0x00, 0x00, 0x00, 0x00, 0x00, 0x00,
	0x00, 0xB9, 0xFF, 0xFF, 0xFF, 0x43, 0x00, 0x00, 0x00, 0x00, 0x00, 0x00,
	0x00, 0x00, 0xBE, 0xFF, 0xFF, 0xFF, 0x3A, 0x00, 0x00, 0x00, 0x00, 0x00,
	0x00, 0x00, 0x00, 0xCD, 0xFF, 0xFF, 0xFF, 0x2B, 0x00, 0x00, 0x00, 0x00,
	0x00, 0x00, 0x00, 0x00, 0xEF, 0xFF, 0xFF, 0xFE, 0x0D, 0x00, 0x00, 0x00,
	0x00, 0x00, 0x00, 0x00, 0x21, 0xFF, 0xFF, 0xFF, 0xDD, 0x00, 0x00, 0x00,
	0x00, 0x00, 0x00, 0x00, 0x00, 0x6B, 0xFF, 0xFF, 0xFF, 0xA4, 0x00, 0x00,
	0x00, 0x00, 0x00, 0x00, 0x00, 0x00, 0xC4, 0xFF, 0xFF, 0xFF, 0x53, 0x00,
	0x00, 0x00, 0x00, 0x00, 0x00, 0x00, 0x3E, 0xFF, 0xFF, 0xFF, 0xEF, 0x0A,
	0x00, 0x00, 0x00, 0x00, 0x00, 0x00, 0x04, 0xCA, 0xFF, 0xFF, 0xFF, 0x83,
	0x00, 0x00, 0x00, 0x00, 0x00, 0x00, 0x00, 0x80, 0xFF, 0xFF, 0xFF, 0xED,
	0x14, 0x00, 0x00, 0x00, 0x00, 0x00, 0x00, 0x5A, 0xFE, 0xFF, 0xFF, 0xFF,
	0x5B, 0x00, 0x00, 0x00, 0x00, 0x00, 0x00, 0x60, 0xFA, 0xFF, 0xFF, 0xFF,
	0xA1, 0x00, 0x00, 0x00, 0x00, 0x00, 0x0A, 0x92, 0xFF, 0xFF, 0xFF, 0xFF,
	0xB5, 0x04, 0x00, 0x00, 0x00, 0x00, 0x00, 0xA3, 0xFF, 0xFF, 0xFF, 0xFF,
	0xA3, 0x08, 0x00, 0x00, 0x00, 0x00, 0x00, 0x00, 0x1C, 0xEB, 0xFF, 0xF8,
	0x74, 0x00, 0x00, 0x00, 0x00, 0x00, 0x00, 0x00, 0x00, 0x00, 0x47, 0xBE,
	0x27, 0x00, 0x00, 0x00, 0x00, 0x00, 0x00, 0x00, 0x00, 0x00, 0x00, 0x00,
	0x00, 0x00, 0x34, 0xFF, 0xFF, 0xFF, 0xD8, 0x00, 0x00, 0x00, 0x00, 0x00,
	0x00, 0x00, 0x00, 0x00, 0x00, 0x00, 0x2C, 0xFF, 0xFF, 0xFF, 0xCF, 0x00,
	0x00, 0x00, 0x00, 0x00, 0x00, 0x00, 0x00, 0x00, 0x00, 0x00, 0x10, 0xFF,
	0xFF, 0xFF, 0xB0, 0x00, 0x00, 0x00, 0x00, 0x00, 0x00, 0x00, 0x45, 0xCD,
	0x5C, 0x01, 0x00, 0xDC, 0xFF, 0xFF, 0x7F, 0x00, 0x0C, 0x7A, 0xCE, 0x04,
	0x00, 0x00, 0xA0, 0xFF, 0xFF, 0xBB, 0x1A, 0x9C, 0xFF, 0xFF, 0x3D, 0x45,
	0xE1, 0xFF, 0xFF, 0x46, 0x00, 0x09, 0xF2, 0xFF, 0xFF, 0xFF, 0xEB, 0x98,
	0xFF, 0xF2, 0x8D, 0xFE, 0xFF, 0xFF, 0xFF, 0x9E, 0x00, 0x34, 0xED, 0xFF,
	0xFF, 0xFF, 0xFF, 0xFF, 0xFF, 0xFF, 0xFF, 0xFF, 0xFF, 0xFF, 0xFF, 0xCA,
	0x00, 0x00, 0x08, 0x73, 0xC9, 0xF3, 0xFF, 0xFF, 0xFF, 0xFF, 0xFF, 0xFD,
	0xE4, 0xAB, 0x42, 0x00, 0x00, 0x00, 0x00, 0x00, 0x00, 0x03, 0x85, 0xFD,
	0xFF, 0xFF, 0xE4, 0x44, 0x00, 0x00, 0x00, 0x00, 0x00, 0x00, 0x00, 0x00,
	0x0F, 0xBE, 0xFF, 0xFF, 0xAA, 0xF6, 0xFF, 0xFD, 0x7A, 0x00, 0x00, 0x00,
	0x00, 0x00, 0x00, 0x0C, 0xCC, 0xFF, 0xFF, 0xFF, 0x46, 0xA9, 0xFF, 0xFF,
	0xFF, 0x88, 0x00, 0x00, 0x00, 0x00, 0x00, 0x9F, 0xFF, 0xFF, 0xFF, 0xDF,
	0x02, 0x44, 0xFF, 0xFF, 0xFF, 0xFF, 0x45, 0x00, 0x00, 0x00, 0x00, 0x16,
	0xB1, 0xFF, 0xFF, 0x6A, 0x00, 0x00, 0xC7, 0xFF, 0xF6, 0x6C, 0x00, 0x00,
	0x00, 0x00, 0x00, 0x00, 0x00, 0x63, 0xB4, 0x03, 0x00, 0x00, 0x2C, 0xC2,
	0x28, 0x00, 0x00, 0x00, 0x00, 0x00, 0x00, 0x00, 0x00, 0x00, 0x1C, 0xFF,
	0xFF, 0xFF, 0x9C, 0x00, 0x00, 0x00, 0x00, 0x00, 0x00, 0x00, 0x00, 0x00,
	0x00, 0x00, 0x1C, 0xFF, 0xFF, 0xFF, 0x9C, 0x00, 0x00, 0x00, 0x00, 0x00,
	0x00, 0x00, 0x00, 0x00, 0x00, 0x00, 0x1C, 0xFF, 0xFF, 0xFF, 0x9C, 0x00,
	0x00, 0x00, 0x00, 0x00, 0x00, 0x00, 0x00, 0x00, 0x00, 0x00, 0x1C, 0xFF,
	0xFF, 0xFF, 0x9C, 0x00, 0x00, 0x00, 0x00, 0x00, 0x00, 0x00, 0x00, 0x00,
	0x00, 0x00, 0x1C, 0xFF, 0xFF, 0xFF, 0x9C, 0x00, 0x00, 0x00, 0x00, 0x00,
	0x00, 0x00, 0x00, 0x00, 0x00, 0x00, 0x1C, 0xFF, 0xFF, 0xFF, 0x9C, 0x00,
	0x00, 0x00, 0x00, 0x00, 0x00, 0x98, 0xFF, 0xFF, 0xFF, 0xFF, 0xFF, 0xFF,
	0xFF, 0xFF, 0xFF, 0xFF, 0xFF, 0xFF, 0xFF, 0xFF, 0x18, 0x98, 0xFF, 0xFF,
	0xFF, 0xFF, 0xFF, 0xFF, 0xFF, 0xFF, 0xFF, 0xFF, 0xFF, 0xFF, 0xFF, 0xFF,
	0x18, 0x98, 0xFF, 0xFF, 0xFF, 0xFF, 0xFF, 0xFF, 0xFF, 0xFF, 0xFF, 0xFF,
	0xFF, 0xFF, 0xFF, 0xFF, 0x18, 0x98, 0xFF, 0xFF, 0xFF, 0xFF, 0xFF, 0xFF,
	0xFF, 0xFF, 0xFF, 0xFF, 0xFF, 0xFF, 0xFF, 0xFF, 0x18, 0x00, 0x00, 0x00,
	0x00, 0x00, 0x1C, 0xFF, 0xFF, 0xFF, 0x9C, 0x00, 0x00, 0x00, 0x00, 0x00,
	0x00, 0x00, 0x00, 0x00, 0x00, 0x00, 0x1C, 0xFF, 0xFF, 0xFF, 0x9C, 0x00,
	0x00, 0x00, 0x00, 0x00, 0x00, 0x00, 0x00, 0x00, 0x00, 0x00, 0x1C, 0xFF,
	0xFF, 0xFF, 0x9C, 0x00, 0x00, 0x00, 0x00, 0x00, 0x00, 0x00, 0x00, 0x00,
	0x00, 0x00, 0x1C, 0xFF, 0xFF, 0xFF, 0x9C, 0x00, 0x00, 0x00, 0x00, 0x00,
	0x00, 0x00, 0x00, 0x00, 0x00, 0x00, 0x1C, 0xFF, 0xFF, 0xFF, 0x9C, 0x00,
	0x00, 0x00, 0x00, 0x00, 0x00, 0x00, 0x00, 0x00, 0x00, 0x00, 0x1C, 0xFF,
	0xFF, 0xFF, 0x9C, 0x00, 0x00, 0x00, 0x00, 0x00, 0x00, 0x00, 0x00, 0x0F,
	0x9A, 0xE8, 0xF2, 0x9D, 0x09, 0x00, 0x00, 0x00, 0xAE, 0xFF, 0xFF, 0xFF,
	0xFF, 0x89, 0x00, 0x00, 0x0A, 0xFD, 0xFF, 0xFF, 0xFF, 0xFF, 0xF1, 0x00,
	0x00, 0x0B, 0xFE, 0xFF, 0xFF, 0xFF, 0xFF, 0xFF, 0x16, 0x00, 0x00, 0xAD,
	0xFF, 0xFF, 0xFF, 0xFF, 0xFF, 0x18, 0x00, 0x00, 0x0D, 0x9C, 0xEF, 0xFF,
	0xFF, 0xF6, 0x03, 0x00, 0x00, 0x00, 0x00, 0x84, 0xFF, 0xFF, 0xBC, 0x00,
	0x00, 0x00, 0x00, 0x3A, 0xF4, 0xFF, 0xFF, 0x5D, 0x00, 0x0B, 0x48, 0x9B,
	0xFA, 0xFF, 0xFF, 0xCC, 0x03, 0x00, 0x81, 0xFF, 0xFF, 0xFF, 0xFF, 0xE3,
	0x20, 0x00, 0x00, 0x51, 0xFF, 0xFF, 0xFF, 0xC0, 0x1C, 0x00, 0x00, 0x00,
	0x20, 0xE2, 0xA7, 0x46, 0x00, 0x00, 0x00, 0x00, 0x00, 0x0C, 0xFF, 0xFF,
	0xFF, 0xFF, 0xFF, 0xFF, 0xFF, 0xFF, 0xFF, 0x8C, 0x0C, 0xFF, 0xFF, 0xFF,
	0xFF, 0xFF, 0xFF, 0xFF, 0xFF, 0xFF, 0x8C, 0x0C, 0xFF, 0xFF, 0xFF, 0xFF,
	0xFF, 0xFF, 0xFF, 0xFF, 0xFF, 0x8C, 0x0C, 0xFF, 0xFF, 0xFF, 0xFF, 0xFF,
	0xFF, 0xFF, 0xFF, 0xFF, 0x8C, 0x00, 0x25, 0xB4, 0xF1, 0xE1, 0x7A, 0x02,
	0x0C, 0xDF, 0xFF, 0xFF, 0xFF, 0xFF, 0x7B, 0x4D, 0xFF, 0xFF, 0xFF, 0xFF,
	0xFF, 0xD1, 0x4B, 0xFF, 0xFF, 0xFF, 0xFF, 0xFF, 0xCE, 0x0A, 0xDC, 0xFF,
	0xFF, 0xFF, 0xFF, 0x7A, 0x00, 0x24, 0xB4, 0xF1, 0xE2, 0x7E, 0x02, 0x00,
	0x00, 0x00, 0x00, 0x00, 0x00, 0x00, 0x00, 0x00, 0x00, 0xBA, 0xFF, 0xFF,
	0xFF, 0xB1, 0x00, 0x00, 0x00, 0x00, 0x00, 0x00, 0x00, 0x00, 0x00, 0x12,
	0xFB, 0xFF, 0xFF, 0xFF, 0x5E, 0x00, 0x00, 0x00, 0x00, 0x00, 0x00, 0x00,
	0x00, 0x00, 0x61, 0xFF, 0xFF, 0xFF, 0xFA, 0x11, 0x00, 0x00, 0x00, 0x00,
	0x00, 0x00, 0x00, 0x00, 0x00, 0xB5, 0xFF, 0xFF, 0xFF, 0xB8, 0x00, 0x00,
	0x00, 0x00, 0x00, 0x00, 0x00, 0x00, 0x00, 0x0F, 0xF9, 0xFF, 0xFF, 0xFF,
	0x65, 0x00, 0x00, 0x00, 0x00, 0x00, 0x00, 0x00, 0x00, 0x00, 0x5C, 0xFF,
	0xFF, 0xFF, 0xFC, 0x15, 0x00, 0x00, 0x00, 0x00, 0x00, 0x00, 0x00, 0x00,
	0x00, 0xB0, 0xFF, 0xFF, 0xFF, 0xBF, 0x00, 0x00, 0x00, 0x00, 0x00, 0x00,
	0x00, 0x00, 0x00, 0x0C, 0xF7, 0xFF, 0xFF, 0xFF, 0x6C, 0x00, 0x00, 0x00,
	0x00, 0x00, 0x00, 0x00, 0x00, 0x00, 0x57, 0xFF, 0xFF, 0xFF, 0xFE, 0x1B,
	0x00, 0x00, 0x00, 0x00, 0x00, 0x00, 0x00, 0x00, 0x00, 0xAB, 0xFF, 0xFF,
	0xFF, 0xC6, 0x00, 0x00, 0x00, 0x00, 0x00, 0x00, 0x00, 0x00, 0x00, 0x09,
	0xF4, 0xFF, 0xFF, 0xFF, 0x73, 0x00, 0x00, 0x00, 0x00, 0x00, 0x00, 0x00,
	0x00, 0x00, 0x52, 0xFF, 0xFF, 0xFF, 0xFF, 0x21, 0x00, 0x00, 0x00, 0x00,
	0x00, 0x00, 0x00, 0x00, 0x00, 0xA5, 0xFF, 0xFF, 0xFF, 0xCD, 0x00, 0x00,
	0x00, 0x00, 0x00, 0x00, 0x00, 0x00, 0x00, 0x07, 0xF1, 0xFF, 0xFF, 0xFF,
	0x7A, 0x00, 0x00, 0x00, 0x00, 0x00, 0x00, 0x00, 0x00, 0x00, 0x4D, 0xFF,
	0xFF, 0xFF, 0xFF, 0x27, 0x00, 0x00, 0x00, 0x00, 0x00, 0x00, 0x00, 0x00,
	0x00, 0xA0, 0xFF, 0xFF, 0xFF, 0xD3, 0x00, 0x00, 0x00, 0x00, 0x00, 0x00,
	0x00, 0x00, 0x00, 0x05, 0xEE, 0xFF, 0xFF, 0xFF, 0x80, 0x00, 0x00, 0x00,
	0x00, 0x00, 0x00, 0x00, 0x00, 0x00, 0x47, 0xFF, 0xFF, 0xFF, 0xFF, 0x2D,
	0x00, 0x00, 0x00, 0x00, 0x00, 0x00, 0x00, 0x00, 0x00, 0x9B, 0xFF, 0xFF,
	0xFF, 0xDA, 0x00, 0x00, 0x00, 0x00, 0x00, 0x00, 0x00, 0x00, 0x00, 0x03,
	0xEA, 0xFF, 0xFF, 0xFF, 0x87, 0x00, 0x00, 0x00, 0x00, 0x00, 0x00, 0x00,
	0x00, 0x00, 0x42, 0xFF, 0xFF, 0xFF, 0xFF, 0x34, 0x00, 0x00, 0x00, 0x00,
	0x00, 0x00, 0x00, 0x00, 0x00, 0x96, 0xFF, 0xFF, 0xFF, 0xE1, 0x00, 0x00,
	0x00, 0x00, 0x00, 0x00, 0x00, 0x00, 0x00, 0x02, 0xE7, 0xFF, 0xFF, 0xFF,
	0x8E, 0x00, 0x00, 0x00, 0x00, 0x00, 0x00, 0x00, 0x00, 0x00, 0x3D, 0xFF,
	0xFF, 0xFF, 0xFF, 0x3B, 0x00, 0x00, 0x00, 0x00, 0x00, 0x00, 0x00, 0x00,
	0x00, 0x91, 0xFF, 0xFF, 0xFF, 0xE6, 0x02, 0x00, 0x00, 0x00, 0x00, 0x00,
	0x00, 0x00, 0x00, 0x01, 0xE3, 0xFF, 0xFF, 0xFF, 0x95, 0x00, 0x00, 0x00,
	0x00, 0x00, 0x00, 0x00, 0x00, 0x00, 0x38, 0xFF, 0xFF, 0xFF, 0xFF, 0x42,
	0x00, 0x00, 0x00, 0x00, 0x00, 0x00, 0x00, 0x00, 0x00, 0x8B, 0xFF, 0xFF,
	0xFF, 0xEB, 0x03, 0x00, 0x00, 0x00, 0x00, 0x00, 0x00, 0x00, 0x00, 0x00,
	0xDE, 0xFF, 0xFF, 0xFF, 0x9C, 0x00, 0x00, 0x00, 0x00, 0x00, 0x00, 0x00,
	0x00, 0x00, 0x32, 0xFF, 0xFF, 0xFF, 0xFF, 0x49, 0x00, 0x00, 0x00, 0x00,
	0x00, 0x00, 0x00, 0x00, 0x00, 0x00, 0x00, 0x00, 0x00, 0x40, 0xA3, 0xDF,
	0xF7, 0xEC, 0xCA, 0x7B, 0x12, 0x00, 0x00, 0x00, 0x00, 0x00, 0x00, 0x03,
	0x9A, 0xFF, 0xFF, 0xFF, 0xFF, 0xFF, 0xFF, 0xFF, 0xE8, 0x40, 0x00, 0x00,
	0x00, 0x00, 0x00, 0x9A, 0xFF, 0xFF, 0xFF, 0xFF, 0xFF, 0xFF, 0xFF, 0xFF,
	0xFF, 0xF2, 0x2E, 0x00, 0x00, 0x00, 0x41, 0xFF, 0xFF, 0xFF, 0xFF, 0xFF,
	0xFF, 0xFF, 0xFF, 0xFF, 0xFF, 0xFF, 0xC5, 0x00, 0x00, 0x00, 0xC0, 0xFF,
	0xFF, 0xFF, 0xEC, 0x51, 0x0B, 0x21, 0xA2, 0xFF, 0xFF, 0xFF, 0xFF, 0x43,
	0x00, 0x17, 0xFD, 0xFF, 0xFF, 0xFF, 0x40, 0x00, 0x00, 0x00, 0x00, 0xBE,
	0xFF, 0xFF, 0xFF, 0x97, 0x00, 0x59, 0xFF, 0xFF, 0xFF, 0xC2, 0x00, 0x00,
	0x00, 0x00, 0x00, 0x42, 0xFF, 0xFF, 0xFF, 0xDA, 0x00, 0x84, 0xFF, 0xFF,
	0xFF, 0x76, 0x00, 0x00, 0x00, 0x00, 0x00, 0x03, 0xF2, 0xFF, 0xFF, 0xFC,
	0x07, 0xA8, 0xFF, 0xFF, 0xFF, 0x47, 0x00, 0x5F, 0xEC, 0xC0, 0x10, 0x00,
	0xC8, 0xFF, 0xFF, 0xFF, 0x28, 0xB7, 0xFF, 0xFF, 0xFF, 0x2B, 0x08, 0xF2,
	0xFF, 0xFF, 0x7F, 0x00, 0xAB, 0xFF, 0xFF, 0xFF, 0x36, 0xC2, 0xFF, 0xFF,
	0xFF, 0x20, 0x23, 0xFF, 0xFF, 0xFF, 0xAA, 0x00, 0xA0, 0xFF, 0xFF, 0xFF,
	0x42, 0xC2, 0xFF, 0xFF, 0xFF, 0x20, 0x09, 0xF3, 0xFF, 0xFF, 0x81, 0x00,
	0xA1, 0xFF, 0xFF, 0xFF, 0x41, 0xB7, 0xFF, 0xFF, 0xFF, 0x2B, 0x00, 0x61,
	0xED, 0xC2, 0x12, 0x00, 0xAC, 0xFF, 0xFF, 0xFF, 0x35, 0xA8, 0xFF, 0xFF,
	0xFF, 0x47, 0x00, 0x00, 0x00, 0x00, 0x00, 0x00, 0xC8, 0xFF, 0xFF, 0xFF,
	0x26, 0x84, 0xFF, 0xFF, 0xFF, 0x76, 0x00, 0x00, 0x00, 0x00, 0x00, 0x03,
	0xF2, 0xFF, 0xFF, 0xFC, 0x06, 0x5A, 0xFF, 0xFF, 0xFF, 0xC1, 0x00, 0x00,
	0x00, 0x00, 0x00, 0x42, 0xFF, 0xFF, 0xFF, 0xD9, 0x00, 0x19, 0xFE, 0xFF,
	0xFF, 0xFF, 0x3E, 0x00, 0x00, 0x00, 0x00, 0xBC, 0xFF, 0xFF, 0xFF, 0x95,
	0x00, 0x00, 0xC5, 0xFF, 0xFF, 0xFF, 0xEA, 0x50, 0x0A, 0x20, 0xA1, 0xFF,
	0xFF, 0xFF, 0xFF, 0x42, 0x00, 0x00, 0x4A, 0xFF, 0xFF, 0xFF, 0xFF, 0xFF,
	0xFF, 0xFF, 0xFF, 0xFF, 0xFF, 0xFF, 0xC5, 0x00, 0x00, 0x00, 0x00, 0xA6,
	0xFF, 0xFF, 0xFF, 0xFF, 0xFF, 0xFF, 0xFF, 0xFF, 0xFF, 0xF2, 0x2F, 0x00,
	0x00, 0x00, 0x00, 0x06, 0xA6, 0xFF, 0xFF, 0xFF, 0xFF, 0xFF, 0xFF, 0xFF,
	0xE8, 0x41, 0x00, 0x00, 0x00, 0x00, 0x00, 0x00, 0x00, 0x46, 0xA8, 0xE1,
	0xF8, 0xED, 0xCC, 0x7C, 0x12, 0x00, 0x00, 0x00, 0x00, 0x00, 0x00, 0x00,
	0x00, 0x00, 0x00, 0x09, 0xB3, 0xFF, 0xFF, 0xC4, 0x00, 0x00, 0x00, 0x00,
	0x00, 0x00, 0x00, 0x00, 0x00, 0x00, 0x23, 0xC8, 0xFF, 0xFF, 0xFF, 0xC4,
	0x00, 0x00, 0x00, 0x00, 0x00, 0x00, 0x00, 0x00, 0x04, 0x6E, 0xF4, 0xFF,
	0xFF, 0xFF, 0xFF, 0xC4, 0x00, 0x00, 0x00, 0x00, 0x00, 0x00, 0x02, 0x53,
	0xD8, 0xFF, 0xFF, 0xFF, 0xFF, 0xFF, 0xFF, 0xC4, 0x00, 0x00, 0x00, 0x00,
	0x00, 0x21, 0xDC, 0xFF, 0xFF, 0xFF, 0xFF, 0xFF, 0xFF, 0xFF, 0xFF, 0xC4,
	0x00, 0x00, 0x00, 0x00, 0x00, 0x04, 0xE6, 0xFF, 0xFF, 0xFF, 0xFF, 0xFF,
	0xFF, 0xFF, 0xFF, 0xC4, 0x00, 0x00, 0x00, 0x00, 0x00, 0x00, 0x87, 0xFF,
	0xFF, 0xF7, 0x8B, 0x97, 0xFF, 0xFF, 0xFF, 0xC4, 0x00, 0x00, 0x00, 0x00,
	0x00, 0x00, 0x24, 0xE0, 0x7E, 0x17, 0x00, 0x8C, 0xFF, 0xFF, 0xFF, 0xC4,
	0x00, 0x00, 0x00, 0x00, 0x00, 0x00, 0x00, 0x00, 0x00, 0x00, 0x00, 0x8C,
	0xFF, 0xFF, 0xFF, 0xC4, 0x00, 0x00, 0x00, 0x00, 0x00, 0x00, 0x00, 0x00,
	0x00, 0x00, 0x00, 0x8C, 0xFF, 0xFF, 0xFF, 0xC4, 0x00, 0x00, 0x00, 0x00,
	0x00, 0x00, 0x00, 0x00, 0x00, 0x00, 0x00, 0x8C, 0xFF, 0xFF, 0xFF, 0xC4,
	0x00, 0x00, 0x00, 0x00, 0x00, 0x00, 0x00, 0x00, 0x00, 0x00, 0x00, 0x8C,
	0xFF, 0xFF, 0xFF, 0xC4, 0x00, 0x00, 0x00, 0x00, 0x00, 0x00, 0x00, 0x00,
	0x00, 0x00, 0x00, 0x8C, 0xFF, 0xFF, 0xFF, 0xC4, 0x00, 0x00, 0x00, 0x00,
	0x00, 0x00, 0x00, 0x00, 0x00, 0x00, 0x00, 0x8C, 0xFF, 0xFF, 0xFF, 0xC4,
	0x00, 0x00, 0x00, 0x00, 0x00, 0x00, 0x00, 0x00, 0x00, 0x00, 0x00, 0x8C,
	0xFF, 0xFF, 0xFF, 0xC4, 0x00, 0x00, 0x00, 0x00, 0x00, 0x00, 0x00, 0x00,
	0x00, 0x00, 0x00, 0x8C, 0xFF, 0xFF, 0xFF, 0xC4, 0x00, 0x00, 0x00, 0x00,
	0x00, 0x00, 0x00, 0x00, 0x00, 0x00, 0x00, 0x8C, 0xFF, 0xFF, 0xFF, 0xC4,
	0x00, 0x00, 0x00, 0x00, 0x00, 0x00, 0x00, 0x00, 0x00, 0x00, 0x00, 0x8C,
	0xFF, 0xFF, 0xFF, 0xC4, 0x00, 0x00, 0x00, 0x00, 0x00, 0x00, 0x18, 0xFF,
	0xFF, 0xFF, 0xFF, 0xFF, 0xFF, 0xFF, 0xFF, 0xFF, 0xFF, 0xFF, 0xFF, 0xFF,
	0x10, 0x00, 0x18, 0xFF, 0xFF, 0xFF, 0xFF, 0xFF, 0xFF, 0xFF, 0xFF, 0xFF,
	0xFF, 0xFF, 0xFF, 0xFF, 0x10, 0x00, 0x18, 0xFF, 0xFF, 0xFF, 0xFF, 0xFF,
	0xFF, 0xFF, 0xFF, 0xFF, 0xFF, 0xFF, 0xFF, 0xFF, 0x10, 0x00, 0x18, 0xFF,
	0xFF, 0xFF, 0xFF, 0xFF, 0xFF, 0xFF, 0xFF, 0xFF, 0xFF, 0xFF, 0xFF, 0xFF,
	0x10, 0x00, 0x00, 0x00, 0x25, 0x7E, 0xC6, 0xE8, 0xFA, 0xE9, 0xB9, 0x65,
	0x09, 0x00, 0x00, 0x00, 0x00, 0x00, 0x10, 0x9A, 0xFC, 0xFF, 0xFF, 0xFF,
	0xFF, 0xFF, 0xFF, 0xFF, 0xDB, 0x2F, 0x00, 0x00, 0x00, 0x1D, 0xD4, 0xFF,
	0xFF, 0xFF, 0xFF, 0xFF, 0xFF, 0xFF, 0xFF, 0xFF, 0xFF, 0xED, 0x1D, 0x00,
	0x00, 0x2D, 0xF9, 0xFF, 0xFF, 0xFF, 0xFF, 0xFF, 0xFF, 0xFF, 0xFF, 0xFF,
	0xFF, 0xFF, 0xA5, 0x00, 0x00, 0x00, 0x78, 0xFF, 0xFF, 0xB0, 0x44, 0x0E,
	0x15, 0x6A, 0xF7, 0xFF, 0xFF, 0xFF, 0xF6, 0x07, 0x00, 0x00, 0x03, 0xC0,
	0x5B, 0x00, 0x00, 0x00, 0x00, 0x00, 0x7B, 0xFF, 0xFF, 0xFF, 0xFF, 0x23,
	0x00, 0x00, 0x00, 0x03, 0x00, 0x00, 0x00, 0x00, 0x00, 0x00, 0x3D, 0xFF,
	0xFF, 0xFF, 0xFF, 0x22, 0x00, 0x00, 0x00, 0x00, 0x00, 0x00, 0x00, 0x00,
	0x00, 0x00, 0x5B, 0xFF, 0xFF, 0xFF, 0xED, 0x04, 0x00, 0x00, 0x00, 0x00,
	0x00, 0x00, 0x00, 0x00, 0x00, 0x08, 0xD4, 0xFF, 0xFF, 0xFF, 0x8D, 0x00,
	0x00, 0x00, 0x00, 0x00, 0x00, 0x00, 0x00, 0x00, 0x02, 0xA6, 0xFF, 0xFF,
	0xFF, 0xE9, 0x13, 0x00, 0x00, 0x00, 0x00, 0x00, 0x00, 0x00, 0x00, 0x02,
	0x9D, 0xFF, 0xFF, 0xFF, 0xFB, 0x43, 0x00, 0x00, 0x00, 0x00, 0x00, 0x00,
	0x00, 0x00, 0x06, 0xAA, 0xFF, 0xFF, 0xFF, 0xFF, 0x64, 0x00, 0x00, 0x00,
	0x00, 0x00, 0x00, 0x00, 0x00, 0x06, 0xB5, 0xFF, 0xFF, 0xFF, 0xFE, 0x6B,
	0x00, 0x00, 0x00, 0x00, 0x00, 0x00, 0x00, 0x00, 0x03, 0xAC, 0xFF, 0xFF,
	0xFF, 0xFB, 0x5C, 0x00, 0x00, 0x00, 0x00, 0x00, 0x00, 0x00, 0x00, 0x00,
	0x9D, 0xFF, 0xFF, 0xFF, 0xF9, 0x4D, 0x00, 0x00, 0x00, 0x00, 0x00, 0x00,
	0x00, 0x00, 0x00, 0x60, 0xFF, 0xFF, 0xFF, 0xFC, 0x4D, 0x00, 0x00, 0x00,
	0x00, 0x00, 0x00, 0x00, 0x00, 0x00, 0x0F, 0xED, 0xFF, 0xFF, 0xFF, 0x7F,
	0x00, 0x00, 0x00, 0x00, 0x00, 0x00, 0x00, 0x00, 0x00, 0x00, 0x77, 0xFF,
	0xFF, 0xFF, 0xF2, 0x07, 0x00, 0x00, 0x00, 0x00, 0x00, 0x00, 0x00, 0x00,
	0x00, 0x00, 0xCA, 0xFF, 0xFF, 0xFF, 0xFF, 0xFF, 0xFF, 0xFF, 0xFF, 0xFF,
	0xFF, 0xFF, 0xFF, 0xFF, 0x2C, 0x00, 0xF5, 0xFF, 0xFF, 0xFF, 0xFF, 0xFF,
	0xFF, 0xFF, 0xFF, 0xFF, 0xFF, 0xFF, 0xFF, 0xFF, 0x2C, 0x0A, 0xFF, 0xFF,
	0xFF, 0xFF, 0xFF, 0xFF, 0xFF, 0xFF, 0xFF, 0xFF, 0xFF, 0xFF, 0xFF, 0xFF,
	0x2C, 0x07, 0xFF, 0xFF, 0xFF, 0xFF, 0xFF, 0xFF, 0xFF, 0xFF, 0xFF, 0xFF,
	0xFF, 0xFF, 0xFF, 0xFF, 0x2C, 0x00, 0x00, 0x06, 0x5C, 0xAE, 0xE0, 0xF7,
	0xF3, 0xDD, 0xA6, 0x4E, 0x02, 0x00, 0x00, 0x00, 0x00, 0x60, 0xE3, 0xFF,
	0xFF, 0xFF, 0xFF, 0xFF, 0xFF, 0xFF, 0xFF, 0xC3, 0x19, 0x00, 0x00, 0x0B,
	0xEE, 0xFF, 0xFF, 0xFF, 0xFF, 0xFF, 0xFF, 0xFF, 0xFF, 0xFF, 0xFF, 0xCE,
	0x05, 0x00, 0x00, 0x85, 0xFF, 0xFF, 0xFF, 0xFF, 0xFF, 0xFF, 0xFF, 0xFF,
	0xFF, 0xFF, 0xFF, 0x65, 0x00, 0x00, 0x17, 0xF7, 0xCA, 0x67, 0x26, 0x08,
	0x17, 0x75, 0xFE, 0xFF, 0xFF, 0xFF, 0xB9, 0x00, 0x00, 0x00, 0x2E, 0x00,
	0x00, 0x00, 0x00, 0x00, 0x00, 0xA4, 0xFF, 0xFF, 0xFF, 0xE1, 0x00, 0x00,
	0x00, 0x00, 0x00, 0x00, 0x00, 0x00, 0x00, 0x00, 0x79, 0xFF, 0xFF, 0xFF,
	0xE2, 0x00, 0x00, 0x00, 0x00, 0x00, 0x00, 0x00, 0x00, 0x00, 0x02, 0xBA,
	0xFF, 0xFF, 0xFF, 0xB1, 0x00, 0x00, 0x00, 0x00, 0x00, 0x00, 0x00, 0x0F,
	0x3F, 0xB4, 0xFF, 0xFF, 0xFF, 0xFF, 0x41, 0x00, 0x00, 0x00, 0x00, 0x00,
	0xC0, 0xFF, 0xFF, 0xFF, 0xFF, 0xFF, 0xFF, 0xFF, 0x80, 0x00, 0x00, 0x00,
	0x00, 0x00, 0x00, 0xC0, 0xFF, 0xFF, 0xFF, 0xFF, 0xFF, 0xFF, 0xA5, 0x01,
	0x00, 0x00, 0x00, 0x00, 0x00, 0x00, 0xC0, 0xFF, 0xFF, 0xFF, 0xFF, 0xFF,
	0xFF, 0xFF, 0xC9, 0x14, 0x00, 0x00, 0x00, 0x00, 0x00, 0xC0, 0xFF, 0xFF,
	0xFF, 0xFF, 0xFF, 0xFF, 0xFF, 0xFF, 0xCD, 0x03, 0x00, 0x00, 0x00, 0x00,
	0x00, 0x01, 0x11, 0x2A, 0x68, 0xCC, 0xFF, 0xFF, 0xFF, 0xFF, 0x5C, 0x00,
	0x00, 0x00, 0x00, 0x00, 0x00, 0x00, 0x00, 0x00, 0x06, 0xD5, 0xFF, 0xFF,
	0xFF, 0xA3, 0x00, 0x00, 0x00, 0x00, 0x00, 0x00, 0x00, 0x00, 0x00, 0x00,
	0xA4, 0xFF, 0xFF, 0xFF, 0xC0, 0x00, 0x05, 0x00, 0x00, 0x00, 0x00, 0x00,
	0x00, 0x00, 0x0B, 0xE1, 0xFF, 0xFF, 0xFF, 0xAF, 0x00, 0xD3, 0xAC, 0x5E,
	0x27, 0x0D, 0x03, 0x10, 0x41, 0xC0, 0xFF, 0xFF, 0xFF, 0xFF, 0x76, 0x13,
	0xFF, 0xFF, 0xFF, 0xFF, 0xFF, 0xFF, 0xFF, 0xFF, 0xFF, 0xFF, 0xFF, 0xFF,
	0xF5, 0x1A, 0x4B, 0xFF, 0xFF, 0xFF, 0xFF, 0xFF, 0xFF, 0xFF, 0xFF, 0xFF,
	0xFF, 0xFF, 0xFF, 0x65, 0x00, 0x6B, 0xFF, 0xFF, 0xFF, 0xFF, 0xFF, 0xFF,
	0xFF, 0xFF, 0xFF, 0xFF, 0xEE, 0x5A, 0x00, 0x00, 0x00, 0x21, 0x68, 0xA3,
	0xD3, 0xEE, 0xFC, 0xF1, 0xDC, 0xAC, 0x66, 0x0C, 0x00, 0x00, 0x00, 0x00,
	0x00, 0x00, 0x00, 0x00, 0x00, 0x00, 0x00, 0x00, 0x23, 0xE6, 0xFF, 0xFF,
	0xFF, 0x48, 0x00, 0x00, 0x00, 0x00, 0x00, 0x00, 0x00, 0x00, 0x00, 0x00,
	0x18, 0xDF, 0xFF, 0xFF, 0xFF, 0xFF, 0x48, 0x00, 0x00, 0x00, 0x00, 0x00,
	0x00, 0x00, 0x00, 0x00, 0x09, 0xC9, 0xFF, 0xFF, 0xFF, 0xFF, 0xFF, 0x48,
	0x00, 0x00, 0x00, 0x00, 0x00, 0x00, 0x00, 0x00, 0x00, 0xA0, 0xFF, 0xFF,
	0xFF, 0xFF, 0xFF, 0xFF, 0x48, 0x00, 0x00, 0x00, 0x00, 0x00, 0x00, 0x00,
	0x00, 0x5E, 0xFF, 0xFF, 0xFF, 0xFF, 0xFF, 0xFF, 0xFF, 0x48, 0x00, 0x00,
	0x00, 0x00, 0x00, 0x00, 0x00, 0x27, 0xF4, 0xFF, 0xFF, 0xE9, 0xFF, 0xFF,
	0xFF, 0xFF, 0x48, 0x00, 0x00, 0x00, 0x00, 0x00, 0x00, 0x07, 0xD0, 0xFF,
	0xFF, 0xFB, 0x44, 0xFF, 0xFF, 0xFF, 0xFF, 0x48, 0x00, 0x00, 0x00, 0x00,
	0x00, 0x00, 0x85, 0xFF, 0xFF, 0xFF, 0x77, 0x08, 0xFF, 0xFF, 0xFF, 0xFF,
	0x48, 0x00, 0x00, 0x00, 0x00, 0x00, 0x30, 0xFB, 0xFF, 0xFF, 0xC0, 0x02,
	0x08, 0xFF, 0xFF, 0xFF, 0xFF, 0x48, 0x00, 0x00, 0x00, 0x00, 0x04, 0xCE,
	0xFF, 0xFF, 0xF6, 0x22, 0x00, 0x08, 0xFF, 0xFF, 0xFF, 0xFF, 0x48, 0x00,
	0x00, 0x00, 0x00, 0x75, 0xFF, 0xFF, 0xFF, 0x77, 0x00, 0x00, 0x08, 0xFF,
	0xFF, 0xFF, 0xFF, 0x48, 0x00, 0x00, 0x00, 0x19, 0xF2, 0xFF, 0xFF, 0xDC,
	0x05, 0x00, 0x00, 0x08, 0xFF, 0xFF, 0xFF, 0xFF, 0x48, 0x00, 0x00, 0x00,
	0x9A, 0xFF, 0xFF, 0xFF, 0x58, 0x00, 0x00, 0x00, 0x08, 0xFF, 0xFF, 0xFF,
	0xFF, 0x48, 0x00, 0x00, 0x0A, 0xFB, 0xFF, 0xFF, 0xFF, 0xFF, 0xFF, 0xFF,
	0xFF, 0xFF, 0xFF, 0xFF, 0xFF, 0xFF, 0xFF, 0xFF, 0xA0, 0x10, 0xFF, 0xFF,
	0xFF, 0xFF, 0xFF, 0xFF, 0xFF, 0xFF, 0xFF, 0xFF, 0xFF, 0xFF, 0xFF, 0xFF,
	0xFF, 0xA0, 0x10, 0xFF, 0xFF, 0xFF, 0xFF, 0xFF, 0xFF, 0xFF, 0xFF, 0xFF,
	0xFF, 0xFF, 0xFF, 0xFF, 0xFF, 0xFF, 0xA0, 0x10, 0xFF, 0xFF, 0xFF, 0xFF,
	0xFF, 0xFF, 0xFF, 0xFF, 0xFF, 0xFF, 0xFF, 0xFF, 0xFF, 0xFF, 0xFF, 0xA0,
	0x00, 0x00, 0x00, 0x00, 0x00, 0x00, 0x00, 0x00, 0x00, 0x08, 0xFF, 0xFF,
	0xFF, 0xFF, 0x48, 0x00, 0x00, 0x00, 0x00, 0x00, 0x00, 0x00, 0x00, 0x00,
	0x00, 0x00, 0x08, 0xFF, 0xFF, 0xFF, 0xFF, 0x48, 0x00, 0x00, 0x00, 0x00,
	0x00, 0x00, 0x00, 0x00, 0x00, 0x00, 0x00, 0x08, 0xFF, 0xFF, 0xFF, 0xFF,
	0x48, 0x00, 0x00, 0x00, 0x00, 0x00, 0x00, 0x00, 0x00, 0x00, 0x00, 0x00,
	0x08, 0xFF, 0xFF, 0xFF, 0xFF, 0x48, 0x00, 0x00, 0x00, 0x00, 0x00, 0x00,
	0x00, 0x00, 0x00, 0x00, 0x00, 0x08, 0xFF, 0xFF, 0xFF, 0xFF, 0x48, 0x00,
	0x00, 0x00, 0x00, 0x40, 0xFF, 0xFF, 0xFF, 0xFF, 0xFF, 0xFF, 0xFF, 0xFF,
	0xFF, 0xFF, 0xD8, 0x00, 0x00, 0x00, 0x50, 0xFF, 0xFF, 0xFF, 0xFF, 0xFF,
	0xFF, 0xFF, 0xFF, 0xFF, 0xFF, 0xD8, 0x00, 0x00, 0x00, 0x60, 0xFF, 0xFF,
	0xFF, 0xFF, 0xFF, 0xFF, 0xFF, 0xFF, 0xFF, 0xFF, 0xD8, 0x00, 0x00, 0x00,
	0x6F, 0xFF, 0xFF, 0xFF, 0xFF, 0xFF, 0xFF, 0xFF, 0xFF, 0xFF, 0xFF, 0xD8,
	0x00, 0x00, 0x00, 0x7F, 0xFF, 0xFF, 0xFF, 0x54, 0x00, 0x00, 0x00, 0x00,
	0x00, 0x00, 0x00, 0x00, 0x00, 0x00, 0x90, 0xFF, 0xFF, 0xFF, 0x37, 0x00,
	0x00, 0x00, 0x00, 0x00, 0x00, 0x00, 0x00, 0x00, 0x00, 0xA9, 0xFF, 0xFF,
	0xFF, 0x18, 0x00, 0x00, 0x00, 0x00, 0x00, 0x00, 0x00, 0x00, 0x00, 0x00,
	0xC1, 0xFF, 0xFF, 0xFF, 0xF0, 0xD1, 0xA2, 0x60, 0x0D, 0x00, 0x00, 0x00,
	0x00, 0x00, 0x00, 0xDA, 0xFF, 0xFF, 0xFF, 0xFF, 0xFF, 0xFF, 0xFF, 0xF0,
	0x7B, 0x03, 0x00, 0x00, 0x00, 0x00, 0xF3, 0xFF, 0xFF, 0xFF, 0xFF, 0xFF,
	0xFF, 0xFF, 0xFF, 0xFF, 0xB6, 0x05, 0x00, 0x00, 0x0B, 0xFF, 0xFF, 0xFF,
	0xFF, 0xFF, 0xFF, 0xFF, 0xFF, 0xFF, 0xFF, 0xFF, 0x8A, 0x00, 0x00, 0x00,
	0x03, 0x09, 0x18, 0x32, 0x5E, 0x9C, 0xF2, 0xFF, 0xFF, 0xFF, 0xFF, 0xF8,
	0x17, 0x00, 0x00, 0x00, 0x00, 0x00, 0x00, 0x00, 0x00, 0x10, 0xB7, 0xFF,
	0xFF, 0xFF, 0xFF, 0x5F, 0x00, 0x00, 0x00, 0x00, 0x00, 0x00, 0x00, 0x00,
	0x00, 0x12, 0xF9, 0xFF, 0xFF, 0xFF, 0x8B, 0x00, 0x00, 0x00, 0x00, 0x00,
	0x00, 0x00, 0x00, 0x00, 0x00, 0xCE, 0xFF, 0xFF, 0xFF, 0x9D, 0x00, 0x00,
	0x00, 0x00, 0x00, 0x00, 0x00, 0x00, 0x00, 0x00, 0xD9, 0xFF, 0xFF, 0xFF,
	0x90, 0x00, 0x00, 0x00, 0x00, 0x00, 0x00, 0x00, 0x00, 0x00, 0x31, 0xFD,
	0xFF, 0xFF, 0xFF, 0x67, 0x0A, 0xD2, 0x7A, 0x3B, 0x14, 0x06, 0x06, 0x22,
	0x6F, 0xED, 0xFF, 0xFF, 0xFF, 0xFC, 0x1C, 0x41, 0xFF, 0xFF, 0xFF, 0xFF,
	0xFF, 0xFF, 0xFF, 0xFF, 0xFF, 0xFF, 0xFF, 0xFF, 0x9A, 0x00, 0x7C, 0xFF,
	0xFF, 0xFF, 0xFF, 0xFF, 0xFF, 0xFF, 0xFF, 0xFF, 0xFF, 0xFF, 0xCB, 0x0B,
	0x00, 0xAA, 0xFF, 0xFF, 0xFF, 0xFF, 0xFF, 0xFF, 0xFF, 0xFF, 0xFF, 0xFD,
	0x9D, 0x0B, 0x00, 0x00, 0x06, 0x4B, 0x8F, 0xC0, 0xE5, 0xF7, 0xF8, 0xE7,
	0xC3, 0x85, 0x26, 0x00, 0x00, 0x00, 0x00, 0x00, 0x00, 0x00, 0x00, 0x00,
	0x00, 0x00, 0x00, 0x35, 0x76, 0xB4, 0xD6, 0xE9, 0xAA, 0x00, 0x00, 0x00,
	0x00, 0x00, 0x00, 0x01, 0x58, 0xCD, 0xFF, 0xFF, 0xFF, 0xFF, 0xFF, 0xBF,
	0x00, 0x00, 0x00, 0x00, 0x00, 0x13, 0xB6, 0xFF, 0xFF, 0xFF, 0xFF, 0xFF,
	0xFF, 0xFF, 0xCF, 0x00, 0x00, 0x00, 0x00, 0x1C, 0xE1, 0xFF, 0xFF, 0xFF,
	0xFF, 0xFF, 0xFF, 0xFF, 0xFF, 0xDF, 0x00, 0x00, 0x00, 0x0A, 0xCD, 0xFF,
	0xFF, 0xFF, 0xFF, 0xFC, 0xB3, 0x68, 0x39, 0x21, 0x09, 0x00, 0x00, 0x00,
	0x8B, 0xFF, 0xFF, 0xFF, 0xFF, 0xBD, 0x25, 0x00, 0x00, 0x00, 0x00, 0x00,
	0x00, 0x00, 0x18, 0xF6, 0xFF, 0xFF, 0xFF, 0xAC, 0x04, 0x00, 0x00, 0x00,
	0x00, 0x00, 0x00, 0x00, 0x00, 0x83, 0xFF, 0xFF, 0xFF, 0xEF, 0x0E, 0x11,
	0x19, 0x05, 0x00, 0x00, 0x00, 0x00, 0x00, 0x00, 0xCB, 0xFF, 0xFF, 0xFF,
	0xE1, 0xDB, 0xFF, 0xFF, 0xFD, 0xC6, 0x67, 0x04, 0x00, 0x00, 0x11, 0xFD,
	0xFF, 0xFF, 0xFF, 0xFF, 0xFF, 0xFF, 0xFF, 0xFF, 0xFF, 0xFF, 0xC9, 0x16,
	0x00, 0x36, 0xFF, 0xFF, 0xFF, 0xFF, 0xFF, 0xFF, 0xFF, 0xFF, 0xFF, 0xFF,
	0xFF, 0xFF, 0xC2, 0x02, 0x4A, 0xFF, 0xFF, 0xFF, 0xFF, 0xFF, 0xF2, 0xE0,
	0xF4, 0xFF, 0xFF, 0xFF, 0xFF, 0xFF, 0x4E, 0x5D, 0xFF, 0xFF, 0xFF, 0xEB,
	0x26, 0x00, 0x00, 0x02, 0x51, 0xF7, 0xFF, 0xFF, 0xFF, 0xA3, 0x5B, 0xFF,
	0xFF, 0xFF, 0xDB, 0x00, 0x00, 0x00, 0x00, 0x00, 0x8D, 0xFF, 0xFF, 0xFF,
	0xD3, 0x4D, 0xFF, 0xFF, 0xFF, 0xED, 0x00, 0x00, 0x00, 0x00, 0x00, 0x56,
	0xFF, 0xFF, 0xFF, 0xE6, 0x2E, 0xFF, 0xFF, 0xFF, 0xFF, 0x1B, 0x00, 0x00,
	0x00, 0x00, 0x60, 0xFF, 0xFF, 0xFF, 0xDB, 0x04, 0xF8, 0xFF, 0xFF, 0xFF,
	0x7C, 0x00, 0x00, 0x00, 0x00, 0xB9, 0xFF, 0xFF, 0xFF, 0xB0, 0x00, 0xB2,
	0xFF, 0xFF, 0xFF, 0xFC, 0x69, 0x0D, 0x13, 0x92, 0xFF, 0xFF, 0xFF, 0xFF,
	0x65, 0x00, 0x48, 0xFF, 0xFF, 0xFF, 0xFF, 0xFF, 0xFF, 0xFF, 0xFF, 0xFF,
	0xFF, 0xFF, 0xE8, 0x0B, 0x00, 0x00, 0xA5, 0xFF, 0xFF, 0xFF, 0xFF, 0xFF,
	0xFF, 0xFF, 0xFF, 0xFF, 0xFD, 0x4E, 0x00, 0x00, 0x00, 0x06, 0xA4, 0xFF,
	0xFF, 0xFF, 0xFF, 0xFF, 0xFF, 0xFF, 0xF5, 0x5D, 0x00, 0x00, 0x00, 0x00,
	0x00, 0x00, 0x3F, 0xA0, 0xDD, 0xF5, 0xF4, 0xD8, 0x8E, 0x21, 0x00, 0x00,
	0x00, 0x48, 0xFF, 0xFF, 0xFF, 0xFF, 0xFF, 0xFF, 0xFF, 0xFF, 0xFF, 0xFF,
	0xFF, 0xFF, 0xFF, 0xDC, 0x48, 0xFF, 0xFF, 0xFF, 0xFF, 0xFF, 0xFF, 0xFF,
	0xFF, 0xFF, 0xFF, 0xFF, 0xFF, 0xFF, 0xDC, 0x48, 0xFF, 0xFF, 0xFF, 0xFF,
	0xFF, 0xFF, 0xFF, 0xFF, 0xFF, 0xFF, 0xFF, 0xFF, 0xFF, 0xDC, 0x48, 0xFF,
	0xFF, 0xFF, 0xFF, 0xFF, 0xFF, 0xFF, 0xFF, 0xFF, 0xFF, 0xFF, 0xFF, 0xFF,
	0xDC, 0x00, 0x00, 0x00, 0x00, 0x00, 0x00, 0x00, 0x00, 0x00, 0x79, 0xFF,
	0xFF, 0xFF, 0xFF, 0x78, 0x00, 0x00, 0x00, 0x00, 0x00, 0x00, 0x00, 0x00,
	0x15, 0xF1, 0xFF, 0xFF, 0xFF, 0xBC, 0x01, 0x00, 0x00, 0x00, 0x00, 0x00,
	0x00, 0x00, 0x00, 0x8E, 0xFF, 0xFF, 0xFF, 0xF6, 0x23, 0x00, 0x00, 0x00,
	0x00, 0x00, 0x00, 0x00, 0x00, 0x18, 0xF6, 0xFF, 0xFF, 0xFF, 0x84, 0x00,
	0x00, 0x00, 0x00, 0x00, 0x00, 0x00, 0x00, 0x00, 0x87, 0xFF, 0xFF, 0xFF,
	0xEC, 0x0F, 0x00, 0x00, 0x00, 0x00, 0x00, 0x00, 0x00, 0x00, 0x0B, 0xEE,
	0xFF, 0xFF, 0xFF, 0x7D, 0x00, 0x00, 0x00, 0x00, 0x00, 0x00, 0x00, 0x00,
	0x00, 0x66, 0xFF, 0xFF, 0xFF, 0xF6, 0x14, 0x00, 0x00, 0x00, 0x00, 0x00,
	0x00, 0x00, 0x00, 0x00, 0xCA, 0xFF, 0xFF, 0xFF, 0x9C, 0x00, 0x00, 0x00,
	0x00, 0x00, 0x00, 0x00, 0x00, 0x00, 0x2B, 0xFF, 0xFF, 0xFF, 0xFF, 0x3C,
	0x00, 0x00, 0x00, 0x00, 0x00, 0x00, 0x00, 0x00, 0x00, 0x83, 0xFF, 0xFF,
	0xFF, 0xDD, 0x00, 0x00, 0x00, 0x00, 0x00, 0x00, 0x00, 0x00, 0x00, 0x00,
	0xD8, 0xFF, 0xFF, 0xFF, 0x89, 0x00, 0x00, 0x00, 0x00, 0x00, 0x00, 0x00,
	0x00, 0x00, 0x25, 0xFF, 0xFF, 0xFF, 0xFF, 0x3B, 0x00, 0x00, 0x00, 0x00,
	0x00, 0x00, 0x00, 0x00, 0x00, 0x6C, 0xFF, 0xFF, 0xFF, 0xEC, 0x02, 0x00,
	0x00, 0x00, 0x00, 0x00, 0x00, 0x00, 0x00, 0x00, 0xAE, 0xFF, 0xFF, 0xFF,
	0xB4, 0x00, 0x00, 0x00, 0x00, 0x00, 0x00, 0x00, 0x00, 0x00, 0x00, 0xE4,
	0xFF, 0xFF, 0xFF, 0x7B, 0x00, 0x00, 0x00, 0x00, 0x00, 0x00, 0x00, 0x00,
	0x00, 0x17, 0xFF, 0xFF, 0xFF, 0xFF, 0x4A, 0x00, 0x00, 0x00, 0x00, 0x00,
	0x00, 0x00, 0x00, 0x00, 0x38, 0xFF, 0xFF, 0xFF, 0xFF, 0x2C, 0x00, 0x00,
	0x00, 0x00, 0x00, 0x00, 0x00, 0x00, 0x00, 0x53, 0xFF, 0xFF, 0xFF, 0xFF,
	0x0E, 0x00, 0x00, 0x00, 0x00, 0x00, 0x00, 0x00, 0x00, 0x00, 0x04, 0x60,
	0xB3, 0xE4, 0xF8, 0xF4, 0xDB, 0xA3, 0x43, 0x00, 0x00, 0x00, 0x00, 0x00,
	0x00, 0x23, 0xD3, 0xFF, 0xFF, 0xFF, 0xFF, 0xFF, 0xFF, 0xFF, 0xFF, 0xAD,
	0x09, 0x00, 0x00, 0x00, 0x12, 0xE2, 0xFF, 0xFF, 0xFF, 0xFF, 0xFF, 0xFF,
	0xFF, 0xFF, 0xFF, 0xFF, 0xAE, 0x00, 0x00, 0x00, 0x8C, 0xFF, 0xFF, 0xFF,
	0xFF, 0xFF, 0xFF, 0xFF, 0xFF, 0xFF, 0xFF, 0xFF, 0xFF, 0x3A, 0x00, 0x00,
	0xE6, 0xFF, 0xFF, 0xFF, 0xCE, 0x3F, 0x0A, 0x1A, 0x79, 0xFD, 0xFF, 0xFF,
	0xFF, 0x80, 0x00, 0x16, 0xFF, 0xFF, 0xFF, 0xFF, 0x1B, 0x00, 0x00, 0x00,
	0x00, 0x9F, 0xFF, 0xFF, 0xFF, 0x94, 0x00, 0x18, 0xFF, 0xFF, 0xFF, 0xF9,
	0x03, 0x00, 0x00, 0x00, 0x00, 0x80, 0xFF, 0xFF, 0xFF, 0x7A, 0x00, 0x02,
	0xEE, 0xFF, 0xFF, 0xFF, 0x5A, 0x00, 0x00, 0x00, 0x00, 0xC3, 0xFF, 0xFF,
	0xFF, 0x33, 0x00, 0x00, 0x90, 0xFF, 0xFF, 0xFF, 0xF8, 0x7D, 0x0D, 0x00,
	0x67, 0xFF, 0xFF, 0xFF, 0xBD, 0x00, 0x00, 0x00, 0x0C, 0xD3, 0xFF, 0xFF,
	0xFF, 0xFF, 0xF0, 0xB3, 0xFF, 0xFF, 0xFF, 0xE1, 0x1A, 0x00, 0x00, 0x00,
	0x00, 0x0E, 0xCB, 0xFF, 0xFF, 0xFF, 0xFF, 0xFF, 0xFF, 0xFF, 0xDD, 0x14,
	0x00, 0x00, 0x00, 0x00, 0x00, 0x71, 0xFC, 0xFF, 0xFF, 0xFF, 0xFF, 0xFF,
	0xFF, 0xFF, 0xFF, 0xB4, 0x12, 0x00, 0x00, 0x00, 0x5C, 0xFF, 0xFF, 0xFF,
	0xC6, 0x23, 0x6D, 0xD7, 0xFF, 0xFF, 0xFF, 0xFF, 0xD0, 0x0B, 0x00, 0x0D,
	0xF2, 0xFF, 0xFF, 0xEB, 0x16, 0x00, 0x00, 0x01, 0x57, 0xEA, 0xFF, 0xFF,
	0xFF, 0x85, 0x00, 0x64, 0xFF, 0xFF, 0xFF, 0x89, 0x00, 0x00, 0x00, 0x00,
	0x00, 0x31, 0xFF, 0xFF, 0xFF, 0xED, 0x02, 0x95, 0xFF, 0xFF, 0xFF, 0x68,
	0x00, 0x00, 0x00, 0x00, 0x00, 0x00, 0xE6, 0xFF, 0xFF, 0xFF, 0x1F, 0xA4,
	0xFF, 0xFF, 0xFF, 0xAD, 0x00, 0x00, 0x00, 0x00, 0x00, 0x26, 0xFE, 0xFF,
	0xFF, 0xFF, 0x29, 0x85, 0xFF, 0xFF, 0xFF, 0xFF, 0xA1, 0x30, 0x09, 0x18,
	0x5A, 0xE1, 0xFF, 0xFF, 0xFF, 0xF5, 0x07, 0x33, 0xFF, 0xFF, 0xFF, 0xFF,
	0xFF, 0xFF, 0xFF, 0xFF, 0xFF, 0xFF, 0xFF, 0xFF, 0xFF, 0x9F, 0x00, 0x00,
	0x9A, 0xFF, 0xFF, 0xFF, 0xFF, 0xFF, 0xFF, 0xFF, 0xFF, 0xFF, 0xFF, 0xFF,
	0xE4, 0x19, 0x00, 0x00, 0x03, 0x91, 0xFD, 0xFF, 0xFF, 0xFF, 0xFF, 0xFF,
	0xFF, 0xFF, 0xFF, 0xC8, 0x22, 0x00, 0x00, 0x00, 0x00, 0x00, 0x2A, 0x8B,
	0xC9, 0xED, 0xFB, 0xF1, 0xDA, 0xA1, 0x4B, 0x01, 0x00, 0x00, 0x00, 0x00,
	0x00, 0x00, 0x00, 0x4E, 0xB1, 0xE5, 0xF9, 0xE9, 0xC2, 0x73, 0x0B, 0x00,
	0x00, 0x00, 0x00, 0x00, 0x09, 0xAF, 0xFF, 0xFF, 0xFF, 0xFF, 0xFF, 0xFF,
	0xFF, 0xE3, 0x35, 0x00, 0x00, 0x00, 0x01, 0xB7, 0xFF, 0xFF, 0xFF, 0xFF,
	0xFF, 0xFF, 0xFF, 0xFF, 0xFF, 0xF0, 0x27, 0x00, 0x00, 0x67, 0xFF, 0xFF,
	0xFF, 0xFF, 0xFF, 0xFF, 0xFF, 0xFF, 0xFF, 0xFF, 0xFF, 0xC0, 0x00, 0x01,
	0xDD, 0xFF, 0xFF, 0xFF, 0xD5, 0x38, 0x06, 0x27, 0xBF, 0xFF, 0xFF, 0xFF,
	0xFF, 0x35, 0x2D, 0xFF, 0xFF, 0xFF, 0xFD, 0x28, 0x00, 0x00, 0x00, 0x0C,
	0xE1, 0xFF, 0xFF, 0xFF, 0x8C, 0x5A, 0xFF, 0xFF, 0xFF, 0xDD, 0x00, 0x00,
	0x00, 0x00, 0x00, 0x81, 0xFF, 0xFF, 0xFF, 0xC1, 0x66, 0xFF, 0xFF, 0xFF,
	0xD5, 0x00, 0x00, 0x00, 0x00, 0x00, 0x4D, 0xFF, 0xFF, 0xFF, 0xE6, 0x54,
	0xFF, 0xFF, 0xFF, 0xF9, 0x16, 0x00, 0x00, 0x00, 0x00, 0x37, 0xFF, 0xFF,
	0xFF, 0xF5, 0x24, 0xFF, 0xFF, 0xFF, 0xFF, 0xBB, 0x24, 0x00, 0x00, 0x0B,
	0x6E, 0xFF, 0xFF, 0xFF, 0xF8, 0x00, 0xCD, 0xFF, 0xFF, 0xFF, 0xFF, 0xFF,
	0xF2, 0xF0, 0xFF, 0xFF, 0xFF, 0xFF, 0xFF, 0xE4, 0x00, 0x40, 0xFD, 0xFF,
	0xFF, 0xFF, 0xFF, 0xFF, 0xFF, 0xFF, 0xFF, 0xFF, 0xFF, 0xFF, 0xD0, 0x00,
	0x00, 0x5D, 0xF8, 0xFF, 0xFF, 0xFF, 0xFF, 0xFF, 0xFF, 0xFF, 0xFF, 0xFF,
	0xFF, 0xA8, 0x00, 0x00, 0x00, 0x21, 0x95, 0xDE, 0xFE, 0xFF, 0xF5, 0xB9,
	0xFF, 0xFF, 0xFF, 0xFF, 0x64, 0x00, 0x00, 0x00, 0x00, 0x00, 0x00, 0x04,
	0x11, 0x01, 0x7C, 0xFF, 0xFF, 0xFF, 0xFE, 0x1E, 0x00, 0x00, 0x00, 0x00,
	0x00, 0x00, 0x00, 0x00, 0x40, 0xFA, 0xFF, 0xFF, 0xFF, 0xA9, 0x00, 0x00,
	0x00, 0x00, 0x00, 0x00, 0x00, 0x05, 0x72, 0xF8, 0xFF, 0xFF, 0xFF, 0xFD,
	0x2B, 0x00, 0x00, 0x00, 0x08, 0x1E, 0x4A, 0x8D, 0xE7, 0xFF, 0xFF, 0xFF,
	0xFF, 0xFF, 0x73, 0x00, 0x00, 0x00, 0x14, 0xFF, 0xFF, 0xFF, 0xFF, 0xFF,
	0xFF, 0xFF, 0xFF, 0xFF, 0x99, 0x00, 0x00, 0x00, 0x00, 0x0B, 0xFF, 0xFF,
	0xFF, 0xFF, 0xFF, 0xFF, 0xFF, 0xFA, 0x6E, 0x00, 0x00, 0x00, 0x00, 0x00,
	0x02, 0xFF, 0xFF, 0xFF, 0xFF, 0xFF, 0xFB, 0xA2, 0x29, 0x00, 0x00, 0x00,
	0x00, 0x00, 0x00, 0x00, 0xF0, 0xE4, 0xD0, 0xA1, 0x61, 0x1A, 0x00, 0x00,
	0x00, 0x00, 0x00, 0x00, 0x00, 0x00, 0x25, 0xB4, 0xF1, 0xE1, 0x7A, 0x02,
	0x0C, 0xDF, 0xFF, 0xFF, 0xFF, 0xFF, 0x7B, 0x4D, 0xFF, 0xFF, 0xFF, 0xFF,
	0xFF, 0xD1, 0x4B, 0xFF, 0xFF, 0xFF, 0xFF, 0xFF, 0xCE, 0x0A, 0xDC, 0xFF,
	0xFF, 0xFF, 0xFF, 0x7A, 0x00, 0x24, 0xB4, 0xF1, 0xE2, 0x7E, 0x02, 0x00,
	0x00, 0x00, 0x00, 0x00, 0x00, 0x00, 0x00, 0x00, 0x00, 0x00, 0x00, 0x00,
	0x00, 0x00, 0x00, 0x00, 0x00, 0x00, 0x00, 0x00, 0x00, 0x00, 0x00, 0x00,
	0x00, 0x00, 0x00, 0x00, 0x00, 0x00, 0x00, 0x00, 0x00, 0x00, 0x00, 0x25,
	0xB4, 0xF1, 0xE1, 0x7A, 0x02, 0x0C, 0xDF, 0xFF, 0xFF, 0xFF, 0xFF, 0x7B,
	0x4D, 0xFF, 0xFF, 0xFF, 0xFF, 0xFF, 0xD1, 0x4B, 0xFF, 0xFF, 0xFF, 0xFF,
	0xFF, 0xCE, 0x0A, 0xDC, 0xFF, 0xFF, 0xFF, 0xFF, 0x7A, 0x00, 0x24, 0xB4,
	0xF1, 0xE2, 0x7E, 0x02, 0x00, 0x00, 0x25, 0xB4, 0xF1, 0xE1, 0x7A, 0x02,
	0x00, 0x0C, 0xDF, 0xFF, 0xFF, 0xFF, 0xFF, 0x7B, 0x00, 0x4D, 0xFF, 0xFF,
	0xFF, 0xFF, 0xFF, 0xD1, 0x00, 0x4B, 0xFF, 0xFF, 0xFF, 0xFF, 0xFF, 0xCE,
	0x00, 0x0A, 0xDC, 0xFF, 0xFF, 0xFF, 0xFF, 0x7A, 0x00, 0x00, 0x24, 0xB4,
	0xF1, 0xE2, 0x7E, 0x02, 0x00, 0x00, 0x00, 0x00, 0x00, 0x00, 0x00, 0x00,
	0x00, 0x00, 0x00, 0x00, 0x00, 0x00, 0x00, 0x00, 0x00, 0x00, 0x00, 0x00,
	0x00, 0x00, 0x00, 0x00, 0x00, 0x00, 0x00, 0x00, 0x00, 0x00, 0x00, 0x00,
	0x00, 0x00, 0x00, 0x00, 0x00, 0x00, 0x00, 0x00, 0x00, 0x00, 0x2B, 0xBB,
	0xF2, 0xE4, 0x6D, 0x00, 0x00, 0x10, 0xE5, 0xFF, 0xFF, 0xFF, 0xFF, 0x41,
	0x00, 0x50, 0xFF, 0xFF, 0xFF, 0xFF, 0xFF, 0xA9, 0x00, 0x52, 0xFF, 0xFF,
	0xFF, 0xFF, 0xFF, 0xCE, 0x00, 0x0D, 0xE7, 0xFF, 0xFF, 0xFF, 0xFF, 0xD0,
	0x00, 0x00, 0x2A, 0xBD, 0xFA, 0xFF, 0xFF, 0xB1, 0x00, 0x00, 0x00, 0x00,
	0xCC, 0xFF, 0xFF, 0x74, 0x00, 0x00, 0x00, 0x77, 0xFF, 0xFF, 0xFA, 0x1A,
	0x18, 0x5D, 0xBA, 0xFF, 0xFF, 0xFF, 0x87, 0x00, 0xC9, 0xFF, 0xFF, 0xFF,
	0xFF, 0xB6, 0x05, 0x00, 0x99, 0xFF, 0xFF, 0xFE, 0x8F, 0x06, 0x00, 0x00,
	0x65, 0xD2, 0x91, 0x27, 0x00, 0x00, 0x00, 0x00, 0x00, 0x00, 0x00, 0x00,
	0x00, 0x00, 0x00, 0x00, 0x00, 0x00, 0x00, 0x03, 0x54, 0xC5, 0x29, 0x00,
	0x00, 0x00, 0x00, 0x00, 0x00, 0x00, 0x00, 0x00, 0x00, 0x0E, 0x71, 0xDF,
	0xFF, 0xFF, 0x76, 0x00, 0x00, 0x00, 0x00, 0x00, 0x00, 0x00, 0x00, 0x21,
	0x8F, 0xF2, 0xFF, 0xFF, 0xFF, 0xFF, 0xC2, 0x00, 0x00, 0x00, 0x00, 0x00,
	0x00, 0x3C, 0xAD, 0xFD, 0xFF, 0xFF, 0xFF, 0xFF, 0xFF, 0xFF, 0xFC, 0x12,
	0x00, 0x00, 0x04, 0x5A, 0xCB, 0xFF, 0xFF, 0xFF, 0xFF, 0xFF, 0xFF, 0xFF,
	0xFC, 0xAF, 0x46, 0x01, 0x10, 0x77, 0xE4, 0xFF, 0xFF, 0xFF, 0xFF, 0xFF,
	0xFF, 0xFF, 0xE5, 0x81, 0x1B, 0x00, 0x00, 0x00, 0x6C, 0xFF, 0xFF, 0xFF,
	0xFF, 0xFF, 0xFF, 0xFE, 0xBB, 0x52, 0x04, 0x00, 0x00, 0x00, 0x00, 0x00,
	0x6C, 0xFF, 0xFF, 0xFF, 0xFF, 0xED, 0x8D, 0x25, 0x00, 0x00, 0x00, 0x00,
	0x00, 0x00, 0x00, 0x00, 0x6C, 0xFF, 0xFF, 0xFF, 0xFF, 0xED, 0x8C, 0x25,
	0x00, 0x00, 0x00, 0x00, 0x00, 0x00, 0x00, 0x00, 0x6C, 0xFF, 0xFF, 0xFF,
	0xFF, 0xFF, 0xFF, 0xFE, 0xBA, 0x51, 0x04, 0x00, 0x00, 0x00, 0x00, 0x00,
	0x0D, 0x71, 0xDF, 0xFF, 0xFF, 0xFF, 0xFF, 0xFF, 0xFF, 0xFF, 0xE5, 0x80,
	0x1B, 0x00, 0x00, 0x00, 0x00, 0x00, 0x03, 0x55, 0xC6, 0xFF, 0xFF, 0xFF,
	0xFF, 0xFF, 0xFF, 0xFF, 0xFB, 0xAE, 0x45, 0x01, 0x00, 0x00, 0x00, 0x00,
	0x00, 0x38, 0xAA, 0xFC, 0xFF, 0xFF, 0xFF, 0xFF, 0xFF, 0xFF, 0xFC, 0x12,
	0x00, 0x00, 0x00, 0x00, 0x00, 0x00, 0x00, 0x1F, 0x8D, 0xF1, 0xFF, 0xFF,
	0xFF, 0xFF, 0xC2, 0x00, 0x00, 0x00, 0x00, 0x00, 0x00, 0x00, 0x00, 0x00,
	0x00, 0x0D, 0x71, 0xDF, 0xFF, 0xFF, 0x76, 0x00, 0x00, 0x00, 0x00, 0x00,
	0x00, 0x00, 0x00, 0x00, 0x00, 0x00, 0x00, 0x03, 0x54, 0xC6, 0x29, 0x00,
	0x98, 0xFF, 0xFF, 0xFF, 0xFF, 0xFF, 0xFF, 0xFF, 0xFF, 0xFF, 0xFF, 0xFF,
	0xFF, 0xFF, 0xFF, 0x18, 0x98, 0xFF, 0xFF, 0xFF, 0xFF, 0xFF, 0xFF, 0xFF,
	0xFF, 0xFF, 0xFF, 0xFF, 0xFF, 0xFF, 0xFF, 0x18, 0x98, 0xFF, 0xFF, 0xFF,
	0xFF, 0xFF, 0xFF, 0xFF, 0xFF, 0xFF, 0xFF, 0xFF, 0xFF, 0xFF, 0xFF, 0x18,
	0x98, 0xFF, 0xFF, 0xFF, 0xFF, 0xFF, 0xFF, 0xFF, 0xFF, 0xFF, 0xFF, 0xFF,
	0xFF, 0xFF, 0xFF, 0x18, 0x00, 0x00, 0x00, 0x00, 0x00, 0x00, 0x00, 0x00,
	0x00, 0x00, 0x00, 0x00, 0x00, 0x00, 0x00, 0x00, 0x00, 0x00, 0x00, 0x00,
	0x00, 0x00, 0x00, 0x00, 0x00, 0x00, 0x00, 0x00, 0x00, 0x00, 0x00, 0x00,
	0x00, 0x00, 0x00, 0x00, 0x00, 0x00, 0x00, 0x00, 0x00, 0x00, 0x00, 0x00,
	0x00, 0x00, 0x00, 0x00, 0x98, 0xFF, 0xFF, 0xFF, 0xFF, 0xFF, 0xFF, 0xFF,
	0xFF, 0xFF, 0xFF, 0xFF, 0xFF, 0xFF, 0xFF, 0x18, 0x98, 0xFF, 0xFF, 0xFF,
	0xFF, 0xFF, 0xFF, 0xFF, 0xFF, 0xFF, 0xFF, 0xFF, 0xFF, 0xFF, 0xFF, 0x18,
	0x98, 0xFF, 0xFF, 0xFF, 0xFF, 0xFF, 0xFF, 0xFF, 0xFF, 0xFF, 0xFF, 0xFF,
	0xFF, 0xFF, 0xFF, 0x18, 0x98, 0xFF, 0xFF, 0xFF, 0xFF, 0xFF, 0xFF, 0xFF,
	0xFF, 0xFF, 0xFF, 0xFF, 0xFF, 0xFF, 0xFF, 0x18, 0x00, 0x7F, 0x9C, 0x2C,
	0x00, 0x00, 0x00, 0x00, 0x00, 0x00, 0x00, 0x00, 0x00, 0x00, 0x00, 0x00,
	0x00, 0xD6, 0xFF, 0xFF, 0xBA, 0x49, 0x01, 0x00, 0x00, 0x00, 0x00, 0x00,
	0x00, 0x00, 0x00, 0x00, 0x23, 0xFF, 0xFF, 0xFF, 0xFF, 0xFF, 0xD6, 0x66,
	0x09, 0x00, 0x00, 0x00, 0x00, 0x00, 0x00, 0x00, 0x72, 0xFF, 0xFF, 0xFF,
	0xFF, 0xFF, 0xFF, 0xFF, 0xEC, 0x84, 0x19, 0x00, 0x00, 0x00, 0x00, 0x00,
	0x10, 0x6F, 0xD6, 0xFF, 0xFF, 0xFF, 0xFF, 0xFF, 0xFF, 0xFF, 0xFA, 0xA2,
	0x31, 0x00, 0x00, 0x00, 0x00, 0x00, 0x00, 0x40, 0xA8, 0xFA, 0xFF, 0xFF,
	0xFF, 0xFF, 0xFF, 0xFF, 0xFF, 0xC0, 0x4F, 0x01, 0x00, 0x00, 0x00, 0x00,
	0x00, 0x17, 0x7A, 0xDF, 0xFF, 0xFF, 0xFF, 0xFF, 0xFF, 0xFF, 0xFF, 0x10,
	0x00, 0x00, 0x00, 0x00, 0x00, 0x00, 0x00, 0x02, 0x4B, 0xB3, 0xFD, 0xFF,
	0xFF, 0xFF, 0xFF, 0x10, 0x00, 0x00, 0x00, 0x00, 0x00, 0x00, 0x00, 0x02,
	0x4A, 0xB2, 0xFD, 0xFF, 0xFF, 0xFF, 0xFF, 0x10, 0x00, 0x00, 0x00, 0x00,
	0x00, 0x16, 0x79, 0xDF, 0xFF, 0xFF, 0xFF, 0xFF, 0xFF, 0xFF, 0xFF, 0x10,
	0x00, 0x00, 0x00, 0x3F, 0xA7, 0xF9, 0xFF, 0xFF, 0xFF, 0xFF, 0xFF, 0xFF,
	0xFF, 0xBA, 0x48, 0x00, 0x10, 0x6E, 0xD6, 0xFF, 0xFF, 0xFF, 0xFF, 0xFF,
	0xFF, 0xFF, 0xF8, 0x9D, 0x2C, 0x00, 0x00, 0x00, 0x72, 0xFF, 0xFF, 0xFF,
	0xFF, 0xFF, 0xFF, 0xFF, 0xEA, 0x81, 0x16, 0x00, 0x00, 0x00, 0x00, 0x00,
	0x23, 0xFF, 0xFF, 0xFF, 0xFF, 0xFF, 0xD4, 0x64, 0x08, 0x00, 0x00, 0x00,
	0x00, 0x00, 0x00, 0x00, 0x00, 0xD6, 0xFF, 0xFF, 0xB9, 0x48, 0x00, 0x00,
	0x00, 0x00, 0x00, 0x00, 0x00, 0x00, 0x00, 0x00, 0x00, 0x7F, 0x9D, 0x2B,
	0x00, 0x00, 0x00, 0x00, 0x00, 0x00, 0x00, 0x00, 0x00, 0x00, 0x00, 0x00,
	0x00, 0x02, 0x44, 0x96, 0xCC, 0xED, 0xFB, 0xED, 0xD0, 0x8D, 0x23, 0x00,
	0x00, 0x00, 0x3C, 0xD8, 0xFF, 0xFF, 0xFF, 0xFF, 0xFF, 0xFF, 0xFF, 0xFF,
	0xFB, 0x6F, 0x00, 0x00, 0x53, 0xFF, 0xFF, 0xFF, 0xFF, 0xFF, 0xFF, 0xFF,
	0xFF, 0xFF, 0xFF, 0xFF, 0x54, 0x00, 0x09, 0xF3, 0xFF, 0xFF, 0xFF, 0xFF,
	0xFF, 0xFF, 0xFF, 0xFF, 0xFF, 0xFF, 0xD4, 0x00, 0x00, 0xA6, 0xDB, 0x7B,
	0x31, 0x0B, 0x0E, 0x54, 0xF0, 0xFF, 0xFF, 0xFF, 0xFF, 0x17, 0x00, 0x15,
	0x02, 0x00, 0x00, 0x00, 0x00, 0x00, 0x78, 0xFF, 0xFF, 0xFF, 0xFF, 0x29,
	0x00, 0x00, 0x00, 0x00, 0x00, 0x00, 0x00, 0x00, 0x7B, 0xFF, 0xFF, 0xFF,
	0xF8, 0x0B, 0x00, 0x00, 0x00, 0x00, 0x00, 0x00, 0x00, 0x25, 0xED, 0xFF,
	0xFF, 0xFF, 0x94, 0x00, 0x00, 0x00, 0x00, 0x00, 0x00, 0x00, 0x37, 0xEB,
	0xFF, 0xFF, 0xFF, 0xDE, 0x0D, 0x00, 0x00, 0x00, 0x00, 0x00, 0x00, 0x47,
	0xF5, 0xFF, 0xFF, 0xFF, 0xE6, 0x24, 0x00, 0x00, 0x00, 0x00, 0x00, 0x00,
	0x27, 0xF4, 0xFF, 0xFF, 0xFF, 0xE3, 0x27, 0x00, 0x00, 0x00, 0x00, 0x00,
	0x00, 0x00, 0xB6, 0xFF, 0xFF, 0xFF, 0xE9, 0x21, 0x00, 0x00, 0x00, 0x00,
	0x00, 0x00, 0x00, 0x12, 0xFE, 0xFF, 0xFF, 0xFF, 0x40, 0x00, 0x00, 0x00,
	0x00, 0x00, 0x00, 0x00, 0x00, 0x31, 0xFF, 0xFF, 0xFF, 0xD1, 0x00, 0x00,
	0x00, 0x00, 0x00, 0x00, 0x00, 0x00, 0x00, 0x00, 0x00, 0x00, 0x00, 0x00,
	0x00, 0x00, 0x00, 0x00, 0x00, 0x00, 0x00, 0x00, 0x00, 0x00, 0x00, 0x00,
	0x00, 0x00, 0x00, 0x00, 0x00, 0x00, 0x00, 0x00, 0x00, 0x00, 0x00, 0x00,
	0x00, 0x00, 0x00, 0x00, 0x00, 0x00, 0x00, 0x00, 0x00, 0x00, 0x00, 0x00,
	0x00, 0x0B, 0x97, 0xE9, 0xED, 0xA1, 0x12, 0x00, 0x00, 0x00, 0x00, 0x00,
	0x00, 0x00, 0x00, 0x9C, 0xFF, 0xFF, 0xFF, 0xFF, 0xA9, 0x00, 0x00, 0x00,
	0x00, 0x00, 0x00, 0x00, 0x00, 0xD5, 0xFF, 0xFF, 0xFF, 0xFF, 0xE5, 0x00,
	0x00, 0x00, 0x00, 0x00, 0x00, 0x00, 0x00, 0x9A, 0xFF, 0xFF, 0xFF, 0xFF,
	0xAC, 0x00, 0x00, 0x00, 0x00, 0x00, 0x00, 0x00, 0x00, 0x0B, 0x9A, 0xEC,
	0xEE, 0xA2, 0x12, 0x00, 0x00, 0x00, 0x00, 0x00, 0x00, 0x00, 0x00, 0x00,
	0x00, 0x0E, 0x72, 0xC1, 0xE8, 0xFA, 0xE8, 0xB6, 0x5F, 0x05, 0x00, 0x00,
	0x00, 0x00, 0x00, 0x00, 0x00, 0x49, 0xE6, 0xFF, 0xFF, 0xFF, 0xFF, 0xFF,
	0xFF, 0xFF, 0xCC, 0x1C, 0x00, 0x00, 0x00, 0x00, 0x00, 0x4A, 0xF9, 0xFF,
	0xFF, 0xFF, 0xFF, 0xFF, 0xFF, 0xFF, 0xFF, 0xFF, 0xD0, 0x09, 0x00, 0x00,
	0x00, 0x17, 0xF1, 0xFF, 0xFF, 0xEA, 0x69, 0x1C, 0x06, 0x2B, 0xB4, 0xFF,
	0xFF, 0xFF, 0x73, 0x00, 0x00, 0x00, 0x9F, 0xFF, 0xFF, 0xE8, 0x1C, 0x00,
	0x00, 0x00, 0x00, 0x05, 0xDB, 0xFF, 0xFF, 0xDE, 0x00, 0x00, 0x14, 0xFA,
	0xFF, 0xFF, 0x52, 0x00, 0x00, 0x00, 0x00, 0x00, 0x00, 0x76, 0xFF, 0xFF,
	0xFF, 0x20, 0x00, 0x6C, 0xFF, 0xFF, 0xD9, 0x01, 0x00, 0x00, 0x00, 0x00,
	0x00, 0x00, 0x51, 0xFF, 0xFF, 0xFF, 0x46, 0x00, 0xBC, 0xFF, 0xFF, 0x89,
	0x00, 0x00, 0x00, 0x5B, 0xC6, 0xF1, 0xF9, 0xEB, 0xFF, 0xFF, 0xFF, 0x58,
	0x01, 0xF3, 0xFF, 0xFF, 0x45, 0x00, 0x00, 0x90, 0xFF, 0xFF, 0xFF, 0xFF,
	0xFF, 0xFF, 0xFF, 0xFF, 0x60, 0x1E, 0xFF, 0xFF, 0xFF, 0x16, 0x00, 0x47,
	0xFF, 0xFF, 0xFF, 0xFF, 0xFF, 0xFF, 0xFF, 0xFF, 0xFF, 0x60, 0x3C, 0xFF,
	0xFF, 0xF6, 0x00, 0x00, 0xB3, 0xFF, 0xFF, 0xFF, 0xFF, 0xFC, 0xCE, 0xFF,
	0xFF, 0xFF, 0x60, 0x50, 0xFF, 0xFF, 0xE2, 0x00, 0x01, 0xF4, 0xFF, 0xFF,
	0xFD, 0x6A, 0x0E, 0x4C, 0xFF, 0xFF, 0xFF, 0x60, 0x5A, 0xFF, 0xFF, 0xD5,
	0x00, 0x1B, 0xFF, 0xFF, 0xFF, 0xB4, 0x00, 0x00, 0x4C, 0xFF, 0xFF, 0xFF,
	0x60, 0x5E, 0xFF, 0xFF, 0xD1, 0x00, 0x2A, 0xFF, 0xFF, 0xFF, 0x83, 0x00,
	0x00, 0x4C, 0xFF, 0xFF, 0xFF, 0x60, 0x59, 0xFF, 0xFF, 0xD7, 0x00, 0x26,
	0xFF, 0xFF, 0xFF, 0x87, 0x00, 0x00, 0x4C, 0xFF, 0xFF, 0xFF, 0x60, 0x4F,
	0xFF, 0xFF, 0xE0, 0x00, 0x13, 0xFF, 0xFF, 0xFF, 0xBD, 0x00, 0x00, 0x4C,
	0xFF, 0xFF, 0xFF, 0x60, 0x39, 0xFF, 0xFF, 0xF3, 0x00, 0x00, 0xE2, 0xFF,
	0xFF, 0xFE, 0x5E, 0x00, 0x4C, 0xFF, 0xFF, 0xFF, 0x60, 0x19, 0xFF, 0xFF,
	0xFF, 0x15, 0x00, 0x93, 0xFF, 0xFF, 0xFF, 0xFF, 0xED, 0xF8, 0xFF, 0xFF,
	0xFF, 0x60, 0x00, 0xEC, 0xFF, 0xFF, 0x45, 0x00, 0x1F, 0xF2, 0xFF, 0xFF,
	0xFF, 0xFF, 0xFF, 0xFF, 0xFF, 0xFF, 0x60, 0x00, 0xAD, 0xFF, 0xFF, 0x8F,
	0x00, 0x00, 0x48, 0xF2, 0xFF, 0xFF, 0xFF, 0xFF, 0xFF, 0xFF, 0xFF, 0x60,
	0x00, 0x5B, 0xFF, 0xFF, 0xED, 0x0E, 0x00, 0x00, 0x1E, 0x8F, 0xD6, 0xF6,
	0xF9, 0xDF, 0xAF, 0x66, 0x0C, 0x00, 0x09, 0xEA, 0xFF, 0xFF, 0x96, 0x00,
	0x00, 0x00, 0x00, 0x00, 0x00, 0x00, 0x00, 0x00, 0x00, 0x00, 0x00, 0x00,
	0x6F, 0xFF, 0xFF, 0xFF, 0x89, 0x06, 0x00, 0x00, 0x00, 0x00, 0x00, 0x00,
	0x00, 0x00, 0x00, 0x00, 0x00, 0x03, 0xC3, 0xFF, 0xFF, 0xFF, 0xD8, 0x76,
	0x31, 0x15, 0x02, 0x00, 0x00, 0x00, 0x00, 0x00, 0x00, 0x00, 0x00, 0x13,
	0xC3, 0xFF, 0xFF, 0xFF, 0xFF, 0xFF, 0xFF, 0xFF, 0xFF, 0xFF, 0xFF, 0x66,
	0x00, 0x00, 0x00, 0x00, 0x00, 0x06, 0x8D, 0xF6, 0xFF, 0xFF, 0xFF, 0xFF,
	0xFF, 0xFF, 0xFF, 0xFF, 0x8D, 0x00, 0x00, 0x00, 0x00, 0x00, 0x00, 0x00,
	0x15, 0x70, 0xAB, 0xDA, 0xEE, 0xFC, 0xF8, 0xE6, 0xCA, 0x70, 0x00, 0x00,
	0x00, 0x00, 0x00, 0x00, 0x00, 0xAF, 0xFF, 0xFF, 0xFF, 0xFF, 0x52, 0x00,
	0x00, 0x00, 0x00, 0x00, 0x00, 0x00, 0x00, 0x00, 0x00, 0x00, 0x08, 0xF4,
	0xFF, 0xFF, 0xFF, 0xFF, 0xA1, 0x00, 0x00, 0x00, 0x00, 0x00, 0x00, 0x00,
	0x00, 0x00, 0x00, 0x00, 0x4A, 0xFF, 0xFF, 0xFF, 0xFF, 0xFF, 0xEC, 0x03,
	0x00, 0x00, 0x00, 0x00, 0x00, 0x00, 0x00, 0x00, 0x00, 0x00, 0x98, 0xFF,
	0xFF, 0xFF, 0xFF, 0xFF, 0xFF, 0x3E, 0x00, 0x00, 0x00, 0x00, 0x00, 0x00,
	0x00, 0x00, 0x00, 0x00, 0xE4, 0xFF, 0xFF, 0xDA, 0xFF, 0xFF, 0xFF, 0x8D,
	0x00, 0x00, 0x00, 0x00, 0x00, 0x00, 0x00, 0x00, 0x00, 0x32, 0xFF, 0xFF,
	0xFF, 0x60, 0xED, 0xFF, 0xFF, 0xD9, 0x00, 0x00, 0x00, 0x00, 0x00, 0x00,
	0x00, 0x00, 0x00, 0x7E, 0xFF, 0xFF, 0xFE, 0x16, 0xA9, 0xFF, 0xFF, 0xFF,
	0x23, 0x00, 0x00, 0x00, 0x00, 0x00, 0x00, 0x00, 0x00, 0xCA, 0xFF, 0xFF,
	0xD0, 0x00, 0x65, 0xFF, 0xFF, 0xFF, 0x6D, 0x00, 0x00, 0x00, 0x00, 0x00,
	0x00, 0x00, 0x18, 0xFE, 0xFF, 0xFF, 0x8C, 0x00, 0x21, 0xFF, 0xFF, 0xFF,
	0xB6, 0x00, 0x00, 0x00, 0x00, 0x00, 0x00, 0x00, 0x63, 0xFF, 0xFF, 0xFF,
	0x50, 0x00, 0x00, 0xE6, 0xFF, 0xFF, 0xF6, 0x09, 0x00, 0x00, 0x00, 0x00,
	0x00, 0x00, 0xAD, 0xFF, 0xFF, 0xFF, 0x16, 0x00, 0x00, 0xAD, 0xFF, 0xFF,
	0xFF, 0x48, 0x00, 0x00, 0x00, 0x00, 0x00, 0x05, 0xF1, 0xFF, 0xFF, 0xE0,
	0x00, 0x00, 0x00, 0x7A, 0xFF, 0xFF, 0xFF, 0x8D, 0x00, 0x00, 0x00, 0x00,
	0x00, 0x40, 0xFF, 0xFF, 0xFF, 0xAD, 0x00, 0x00, 0x00, 0x49, 0xFF, 0xFF,
	0xFF, 0xD1, 0x00, 0x00, 0x00, 0x00, 0x00, 0x87, 0xFF, 0xFF, 0xFF, 0xFF,
	0xFF, 0xFF, 0xFF, 0xFF, 0xFF, 0xFF, 0xFF, 0xFE, 0x16, 0x00, 0x00, 0x00,
	0x00, 0xCC, 0xFF, 0xFF, 0xFF, 0xFF, 0xFF, 0xFF, 0xFF, 0xFF, 0xFF, 0xFF,
	0xFF, 0xFF, 0x5A, 0x00, 0x00, 0x00, 0x13, 0xFD, 0xFF, 0xFF, 0xFF, 0xFF,
	0xFF, 0xFF, 0xFF, 0xFF, 0xFF, 0xFF, 0xFF, 0xFF, 0x9E, 0x00, 0x00, 0x00,
	0x54, 0xFF, 0xFF, 0xFF, 0xFF, 0xFF, 0xFF, 0xFF, 0xFF, 0xFF, 0xFF, 0xFF,
	0xFF, 0xFF, 0xDE, 0x00, 0x00, 0x00, 0x95, 0xFF, 0xFF, 0xFF, 0xAE, 0x00,
	0x00, 0x00, 0x00, 0x00, 0x5B, 0xFF, 0xFF, 0xFF, 0xFF, 0x1B, 0x00, 0x00,
	0xD6, 0xFF, 0xFF, 0xFF, 0x7C, 0x00, 0x00, 0x00, 0x00, 0x00, 0x27, 0xFF,
	0xFF, 0xFF, 0xFF, 0x59, 0x00, 0x16, 0xFF, 0xFF, 0xFF, 0xFF, 0x49, 0x00,
	0x00, 0x00, 0x00, 0x00, 0x01, 0xF1, 0xFF, 0xFF, 0xFF, 0x96, 0x00, 0x54,
	0xFF, 0xFF, 0xFF, 0xFF, 0x17, 0x00, 0x00, 0x00, 0x00, 0x00, 0x00, 0xBF,
	0xFF, 0xFF, 0xFF, 0xD3, 0x00, 0x91, 0xFF, 0xFF, 0xFF, 0xE5, 0x00, 0x00,
	0x00, 0x00, 0x00, 0x00, 0x00, 0x8A, 0xFF, 0xFF, 0xFF, 0xFE, 0x12, 0x0D,
	0x90, 0xB2, 0xD3, 0xE4, 0xF2, 0xFC, 0xF0, 0xE0, 0xB3, 0x73, 0x13, 0x00,
	0x00, 0x00, 0x00, 0x1C, 0xFF, 0xFF, 0xFF, 0xFF, 0xFF, 0xFF, 0xFF, 0xFF,
	0xFF, 0xFF, 0xF6, 0x6B, 0x00, 0x00, 0x00, 0x1C, 0xFF, 0xFF, 0xFF, 0xFF,
	0xFF, 0xFF, 0xFF, 0xFF, 0xFF, 0xFF, 0xFF, 0xFF, 0x6A, 0x00, 0x00, 0x1C,
	0xFF, 0xFF, 0xFF, 0xFF, 0xFF, 0xFF, 0xFF, 0xFF, 0xFF, 0xFF, 0xFF, 0xFF,
	0xEF, 0x0A, 0x00, 0x1C, 0xFF, 0xFF, 0xFF, 0xFF, 0x43, 0x05, 0x07, 0x2C,
	0xAC, 0xFF, 0xFF, 0xFF, 0xFF, 0x43, 0x00, 0x1C, 0xFF, 0xFF, 0xFF, 0xFF,
	0x30, 0x00, 0x00, 0x00, 0x05, 0xEC, 0xFF, 0xFF, 0xFF, 0x60, 0x00, 0x1C,
	0xFF, 0xFF, 0xFF, 0xFF, 0x30, 0x00, 0x00, 0x00, 0x00, 0xD7, 0xFF, 0xFF,
	0xFF, 0x50, 0x00, 0x1C, 0xFF, 0xFF, 0xFF, 0xFF, 0x30, 0x00, 0x00, 0x00,
	0x1D, 0xFB, 0xFF, 0xFF, 0xFC, 0x1E, 0x00, 0x1C, 0xFF, 0xFF, 0xFF, 0xFF,
	0x30, 0x00, 0x13, 0x49, 0xD3, 0xFF, 0xFF, 0xFF, 0xA4, 0x00, 0x00, 0x1C,
	0xFF, 0xFF, 0xFF, 0xFF, 0xFF, 0xFF, 0xFF, 0xFF, 0xFF, 0xFF, 0xFF, 0xCF,
	0x0E, 0x00, 0x00, 0x1C, 0xFF, 0xFF, 0xFF, 0xFF, 0xFF, 0xFF, 0xFF, 0xFF,
	0xFF, 0xFF, 0xEC, 0x2D, 0x00, 0x00, 0x00, 0x1C, 0xFF, 0xFF, 0xFF, 0xFF,
	0xFF, 0xFF, 0xFF, 0xFF, 0xFF, 0xFF, 0xFF, 0xFC, 0x89, 0x02, 0x00, 0x1C,
	0xFF, 0xFF, 0xFF, 0xFF, 0xFF, 0xFF, 0xFF, 0xFF, 0xFF, 0xFF, 0xFF, 0xFF,
	0xFF, 0x84, 0x00, 0x1C, 0xFF, 0xFF, 0xFF, 0xFF, 0x30, 0x00, 0x03, 0x19,
	0x53, 0xD3, 0xFF, 0xFF, 0xFF, 0xF4, 0x10, 0x1C, 0xFF, 0xFF, 0xFF, 0xFF,
	0x30, 0x00, 0x00, 0x00, 0x00, 0x15, 0xFB, 0xFF, 0xFF, 0xFF, 0x4C, 0x1C,
	0xFF, 0xFF, 0xFF, 0xFF, 0x30, 0x00, 0x00, 0x00, 0x00, 0x00, 0xDA, 0xFF,
	0xFF, 0xFF, 0x64, 0x1C, 0xFF, 0xFF, 0xFF, 0xFF, 0x30, 0x00, 0x00, 0x00,
	0x00, 0x1C, 0xF8, 0xFF, 0xFF, 0xFF, 0x50, 0x1C, 0xFF, 0xFF, 0xFF, 0xFF,
	0x3F, 0x05, 0x04, 0x17, 0x56, 0xDE, 0xFF, 0xFF, 0xFF, 0xFE, 0x20, 0x1C,
	0xFF, 0xFF, 0xFF, 0xFF, 0xFF, 0xFF, 0xFF, 0xFF, 0xFF, 0xFF, 0xFF, 0xFF,
	0xFF, 0xBD, 0x00, 0x1C, 0xFF, 0xFF, 0xFF, 0xFF, 0xFF, 0xFF, 0xFF, 0xFF,
	0xFF, 0xFF, 0xFF, 0xFF, 0xF0, 0x26, 0x00, 0x1C, 0xFF, 0xFF, 0xFF, 0xFF,
	0xFF, 0xFF, 0xFF, 0xFF, 0xFF, 0xFF, 0xFF, 0xD2, 0x2C, 0x00, 0x00, 0x0A,
	0x78, 0xA0, 0xC7, 0xE0, 0xED, 0xFA, 0xF9, 0xEC, 0xCC, 0x9B, 0x4D, 0x02,
	0x00, 0x00, 0x00, 0x00, 0x00, 0x00, 0x00, 0x00, 0x00, 0x1D, 0x75, 0xBE,
	0xE2, 0xF8, 0xE9, 0xC9, 0x87, 0x2C, 0x00, 0x00, 0x00, 0x00, 0x00, 0x00,
	0x07, 0x8A, 0xF8, 0xFF, 0xFF, 0xFF, 0xFF, 0xFF, 0xFF, 0xFF, 0xFE, 0x9C,
	0x0D, 0x00, 0x00, 0x00, 0x11, 0xC2, 0xFF, 0xFF, 0xFF, 0xFF, 0xFF, 0xFF,
	0xFF, 0xFF, 0xFF, 0xFF, 0xFF, 0x3B, 0x00, 0x00, 0x02, 0xBA, 0xFF, 0xFF,
	0xFF, 0xFF, 0xFF, 0xFF, 0xFF, 0xFF, 0xFF, 0xFF, 0xFF, 0xF0, 0x04, 0x00,
	0x00, 0x70, 0xFF, 0xFF, 0xFF, 0xFF, 0xEE, 0x77, 0x25, 0x06, 0x16, 0x4C,
	0xB8, 0xFF, 0xAD, 0x00, 0x00, 0x07, 0xE7, 0xFF, 0xFF, 0xFF, 0xE8, 0x25,
	0x00, 0x00, 0x00, 0x00, 0x00, 0x00, 0x5C, 0x5F, 0x00, 0x00, 0x5B, 0xFF,
	0xFF, 0xFF, 0xFF, 0x4F, 0x00, 0x00, 0x00, 0x00, 0x00, 0x00, 0x00, 0x00,
	0x00, 0x00, 0x00, 0x9F, 0xFF, 0xFF, 0xFF, 0xD6, 0x00, 0x00, 0x00, 0x00,
	0x00, 0x00, 0x00, 0x00, 0x00, 0x00, 0x00, 0x00, 0xDA, 0xFF, 0xFF, 0xFF,
	0x91, 0x00, 0x00, 0x00, 0x00, 0x00, 0x00, 0x00, 0x00, 0x00, 0x00, 0x00,
	0x00, 0xF4, 0xFF, 0xFF, 0xFF, 0x66, 0x00, 0x00, 0x00, 0x00, 0x00, 0x00,
	0x00, 0x00, 0x00, 0x00, 0x00, 0x06, 0xFF, 0xFF, 0xFF, 0xFF, 0x56, 0x00,
	0x00, 0x00, 0x00, 0x00, 0x00, 0x00, 0x00, 0x00, 0x00, 0x00, 0x09, 0xFF,
	0xFF, 0xFF, 0xFF, 0x57, 0x00, 0x00, 0x00, 0x00, 0x00, 0x00, 0x00, 0x00,
	0x00, 0x00, 0x00, 0x00, 0xF9, 0xFF, 0xFF, 0xFF, 0x66, 0x00, 0x00, 0x00,
	0x00, 0x00, 0x00, 0x00, 0x00, 0x00, 0x00, 0x00, 0x00, 0xE5, 0xFF, 0xFF,
	0xFF, 0x8E, 0x00, 0x00, 0x00, 0x00, 0x00, 0x00, 0x00, 0x00, 0x00, 0x00,
	0x00, 0x00, 0xB5, 0xFF, 0xFF, 0xFF, 0xD0, 0x00, 0x00, 0x00, 0x00, 0x00,
	0x00, 0x00, 0x00, 0x00, 0x00, 0x00, 0x00, 0x7C, 0xFF, 0xFF, 0xFF, 0xFF,
	0x39, 0x00, 0x00, 0x00, 0x00, 0x00, 0x00, 0x00, 0x00, 0x00, 0x00, 0x00,
	0x23, 0xFE, 0xFF, 0xFF, 0xFF, 0xD5, 0x11, 0x00, 0x00, 0x00, 0x00, 0x00,
	0x00, 0x51, 0x6A, 0x00, 0x00, 0x00, 0xB6, 0xFF, 0xFF, 0xFF, 0xFF, 0xE2,
	0x66, 0x20, 0x06, 0x13, 0x40, 0xAA, 0xFF, 0xBC, 0x00, 0x00, 0x00, 0x21,
	0xF4, 0xFF, 0xFF, 0xFF, 0xFF, 0xFF, 0xFF, 0xFF, 0xFF, 0xFF, 0xFF, 0xFF,
	0xF8, 0x09, 0x00, 0x00, 0x00, 0x4C, 0xF7, 0xFF, 0xFF, 0xFF, 0xFF, 0xFF,
	0xFF, 0xFF, 0xFF, 0xFF, 0xFF, 0xFF, 0x48, 0x00, 0x00, 0x00, 0x00, 0x3B,
	0xD4, 0xFF, 0xFF, 0xFF, 0xFF, 0xFF, 0xFF, 0xFF, 0xFF, 0xFC, 0x9B, 0x0F,
	0x00, 0x00, 0x00, 0x00, 0x00, 0x03, 0x53, 0xA0, 0xD8, 0xEE, 0xFA, 0xE8,
	0xC6, 0x80, 0x22, 0x00, 0x00, 0x0D, 0x92, 0xB8, 0xDC, 0xED, 0xF9, 0xF7,
	0xE3, 0xBE, 0x7D, 0x21, 0x00, 0x00, 0x00, 0x00, 0x00, 0x1C, 0xFF, 0xFF,
	0xFF, 0xFF, 0xFF, 0xFF, 0xFF, 0xFF, 0xFF, 0xFB, 0x98, 0x08, 0x00, 0x00,
	0x00, 0x1C, 0xFF, 0xFF, 0xFF, 0xFF, 0xFF, 0xFF, 0xFF, 0xFF, 0xFF, 0xFF,
	0xFF, 0xC6, 0x0C, 0x00, 0x00, 0x1C, 0xFF, 0xFF, 0xFF, 0xFF, 0xFF, 0xFF,
	0xFF, 0xFF, 0xFF, 0xFF, 0xFF, 0xFF, 0x9F, 0x00, 0x00, 0x1C, 0xFF, 0xFF,
	0xFF, 0xFF, 0x39, 0x05, 0x20, 0x79, 0xF7, 0xFF, 0xFF, 0xFF, 0xFF, 0x3B,
	0x00, 0x1C, 0xFF, 0xFF, 0xFF, 0xFF, 0x30, 0x00, 0x00, 0x00, 0x40, 0xFC,
	0xFF, 0xFF, 0xFF, 0xAA, 0x00, 0x1C, 0xFF, 0xFF, 0xFF, 0xFF, 0x30, 0x00,
	0x00, 0x00, 0x00, 0x9D, 0xFF, 0xFF, 0xFF, 0xF7, 0x05, 0x1C, 0xFF, 0xFF,
	0xFF, 0xFF, 0x30, 0x00, 0x00, 0x00, 0x00, 0x3E, 0xFF, 0xFF, 0xFF, 0xFF,
	0x37, 0x1C, 0xFF, 0xFF, 0xFF, 0xFF, 0x30, 0x00, 0x00, 0x00, 0x00, 0x08,
	0xFF, 0xFF, 0xFF, 0xFF, 0x65, 0x1C, 0xFF, 0xFF, 0xFF, 0xFF, 0x30, 0x00,
	0x00, 0x00, 0x00, 0x00, 0xF0, 0xFF, 0xFF, 0xFF, 0x77, 0x1C, 0xFF, 0xFF,
	0xFF, 0xFF, 0x30, 0x00, 0x00, 0x00, 0x00, 0x00, 0xDA, 0xFF, 0xFF, 0xFF,
	0x88, 0x1C, 0xFF, 0xFF, 0xFF, 0xFF, 0x30, 0x00, 0x00, 0x00, 0x00, 0x00,
	0xD6, 0xFF, 0xFF, 0xFF, 0x86, 0x1C, 0xFF, 0xFF, 0xFF, 0xFF, 0x30, 0x00,
	0x00, 0x00, 0x00, 0x00, 0xE6, 0xFF, 0xFF, 0xFF, 0x75, 0x1C, 0xFF, 0xFF,
	0xFF, 0xFF, 0x30, 0x00, 0x00, 0x00, 0x00, 0x0B, 0xFE, 0xFF, 0xFF, 0xFF,
	0x62, 0x1C, 0xFF, 0xFF, 0xFF, 0xFF, 0x30, 0x00, 0x00, 0x00, 0x00, 0x4A,
	0xFF, 0xFF, 0xFF, 0xFF, 0x30, 0x1C, 0xFF, 0xFF, 0xFF, 0xFF, 0x30, 0x00,
	0x00, 0x00, 0x00, 0xB3, 0xFF, 0xFF, 0xFF, 0xEF, 0x02, 0x1C, 0xFF, 0xFF,
	0xFF, 0xFF, 0x30, 0x00, 0x00, 0x00, 0x62, 0xFF, 0xFF, 0xFF, 0xFF, 0x98,
	0x00, 0x1C, 0xFF, 0xFF, 0xFF, 0xFF, 0x31, 0x0D, 0x35, 0x9B, 0xFE, 0xFF,
	0xFF, 0xFF, 0xFC, 0x23, 0x00, 0x1C, 0xFF, 0xFF, 0xFF, 0xFF, 0xFF, 0xFF,
	0xFF, 0xFF, 0xFF, 0xFF, 0xFF, 0xFF, 0x7A, 0x00, 0x00, 0x1C, 0xFF, 0xFF,
	0xFF, 0xFF, 0xFF, 0xFF, 0xFF, 0xFF, 0xFF, 0xFF, 0xFF, 0x9E, 0x01, 0x00,
	0x00, 0x1C, 0xFF, 0xFF, 0xFF, 0xFF, 0xFF, 0xFF, 0xFF, 0xFF, 0xFF, 0xEA,
	0x68, 0x00, 0x00, 0x00, 0x00, 0x0D, 0x96, 0xC1, 0xE2, 0xF2, 0xFC, 0xEE,
	0xD8, 0xA4, 0x61, 0x09, 0x00, 0x00, 0x00, 0x00, 0x00, 0xCC, 0xFF, 0xFF,
	0xFF, 0xFF, 0xFF, 0xFF, 0xFF, 0xFF, 0xFF, 0xFF, 0xFF, 0xFF, 0x54, 0x00,
	0xCC, 0xFF, 0xFF, 0xFF, 0xFF, 0xFF, 0xFF, 0xFF, 0xFF, 0xFF, 0xFF, 0xFF,
	0xFF, 0x54, 0x00, 0xCC, 0xFF, 0xFF, 0xFF, 0xFF, 0xFF, 0xFF, 0xFF, 0xFF,
	0xFF, 0xFF, 0xFF, 0xFF, 0x54, 0x00, 0xCC, 0xFF, 0xFF, 0xFF, 0xFF, 0xFF,
	0xFF, 0xFF, 0xFF, 0xFF, 0xFF, 0xFF, 0xFF, 0x54, 0x00, 0xCC, 0xFF, 0xFF,
	0xFF, 0x84, 0x00, 0x00, 0x00, 0x00, 0x00, 0x00, 0x00, 0x00, 0x00, 0x00,
	0xCC, 0xFF, 0xFF, 0xFF, 0x84, 0x00, 0x00, 0x00, 0x00, 0x00, 0x00, 0x00,
	0x00, 0x00, 0x00, 0xCC, 0xFF, 0xFF, 0xFF, 0x84, 0x00, 0x00, 0x00, 0x00,
	0x00, 0x00, 0x00, 0x00, 0x00, 0x00, 0xCC, 0xFF, 0xFF, 0xFF, 0x84, 0x00,
	0x00, 0x00, 0x00, 0x00, 0x00, 0x00, 0x00, 0x00, 0x00, 0xCC, 0xFF, 0xFF,
	0xFF, 0xFF, 0xFF, 0xFF, 0xFF, 0xFF, 0xFF, 0xFF, 0xFF, 0x2C, 0x00, 0x00,
	0xCC, 0xFF, 0xFF, 0xFF, 0xFF, 0xFF, 0xFF, 0xFF, 0xFF, 0xFF, 0xFF, 0xFF,
	0x2C, 0x00, 0x00, 0xCC, 0xFF, 0xFF, 0xFF, 0xFF, 0xFF, 0xFF, 0xFF, 0xFF,
	0xFF, 0xFF, 0xFF, 0x2C, 0x00, 0x00, 0xCC, 0xFF, 0xFF, 0xFF, 0xFF, 0xFF,
	0xFF, 0xFF, 0xFF, 0xFF, 0xFF, 0xFF, 0x2C, 0x00, 0x00, 0xCC, 0xFF, 0xFF,
	0xFF, 0x84, 0x00, 0x00, 0x00, 0x00, 0x00, 0x00, 0x00, 0x00, 0x00, 0x00,
	0xCC, 0xFF, 0xFF, 0xFF, 0x84, 0x00, 0x00, 0x00, 0x00, 0x00, 0x00, 0x00,
	0x00, 0x00, 0x00, 0xCC, 0xFF, 0xFF, 0xFF, 0x84, 0x00, 0x00, 0x00, 0x00,
	0x00, 0x00, 0x00, 0x00, 0x00, 0x00, 0xCC, 0xFF, 0xFF, 0xFF, 0x84, 0x00,
	0x00, 0x00, 0x00, 0x00, 0x00, 0x00, 0x00, 0x00, 0x00, 0xCC, 0xFF, 0xFF,
	0xFF, 0x84, 0x00, 0x00, 0x00, 0x00, 0x00, 0x00, 0x00, 0x00, 0x00, 0x00,
	0xCC, 0xFF, 0xFF, 0xFF, 0x84, 0x00, 0x00, 0x00, 0x00, 0x00, 0x00, 0x00,
	0x00, 0x00, 0x00, 0xCC, 0xFF, 0xFF, 0xFF, 0xFF, 0xFF, 0xFF, 0xFF, 0xFF,
	0xFF, 0xFF, 0xFF, 0xFF, 0xFF, 0x18, 0xCC, 0xFF, 0xFF, 0xFF, 0xFF, 0xFF,
	0xFF, 0xFF, 0xFF, 0xFF, 0xFF, 0xFF, 0xFF, 0xFF, 0x18, 0xCC, 0xFF, 0xFF,
	0xFF, 0xFF, 0xFF, 0xFF, 0xFF, 0xFF, 0xFF, 0xFF, 0xFF, 0xFF, 0xFF, 0x18,
	0xCC, 0xFF, 0xFF, 0xFF, 0xFF, 0xFF, 0xFF, 0xFF, 0xFF, 0xFF, 0xFF, 0xFF,
	0xFF, 0xFF, 0x18, 0xCC, 0xFF, 0xFF, 0xFF, 0xFF, 0xFF, 0xFF, 0xFF, 0xFF,
	0xFF, 0xFF, 0xFF, 0xFF, 0x78, 0xCC, 0xFF, 0xFF, 0xFF, 0xFF, 0xFF, 0xFF,
	0xFF, 0xFF, 0xFF, 0xFF, 0xFF, 0xFF, 0x78, 0xCC, 0xFF, 0xFF, 0xFF, 0xFF,
	0xFF, 0xFF, 0xFF, 0xFF, 0xFF, 0xFF, 0xFF, 0xFF, 0x78, 0xCC, 0xFF, 0xFF,
	0xFF, 0xFF, 0xFF, 0xFF, 0xFF, 0xFF, 0xFF, 0xFF, 0xFF, 0xFF, 0x78, 0xCC,
	0xFF, 0xFF, 0xFF, 0x84, 0x00, 0x00, 0x00, 0x00, 0x00, 0x00, 0x00, 0x00,
	0x00, 0xCC, 0xFF, 0xFF, 0xFF, 0x84, 0x00, 0x00, 0x00, 0x00, 0x00, 0x00,
	0x00, 0x00, 0x00, 0xCC, 0xFF, 0xFF, 0xFF, 0x84, 0x00, 0x00, 0x00, 0x00,
	0x00, 0x00, 0x00, 0x00, 0x00, 0xCC, 0xFF, 0xFF, 0xFF, 0x84, 0x00, 0x00,
	0x00, 0x00, 0x00, 0x00, 0x00, 0x00, 0x00, 0xCC, 0xFF, 0xFF, 0xFF, 0x84,
	0x00, 0x00, 0x00, 0x00, 0x00, 0x00, 0x00, 0x00, 0x00, 0xCC, 0xFF, 0xFF,
	0xFF, 0xFF, 0xFF, 0xFF, 0xFF, 0xFF, 0xFF, 0xFF, 0xFF, 0x58, 0x00, 0xCC,
	0xFF, 0xFF, 0xFF, 0xFF, 0xFF, 0xFF, 0xFF, 0xFF, 0xFF, 0xFF, 0xFF, 0x58,
	0x00, 0xCC, 0xFF, 0xFF, 0xFF, 0xFF, 0xFF, 0xFF, 0xFF, 0xFF, 0xFF, 0xFF,
	0xFF, 0x58, 0x00, 0xCC, 0xFF, 0xFF, 0xFF, 0xFF, 0xFF, 0xFF, 0xFF, 0xFF,
	0xFF, 0xFF, 0xFF, 0x58, 0x00, 0xCC, 0xFF, 0xFF, 0xFF, 0x84, 0x00, 0x00,
	0x00, 0x00, 0x00, 0x00, 0x00, 0x00, 0x00, 0xCC, 0xFF, 0xFF, 0xFF, 0x84,
	0x00, 0x00, 0x00, 0x00, 0x00, 0x00, 0x00, 0x00, 0x00, 0xCC, 0xFF, 0xFF,
	0xFF, 0x84, 0x00, 0x00, 0x00, 0x00, 0x00, 0x00, 0x00, 0x00, 0x00, 0xCC,
	0xFF, 0xFF, 0xFF, 0x84, 0x00, 0x00, 0x00, 0x00, 0x00, 0x00, 0x00, 0x00,
	0x00, 0xCC, 0xFF, 0xFF, 0xFF, 0x84, 0x00, 0x00, 0x00, 0x00, 0x00, 0x00,
	0x00, 0x00, 0x00, 0xCC, 0xFF, 0xFF, 0xFF, 0x84, 0x00, 0x00, 0x00, 0x00,
	0x00, 0x00, 0x00, 0x00, 0x00, 0xCC, 0xFF, 0xFF, 0xFF, 0x84, 0x00, 0x00,
	0x00, 0x00, 0x00, 0x00, 0x00, 0x00, 0x00, 0xCC, 0xFF, 0xFF, 0xFF, 0x84,
	0x00, 0x00, 0x00, 0x00, 0x00, 0x00, 0x00, 0x00, 0x00, 0xCC, 0xFF, 0xFF,
	0xFF, 0x84, 0x00, 0x00, 0x00, 0x00, 0x00, 0x00, 0x00, 0x00, 0x00, 0x00,
	0x00, 0x00, 0x00, 0x00, 0x00, 0x35, 0x8D, 0xD0, 0xEC, 0xFE, 0xFF, 0xFF,
	0xFF, 0xFF, 0xFF, 0x1E, 0x00, 0x00, 0x00, 0x00, 0x16, 0xAE, 0xFF, 0xFF,
	0xFF, 0xFF, 0xFF, 0xFF, 0xFF, 0xFF, 0xFF, 0xE5, 0x00, 0x00, 0x00, 0x00,
	0x23, 0xDD, 0xFF, 0xFF, 0xFF, 0xFF, 0xFF, 0xFF, 0xFF, 0xFF, 0xFF, 0xFF,
	0xAB, 0x00, 0x00, 0x00, 0x07, 0xD1, 0xFF, 0xFF, 0xFF, 0xFF, 0xFF, 0xFF,
	0xFF, 0xFF, 0xFF, 0xFF, 0xFF, 0x72, 0x00, 0x00, 0x00, 0x83, 0xFF, 0xFF,
	0xFF, 0xFF, 0xF0, 0x78, 0x28, 0x0A, 0x0A, 0x2A, 0x67, 0xBE, 0x37, 0x00,
	0x00, 0x0C, 0xEF, 0xFF, 0xFF, 0xFF, 0xE4, 0x21, 0x00, 0x00, 0x00, 0x00,
	0x00, 0x00, 0x00, 0x00, 0x00, 0x00, 0x62, 0xFF, 0xFF, 0xFF, 0xFF, 0x46,
	0x00, 0x00, 0x00, 0x00, 0x00, 0x00, 0x00, 0x00, 0x00, 0x00, 0x00, 0xA4,
	0xFF, 0xFF, 0xFF, 0xD4, 0x00, 0x00, 0x00, 0x00, 0x00, 0x00, 0x00, 0x00,
	0x00, 0x00, 0x00, 0x00, 0xDC, 0xFF, 0xFF, 0xFF, 0x8E, 0x00, 0x00, 0x00,
	0x00, 0x00, 0x00, 0x00, 0x00, 0x00, 0x00, 0x00, 0x00, 0xF4, 0xFF, 0xFF,
	0xFF, 0x66, 0x00, 0x00, 0x00, 0x00, 0x00, 0x00, 0x00, 0x00, 0x00, 0x00,
	0x00, 0x06, 0xFF, 0xFF, 0xFF, 0xFF, 0x56, 0x00, 0x00, 0x00, 0x00, 0x00,
	0x2C, 0xFF, 0xFF, 0xFF, 0xFF, 0x24, 0x09, 0xFF, 0xFF, 0xFF, 0xFF, 0x55,
	0x00, 0x00, 0x00, 0x00, 0x00, 0x2C, 0xFF, 0xFF, 0xFF, 0xFF, 0x24, 0x00,
	0xF8, 0xFF, 0xFF, 0xFF, 0x62, 0x00, 0x00, 0x00, 0x00, 0x00, 0x2C, 0xFF,
	0xFF, 0xFF, 0xFF, 0x24, 0x00, 0xE5, 0xFF, 0xFF, 0xFF, 0x84, 0x00, 0x00,
	0x00, 0x00, 0x00, 0x2C, 0xFF, 0xFF, 0xFF, 0xFF, 0x24, 0x00, 0xB6, 0xFF,
	0xFF, 0xFF, 0xBC, 0x00, 0x00, 0x00, 0x00, 0x00, 0x2C, 0xFF, 0xFF, 0xFF,
	0xFF, 0x24, 0x00, 0x7E, 0xFF, 0xFF, 0xFF, 0xFB, 0x1F, 0x00, 0x00, 0x00,
	0x00, 0x2C, 0xFF, 0xFF, 0xFF, 0xFF, 0x24, 0x00, 0x26, 0xFF, 0xFF, 0xFF,
	0xFF, 0xB7, 0x04, 0x00, 0x00, 0x00, 0x2C, 0xFF, 0xFF, 0xFF, 0xFF, 0x24,
	0x00, 0x00, 0xBA, 0xFF, 0xFF, 0xFF, 0xFF, 0xC5, 0x46, 0x0F, 0x03, 0x3E,
	0xFF, 0xFF, 0xFF, 0xFF, 0x24, 0x00, 0x00, 0x28, 0xF7, 0xFF, 0xFF, 0xFF,
	0xFF, 0xFF, 0xFF, 0xFF, 0xFF, 0xFF, 0xFF, 0xFF, 0xFF, 0x24, 0x00, 0x00,
	0x00, 0x5D, 0xFC, 0xFF, 0xFF, 0xFF, 0xFF, 0xFF, 0xFF, 0xFF, 0xFF, 0xFF,
	0xFF, 0xFF, 0x24, 0x00, 0x00, 0x00, 0x00, 0x4E, 0xE5, 0xFF, 0xFF, 0xFF,
	0xFF, 0xFF, 0xFF, 0xFF, 0xFF, 0xFF, 0xFF, 0x24, 0x00, 0x00, 0x00, 0x00,
	0x00, 0x0C, 0x6A, 0xB7, 0xE3, 0xF8, 0xFF, 0xFF, 0xFF, 0xFF, 0xFF, 0xFF,
	0x24, 0x6C, 0xFF, 0xFF, 0xFF, 0xE0, 0x00, 0x00, 0x00, 0x00, 0x00, 0x60,
	0xFF, 0xFF, 0xFF, 0xEC, 0x6C, 0xFF, 0xFF, 0xFF, 0xE0, 0x00, 0x00, 0x00,
	0x00, 0x00, 0x60, 0xFF, 0xFF, 0xFF, 0xEC, 0x6C, 0xFF, 0xFF, 0xFF, 0xE0,
	0x00, 0x00, 0x00, 0x00, 0x00, 0x60, 0xFF, 0xFF, 0xFF, 0xEC, 0x6C, 0xFF,
	0xFF, 0xFF, 0xE0, 0x00, 0x00, 0x00, 0x00, 0x00, 0x60, 0xFF, 0xFF, 0xFF,
	0xEC, 0x6C, 0xFF, 0xFF, 0xFF, 0xE0, 0x00, 0x00, 0x00, 0x00, 0x00, 0x60,
	0xFF, 0xFF, 0xFF, 0xEC, 0x6C, 0xFF, 0xFF, 0xFF, 0xE0, 0x00, 0x00, 0x00,
	0x00, 0x00, 0x60, 0xFF, 0xFF, 0xFF, 0xEC, 0x6C, 0xFF, 0xFF, 0xFF, 0xE0,
	0x00, 0x00, 0x00, 0x00, 0x00, 0x60, 0xFF, 0xFF, 0xFF, 0xEC, 0x6C, 0xFF,
	0xFF, 0xFF, 0xE0, 0x00, 0x00, 0x00, 0x00, 0x00, 0x60, 0xFF, 0xFF, 0xFF,
	0xEC, 0x6C, 0xFF, 0xFF, 0xFF, 0xFF, 0xFF, 0xFF, 0xFF, 0xFF, 0xFF, 0xFF,
	0xFF, 0xFF, 0xFF, 0xEC, 0x6C, 0xFF, 0xFF, 0xFF, 0xFF, 0xFF, 0xFF, 0xFF,
	0xFF, 0xFF, 0xFF, 0xFF, 0xFF, 0xFF, 0xEC, 0x6C, 0xFF, 0xFF, 0xFF, 0xFF,
	0xFF, 0xFF, 0xFF, 0xFF, 0xFF, 0xFF, 0xFF, 0xFF, 0xFF, 0xEC, 0x6C, 0xFF,
	0xFF, 0xFF, 0xFF, 0xFF, 0xFF, 0xFF, 0xFF, 0xFF, 0xFF, 0xFF, 0xFF, 0xFF,
	0xEC, 0x6C, 0xFF, 0xFF, 0xFF, 0xE0, 0x00, 0x00, 0x00, 0x00, 0x00, 0x60,
	0xFF, 0xFF, 0xFF, 0xEC, 0x6C, 0xFF, 0xFF, 0xFF, 0xE0, 0x00, 0x00, 0x00,
	0x00, 0x00, 0x60, 0xFF, 0xFF, 0xFF, 0xEC, 0x6C, 0xFF, 0xFF, 0xFF, 0xE0,
	0x00, 0x00, 0x00, 0x00, 0x00, 0x60, 0xFF, 0xFF, 0xFF, 0xEC, 0x6C, 0xFF,
	0xFF, 0xFF, 0xE0, 0x00, 0x00, 0x00, 0x00, 0x00, 0x60, 0xFF, 0xFF, 0xFF,
	0xEC, 0x6C, 0xFF, 0xFF, 0xFF, 0xE0, 0x00, 0x00, 0x00, 0x00, 0x00, 0x60,
	0xFF, 0xFF, 0xFF, 0xEC, 0x6C, 0xFF, 0xFF, 0xFF, 0xE0, 0x00, 0x00, 0x00,
	0x00, 0x00, 0x60, 0xFF, 0xFF, 0xFF, 0xEC, 0x6C, 0xFF, 0xFF, 0xFF, 0xE0,
	0x00, 0x00, 0x00, 0x00, 0x00, 0x60, 0xFF, 0xFF, 0xFF, 0xEC, 0x6C, 0xFF,
	0xFF, 0xFF, 0xE0, 0x00, 0x00, 0x00, 0x00, 0x00, 0x60, 0xFF, 0xFF, 0xFF,
	0xEC, 0x6C, 0xFF, 0xFF, 0xFF, 0xE0, 0x00, 0x00, 0x00, 0x00, 0x00, 0x60,
	0xFF, 0xFF, 0xFF, 0xEC, 0x6C, 0xFF, 0xFF, 0xFF, 0xE0, 0x00, 0x00, 0x00,
	0x00, 0x00, 0x60, 0xFF, 0xFF, 0xFF, 0xEC, 0x1C, 0xFF, 0xFF, 0xFF, 0xFF,
	0xFF, 0xFF, 0xFF, 0xFF, 0xFF, 0xFF, 0xFF, 0xFF, 0xFF, 0xA4, 0x1C, 0xFF,
	0xFF, 0xFF, 0xFF, 0xFF, 0xFF, 0xFF, 0xFF, 0xFF, 0xFF, 0xFF, 0xFF, 0xFF,
	0xA4, 0x1C, 0xFF, 0xFF, 0xFF, 0xFF, 0xFF, 0xFF, 0xFF, 0xFF, 0xFF, 0xFF,
	0xFF, 0xFF, 0xFF, 0xA4, 0x1C, 0xFF, 0xFF, 0xFF, 0xFF, 0xFF, 0xFF, 0xFF,
	0xFF, 0xFF, 0xFF, 0xFF, 0xFF, 0xFF, 0xA4, 0x00, 0x00, 0x00, 0x00, 0x00,
	0x64, 0xFF, 0xFF, 0xFF, 0xF4, 0x00, 0x00, 0x00, 0x00, 0x00, 0x00, 0x00,
	0x00, 0x00, 0x00, 0x64, 0xFF, 0xFF, 0xFF, 0xF4, 0x00, 0x00, 0x00, 0x00,
	0x00, 0x00, 0x00, 0x00, 0x00, 0x00, 0x64, 0xFF, 0xFF, 0xFF, 0xF4, 0x00,
	0x00, 0x00, 0x00, 0x00, 0x00, 0x00, 0x00, 0x00, 0x00, 0x64, 0xFF, 0xFF,
	0xFF, 0xF4, 0x00, 0x00, 0x00, 0x00, 0x00, 0x00, 0x00, 0x00, 0x00, 0x00,
	0x64, 0xFF, 0xFF, 0xFF, 0xF4, 0x00, 0x00, 0x00, 0x00, 0x00, 0x00, 0x00,
	0x00, 0x00, 0x00, 0x64, 0xFF, 0xFF, 0xFF, 0xF4, 0x00, 0x00, 0x00, 0x00,
	0x00, 0x00, 0x00, 0x00, 0x00, 0x00, 0x64, 0xFF, 0xFF, 0xFF, 0xF4, 0x00,
	0x00, 0x00, 0x00, 0x00, 0x00, 0x00, 0x00, 0x00, 0x00, 0x64, 0xFF, 0xFF,
	0xFF, 0xF4, 0x00, 0x00, 0x00, 0x00, 0x00, 0x00, 0x00, 0x00, 0x00, 0x00,
	0x64, 0xFF, 0xFF, 0xFF, 0xF4, 0x00, 0x00, 0x00, 0x00, 0x00, 0x00, 0x00,
	0x00, 0x00, 0x00, 0x64, 0xFF, 0xFF, 0xFF, 0xF4, 0x00, 0x00, 0x00, 0x00,
	0x00, 0x00, 0x00, 0x00, 0x00, 0x00, 0x64, 0xFF, 0xFF, 0xFF, 0xF4, 0x00,
	0x00, 0x00, 0x00, 0x00, 0x00, 0x00, 0x00, 0x00, 0x00, 0x64, 0xFF, 0xFF,
	0xFF, 0xF4, 0x00, 0x00, 0x00, 0x00, 0x00, 0x00, 0x00, 0x00, 0x00, 0x00,
	0x64, 0xFF, 0xFF, 0xFF, 0xF4, 0x00, 0x00, 0x00, 0x00, 0x00, 0x00, 0x00,
	0x00, 0x00, 0x00, 0x64, 0xFF, 0xFF, 0xFF, 0xF4, 0x00, 0x00, 0x00, 0x00,
	0x00, 0x1C, 0xFF, 0xFF, 0xFF, 0xFF, 0xFF, 0xFF, 0xFF, 0xFF, 0xFF, 0xFF,
	0xFF, 0xFF, 0xFF, 0xA4, 0x1C, 0xFF, 0xFF, 0xFF, 0xFF, 0xFF, 0xFF, 0xFF,
	0xFF, 0xFF, 0xFF, 0xFF, 0xFF, 0xFF, 0xA4, 0x1C, 0xFF, 0xFF, 0xFF, 0xFF,
	0xFF, 0xFF, 0xFF, 0xFF, 0xFF, 0xFF, 0xFF, 0xFF, 0xFF, 0xA4, 0x1C, 0xFF,
	0xFF, 0xFF, 0xFF, 0xFF, 0xFF, 0xFF, 0xFF, 0xFF, 0xFF, 0xFF, 0xFF, 0xFF,
	0xA4, 0x00, 0x00, 0x40, 0xFF, 0xFF, 0xFF, 0xFF, 0xFF, 0xFF, 0xFF, 0xFF,
	0xFF, 0xFF, 0xFF, 0x54, 0x00, 0x00, 0x40, 0xFF, 0xFF, 0xFF, 0xFF, 0xFF,
	0xFF, 0xFF, 0xFF, 0xFF, 0xFF, 0xFF, 0x54, 0x00, 0x00, 0x40, 0xFF, 0xFF,
	0xFF, 0xFF, 0xFF, 0xFF, 0xFF, 0xFF, 0xFF, 0xFF, 0xFF, 0x54, 0x00, 0x00,
	0x40, 0xFF, 0xFF, 0xFF, 0xFF, 0xFF, 0xFF, 0xFF, 0xFF, 0xFF, 0xFF, 0xFF,
	0x54, 0x00, 0x00, 0x00, 0x00, 0x00, 0x00, 0x00, 0x00, 0x00, 0x04, 0xFF,
	0xFF, 0xFF, 0xFF, 0x54, 0x00, 0x00, 0x00, 0x00, 0x00, 0x00, 0x00, 0x00,
	0x00, 0x04, 0xFF, 0xFF, 0xFF, 0xFF, 0x54, 0x00, 0x00, 0x00, 0x00, 0x00,
	0x00, 0x00, 0x00, 0x00, 0x04, 0xFF, 0xFF, 0xFF, 0xFF, 0x54, 0x00, 0x00,
	0x00, 0x00, 0x00, 0x00, 0x00, 0x00, 0x00, 0x04, 0xFF, 0xFF, 0xFF, 0xFF,
	0x54, 0x00, 0x00, 0x00, 0x00, 0x00, 0x00, 0x00, 0x00, 0x00, 0x04, 0xFF,
	0xFF, 0xFF, 0xFF, 0x54, 0x00, 0x00, 0x00, 0x00, 0x00, 0x00, 0x00, 0x00,
	0x00, 0x04, 0xFF, 0xFF, 0xFF, 0xFF, 0x54, 0x00, 0x00, 0x00, 0x00, 0x00,
	0x00, 0x00, 0x00, 0x00, 0x04, 0xFF, 0xFF, 0xFF, 0xFF, 0x54, 0x00, 0x00,
	0x00, 0x00, 0x00, 0x00, 0x00, 0x00, 0x00, 0x04, 0xFF, 0xFF, 0xFF, 0xFF,
	0x54, 0x00, 0x00, 0x00, 0x00, 0x00, 0x00, 0x00, 0x00, 0x00, 0x04, 0xFF,
	0xFF, 0xFF, 0xFF, 0x54, 0x00, 0x00, 0x00, 0x00, 0x00, 0x00, 0x00, 0x00,
	0x00, 0x04, 0xFF, 0xFF, 0xFF, 0xFF, 0x54, 0x00, 0x00, 0x00, 0x00, 0x00,
	0x00, 0x00, 0x00, 0x00, 0x0B, 0xFF, 0xFF, 0xFF, 0xFF, 0x50, 0x00, 0x00,
	0x00, 0x00, 0x00, 0x00, 0x00, 0x00, 0x00, 0x2C, 0xFF, 0xFF, 0xFF, 0xFF,
	0x3F, 0x00, 0x1E, 0xB4, 0x19, 0x00, 0x00, 0x00, 0x00, 0x00, 0x8E, 0xFF,
	0xFF, 0xFF, 0xFF, 0x17, 0x00, 0x88, 0xFF, 0xEC, 0x70, 0x1B, 0x0B, 0x2F,
	0x9A, 0xFE, 0xFF, 0xFF, 0xFF, 0xD4, 0x00, 0x08, 0xEC, 0xFF, 0xFF, 0xFF,
	0xFF, 0xFF, 0xFF, 0xFF, 0xFF, 0xFF, 0xFF, 0xFF, 0x67, 0x00, 0x5C, 0xFF,
	0xFF, 0xFF, 0xFF, 0xFF, 0xFF, 0xFF, 0xFF, 0xFF, 0xFF, 0xFF, 0xBC, 0x02,
	0x00, 0x09, 0x96, 0xFC, 0xFF, 0xFF, 0xFF, 0xFF, 0xFF, 0xFF, 0xFF, 0xFF,
	0xA7, 0x09, 0x00, 0x00, 0x00, 0x00, 0x27, 0x88, 0xCC, 0xEA, 0xFA, 0xEF,
	0xD6, 0x97, 0x39, 0x00, 0x00, 0x00, 0x00, 0x6C, 0xFF, 0xFF, 0xFF, 0xE0,
	0x00, 0x00, 0x00, 0x00, 0x00, 0xBC, 0xFF, 0xFF, 0xFF, 0xFA, 0x22, 0x00,
	0x6C, 0xFF, 0xFF, 0xFF, 0xE0, 0x00, 0x00, 0x00, 0x00, 0x3B, 0xFF, 0xFF,
	0xFF, 0xFF, 0x94, 0x00, 0x00, 0x6C, 0xFF, 0xFF, 0xFF, 0xE0, 0x00, 0x00,
	0x00, 0x00, 0xC0, 0xFF, 0xFF, 0xFF, 0xEE, 0x14, 0x00, 0x00, 0x6C, 0xFF,
	0xFF, 0xFF, 0xE0, 0x00, 0x00, 0x00, 0x56, 0xFF, 0xFF, 0xFF, 0xFF, 0x67,
	0x00, 0x00, 0x00, 0x6C, 0xFF, 0xFF, 0xFF, 0xE0, 0x00, 0x00, 0x0B, 0xE0,
	0xFF, 0xFF, 0xFF, 0xC8, 0x02, 0x00, 0x00, 0x00, 0x6C, 0xFF, 0xFF, 0xFF,
	0xE0, 0x00, 0x00, 0x92, 0xFF, 0xFF, 0xFF, 0xF6, 0x28, 0x00, 0x00, 0x00,
	0x00, 0x6C, 0xFF, 0xFF, 0xFF, 0xE0, 0x00, 0x3C, 0xFE, 0xFF, 0xFF, 0xFF,
	0x6E, 0x00, 0x00, 0x00, 0x00, 0x00, 0x6C, 0xFF, 0xFF, 0xFF, 0xE0, 0x0E,
	0xDE, 0xFF, 0xFF, 0xFF, 0xB9, 0x01, 0x00, 0x00, 0x00, 0x00, 0x00, 0x6C,
	0xFF, 0xFF, 0xFF, 0xE0, 0xA7, 0xFF, 0xFF, 0xFF, 0xE1, 0x13, 0x00, 0x00,
	0x00, 0x00, 0x00, 0x00, 0x6C, 0xFF, 0xFF, 0xFF, 0xFE, 0xFF, 0xFF, 0xFF,
	0xF8, 0x34, 0x00, 0x00, 0x00, 0x00, 0x00, 0x00, 0x00, 0x6C, 0xFF, 0xFF,
	0xFF, 0xFF, 0xFF, 0xFF, 0xFF, 0xEA, 0x24, 0x00, 0x00, 0x00, 0x00, 0x00,
	0x00, 0x00, 0x6C, 0xFF, 0xFF, 0xFF, 0xFF, 0xFF, 0xFF, 0xFF, 0xFF, 0xE0,
	0x17, 0x00, 0x00, 0x00, 0x00, 0x00, 0x00, 0x6C, 0xFF, 0xFF, 0xFF, 0xE0,
	0x92, 0xFF, 0xFF, 0xFF, 0xFF, 0xC9, 0x06, 0x00, 0x00, 0x00, 0x00, 0x00,
	0x6C, 0xFF, 0xFF, 0xFF, 0xE0, 0x01, 0xAC, 0xFF, 0xFF, 0xFF, 0xFF, 0x8C,
	0x00, 0x00, 0x00, 0x00, 0x00, 0x6C, 0xFF, 0xFF, 0xFF, 0xE0, 0x00, 0x0C,
	0xDB, 0xFF, 0xFF, 0xFF, 0xFE, 0x45, 0x00, 0x00, 0x00, 0x00, 0x6C, 0xFF,
	0xFF, 0xFF, 0xE0, 0x00, 0x00, 0x35, 0xFA, 0xFF, 0xFF, 0xFF, 0xE6, 0x10,
	0x00, 0x00, 0x00, 0x6C, 0xFF, 0xFF, 0xFF, 0xE0, 0x00, 0x00, 0x00, 0x7B,
	0xFF, 0xFF, 0xFF, 0xFF, 0x8B, 0x00, 0x00, 0x00, 0x6C, 0xFF, 0xFF, 0xFF,
	0xE0, 0x00, 0x00, 0x00, 0x07, 0xDD, 0xFF, 0xFF, 0xFF, 0xF8, 0x20, 0x00,
	0x00, 0x6C, 0xFF, 0xFF, 0xFF, 0xE0, 0x00, 0x00, 0x00, 0x00, 0x53, 0xFF,
	0xFF, 0xFF, 0xFF, 0xA6, 0x00, 0x00, 0x6C, 0xFF, 0xFF, 0xFF, 0xE0, 0x00,
	0x00, 0x00, 0x00, 0x00, 0xC7, 0xFF, 0xFF, 0xFF, 0xFD, 0x24, 0x00, 0x6C,
	0xFF, 0xFF, 0xFF, 0xE0, 0x00, 0x00, 0x00, 0x00, 0x00, 0x52, 0xFF, 0xFF,
	0xFF, 0xFF, 0x90, 0x00, 0x6C, 0xFF, 0xFF, 0xFF, 0xE0, 0x00, 0x00, 0x00,
	0x00, 0x00, 0x04, 0xEA, 0xFF, 0xFF, 0xFF, 0xE9, 0x04, 0x84, 0xFF, 0xFF,
	0xFF, 0xD4, 0x00, 0x00, 0x00, 0x00, 0x00, 0x00, 0x00, 0x00, 0x00, 0x00,
	0x84, 0xFF, 0xFF, 0xFF, 0xD4, 0x00, 0x00, 0x00, 0x00, 0x00, 0x00, 0x00,
	0x00, 0x00, 0x00, 0x84, 0xFF, 0xFF, 0xFF, 0xD4, 0x00, 0x00, 0x00, 0x00,
	0x00, 0x00, 0x00, 0x00, 0x00, 0x00, 0x84, 0xFF, 0xFF, 0xFF, 0xD4, 0x00,
	0x00, 0x00, 0x00, 0x00, 0x00, 0x00, 0x00, 0x00, 0x00, 0x84, 0xFF, 0xFF,
	0xFF, 0xD4, 0x00, 0x00, 0x00, 0x00, 0x00, 0x00, 0x00, 0x00, 0x00, 0x00,
	0x84, 0xFF, 0xFF, 0xFF, 0xD4, 0x00, 0x00, 0x00, 0x00, 0x00, 0x00, 0x00,
	0x00, 0x00, 0x00, 0x84, 0xFF, 0xFF, 0xFF, 0xD4, 0x00, 0x00, 0x00, 0x00,
	0x00, 0x00, 0x00, 0x00, 0x00, 0x00, 0x84, 0xFF, 0xFF, 0xFF, 0xD4, 0x00,
	0x00, 0x00, 0x00, 0x00, 0x00, 0x00, 0x00, 0x00, 0x00, 0x84, 0xFF, 0xFF,
	0xFF, 0xD4, 0x00, 0x00, 0x00, 0x00, 0x00, 0x00, 0x00, 0x00, 0x00, 0x00,
	0x84, 0xFF, 0xFF, 0xFF, 0xD4, 0x00, 0x00, 0x00, 0x00, 0x00, 0x00, 0x00,
	0x00, 0x00, 0x00, 0x84, 0xFF, 0xFF, 0xFF, 0xD4, 0x00, 0x00, 0x00, 0x00,
	0x00, 0x00, 0x00, 0x00, 0x00, 0x00, 0x84, 0xFF, 0xFF, 0xFF, 0xD4, 0x00,
	0x00, 0x00, 0x00, 0x00, 0x00, 0x00, 0x00, 0x00, 0x00, 0x84, 0xFF, 0xFF,
	0xFF, 0xD4, 0x00, 0x00, 0x00, 0x00, 0x00, 0x00, 0x00, 0x00, 0x00, 0x00,
	0x84, 0xFF, 0xFF, 0xFF, 0xD4, 0x00, 0x00, 0x00, 0x00, 0x00, 0x00, 0x00,
	0x00, 0x00, 0x00, 0x84, 0xFF, 0xFF, 0xFF, 0xD4, 0x00, 0x00, 0x00, 0x00,
	0x00, 0x00, 0x00, 0x00, 0x00, 0x00, 0x84, 0xFF, 0xFF, 0xFF, 0xD4, 0x00,
	0x00, 0x00, 0x00, 0x00, 0x00, 0x00, 0x00, 0x00, 0x00, 0x84, 0xFF, 0xFF,
	0xFF, 0xD4, 0x00, 0x00, 0x00, 0x00, 0x00, 0x00, 0x00, 0x00, 0x00, 0x00,
	0x84, 0xFF, 0xFF, 0xFF, 0xD4, 0x00, 0x00, 0x00, 0x00, 0x00, 0x00, 0x00,
	0x00, 0x00, 0x00, 0x84, 0xFF, 0xFF, 0xFF, 0xFF, 0xFF, 0xFF, 0xFF, 0xFF,
	0xFF, 0xFF, 0xFF, 0xFF, 0xFF, 0x18, 0x84, 0xFF, 0xFF, 0xFF, 0xFF, 0xFF,
	0xFF, 0xFF, 0xFF, 0xFF, 0xFF, 0xFF, 0xFF, 0xFF, 0x18, 0x84, 0xFF, 0xFF,
	0xFF, 0xFF, 0xFF, 0xFF, 0xFF, 0xFF, 0xFF, 0xFF, 0xFF, 0xFF, 0xFF, 0x18,
	0x84, 0xFF, 0xFF, 0xFF, 0xFF, 0xFF, 0xFF, 0xFF, 0xFF, 0xFF, 0xFF, 0xFF,
	0xFF, 0xFF, 0x18, 0x00, 0x01, 0xFB, 0xFF, 0xFF, 0xCD, 0x00, 0x00, 0x00,
	0x00, 0x00, 0x5A, 0xFF, 0xFF, 0xFF, 0x72, 0x00, 0x00, 0x15, 0xFF, 0xFF,
	0xFF, 0xFF, 0x20, 0x00, 0x00, 0x00, 0x00, 0xB1, 0xFF, 0xFF, 0xFF, 0x87,
	0x00, 0x00, 0x2D, 0xFF, 0xFF, 0xFF, 0xFF, 0x71, 0x00, 0x00, 0x00, 0x0C,
	0xF7, 0xFF, 0xFF, 0xFF, 0x9C, 0x00, 0x00, 0x42, 0xFF, 0xFF, 0xFF, 0xFF,
	0xC3, 0x00, 0x00, 0x00, 0x56, 0xFF, 0xFF, 0xFF, 0xFF, 0xB2, 0x00, 0x00,
	0x56, 0xFF, 0xFF, 0xFE, 0xFF, 0xFD, 0x16, 0x00, 0x00, 0xA7, 0xFF, 0xFE,
	0xFF, 0xFF, 0xC7, 0x00, 0x00, 0x67, 0xFF, 0xFF, 0xD2, 0xFF, 0xFF, 0x63,
	0x00, 0x07, 0xF2, 0xFF, 0xD0, 0xFF, 0xFF, 0xDC, 0x00, 0x00, 0x76, 0xFF,
	0xFF, 0x9C, 0xF0, 0xFF, 0xB1, 0x00, 0x4D, 0xFF, 0xFF, 0x89, 0xFF, 0xFF,
	0xEF, 0x00, 0x00, 0x85, 0xFF, 0xFF, 0x9B, 0xAD, 0xFF, 0xF6, 0x0B, 0xA1,
	0xFF, 0xFF, 0x42, 0xFF, 0xFF, 0xFE, 0x02, 0x00, 0x95, 0xFF, 0xFF, 0x9D,
	0x66, 0xFF, 0xFF, 0x5A, 0xEF, 0xFF, 0xE2, 0x18, 0xFF, 0xFF, 0xFF, 0x12,
	0x00, 0xA4, 0xFF, 0xFF, 0xA0, 0x1E, 0xFF, 0xFF, 0xE2, 0xFF, 0xFF, 0x99,
	0x1B, 0xFF, 0xFF, 0xFF, 0x24, 0x00, 0xB2, 0xFF, 0xFF, 0xA3, 0x00, 0xD7,
	0xFF, 0xFF, 0xFF, 0xFF, 0x4F, 0x1F, 0xFF, 0xFF, 0xFF, 0x36, 0x00, 0xBF,
	0xFF, 0xFF, 0xA6, 0x00, 0x8F, 0xFF, 0xFF, 0xFF, 0xF9, 0x0C, 0x22, 0xFF,
	0xFF, 0xFF, 0x45, 0x00, 0xCB, 0xFF, 0xFF, 0xA9, 0x00, 0x48, 0xFF, 0xFF,
	0xFF, 0xBB, 0x00, 0x25, 0xFF, 0xFF, 0xFF, 0x52, 0x00, 0xD6, 0xFF, 0xFF,
	0xAB, 0x00, 0x09, 0xF7, 0xFF, 0xFF, 0x71, 0x00, 0x28, 0xFF, 0xFF, 0xFF,
	0x5E, 0x00, 0xE2, 0xFF, 0xFF, 0xAE, 0x00, 0x00, 0x00, 0x00, 0x00, 0x00,
	0x00, 0x2C, 0xFF, 0xFF, 0xFF, 0x6B, 0x00, 0xEE, 0xFF, 0xFF, 0xB1, 0x00,
	0x00, 0x00, 0x00, 0x00, 0x00, 0x00, 0x2F, 0xFF, 0xFF, 0xFF, 0x77, 0x00,
	0xF9, 0xFF, 0xFF, 0xB4, 0x00, 0x00, 0x00, 0x00, 0x00, 0x00, 0x00, 0x32,
	0xFF, 0xFF, 0xFF, 0x83, 0x03, 0xFF, 0xFF, 0xFF, 0xB7, 0x00, 0x00, 0x00,
	0x00, 0x00, 0x00, 0x00, 0x35, 0xFF, 0xFF, 0xFF, 0x8C, 0x0E, 0xFF, 0xFF,
	0xFF, 0xB9, 0x00, 0x00, 0x00, 0x00, 0x00, 0x00, 0x00, 0x39, 0xFF, 0xFF,
	0xFF, 0x94, 0x18, 0xFF, 0xFF, 0xFF, 0xBC, 0x00, 0x00, 0x00, 0x00, 0x00,
	0x00, 0x00, 0x3C, 0xFF, 0xFF, 0xFF, 0x9C, 0x22, 0xFF, 0xFF, 0xFF, 0xBF,
	0x00, 0x00, 0x00, 0x00, 0x00, 0x00, 0x00, 0x3F, 0xFF, 0xFF, 0xFF, 0xA4,
	0x2B, 0xFF, 0xFF, 0xFF, 0xC2, 0x00, 0x00, 0x00, 0x00, 0x00, 0x00, 0x00,
	0x42, 0xFF, 0xFF, 0xFF, 0xAC, 0x64, 0xFF, 0xFF, 0xFF, 0x60, 0x00, 0x00,
	0x00, 0x00, 0x00, 0x00, 0xFF, 0xFF, 0xFF, 0xE4, 0x64, 0xFF, 0xFF, 0xFF,
	0xE9, 0x0F, 0x00, 0x00, 0x00, 0x00, 0x00, 0xFF, 0xFF, 0xFF, 0xE4, 0x64,
	0xFF, 0xFF, 0xFF, 0xFF, 0x88, 0x00, 0x00, 0x00, 0x00, 0x00, 0xFF, 0xFF,
	0xFF, 0xE4, 0x64, 0xFF, 0xFF, 0xFF, 0xFF, 0xF7, 0x1C, 0x00, 0x00, 0x00,
	0x00, 0xFF, 0xFF, 0xFF, 0xE4, 0x64, 0xFF, 0xFF, 0xFF, 0xFF, 0xFF, 0x9A,
	0x00, 0x00, 0x00, 0x00, 0xFF, 0xFF, 0xFF, 0xE4, 0x64, 0xFF, 0xFF, 0xFF,
	0xFF, 0xFF, 0xFB, 0x24, 0x00, 0x00, 0x00, 0xFF, 0xFF, 0xFF, 0xE4, 0x64,
	0xFF, 0xFF, 0xFF, 0xFF, 0xFF, 0xFF, 0xA6, 0x00, 0x00, 0x00, 0xFF, 0xFF,
	0xFF, 0xE4, 0x64, 0xFF, 0xFF, 0xFF, 0xE7, 0xFF, 0xFF, 0xFE, 0x2A, 0x00,
	0x00, 0xFF, 0xFF, 0xFF, 0xE4, 0x64, 0xFF, 0xFF, 0xFF, 0x87, 0xE2, 0xFF,
	0xFF, 0xA5, 0x00, 0x00, 0xFF, 0xFF, 0xFF, 0xE4, 0x64, 0xFF, 0xFF, 0xFF,
	0x80, 0x63, 0xFF, 0xFF, 0xFC, 0x25, 0x00, 0xFF, 0xFF, 0xFF, 0xE4, 0x64,
	0xFF, 0xFF, 0xFF, 0x80, 0x03, 0xD8, 0xFF, 0xFF, 0x9E, 0x00, 0xFF, 0xFF,
	0xFF, 0xE4, 0x64, 0xFF, 0xFF, 0xFF, 0x80, 0x00, 0x59, 0xFF, 0xFF, 0xF9,
	0x1A, 0xFF, 0xFF, 0xFF, 0xE4, 0x64, 0xFF, 0xFF, 0xFF, 0x80, 0x00, 0x02,
	0xD9, 0xFF, 0xFF, 0x88, 0xFF, 0xFF, 0xFF, 0xE4, 0x64, 0xFF, 0xFF, 0xFF,
	0x80, 0x00, 0x00, 0x5F, 0xFF, 0xFF, 0xEE, 0xFF, 0xFF, 0xFF, 0xE4, 0x64,
	0xFF, 0xFF, 0xFF, 0x80, 0x00, 0x00, 0x04, 0xDD, 0xFF, 0xFF, 0xFF, 0xFF,
	0xFF, 0xE4, 0x64, 0xFF, 0xFF, 0xFF, 0x80, 0x00, 0x00, 0x00, 0x6B, 0xFF,
	0xFF, 0xFF, 0xFF, 0xFF, 0xE4, 0x64, 0xFF, 0xFF, 0xFF, 0x80, 0x00, 0x00,
	0x00, 0x0A, 0xEB, 0xFF, 0xFF, 0xFF, 0xFF, 0xE4, 0x64, 0xFF, 0xFF, 0xFF,
	0x80, 0x00, 0x00, 0x00, 0x00, 0x80, 0xFF, 0xFF, 0xFF, 0xFF, 0xE4, 0x64,
	0xFF, 0xFF, 0xFF, 0x80, 0x00, 0x00, 0x00, 0x00, 0x15, 0xF8, 0xFF, 0xFF,
	0xFF, 0xE4, 0x64, 0xFF, 0xFF, 0xFF, 0x80, 0x00, 0x00, 0x00, 0x00, 0x00,
	0xA1, 0xFF, 0xFF, 0xFF, 0xE4, 0x64, 0xFF, 0xFF, 0xFF, 0x80, 0x00, 0x00,
	0x00, 0x00, 0x00, 0x36, 0xFF, 0xFF, 0xFF, 0xE4, 0x64, 0xFF, 0xFF, 0xFF,
	0x80, 0x00, 0x00, 0x00, 0x00, 0x00, 0x00, 0xCA, 0xFF, 0xFF, 0xE4, 0x00,
	0x00, 0x00, 0x00, 0x00, 0x46, 0xA6, 0xDF, 0xF7, 0xEC, 0xCD, 0x81, 0x1B,
	0x00, 0x00, 0x00, 0x00, 0x00, 0x00, 0x00, 0x09, 0xAA, 0xFF, 0xFF, 0xFF,
	0xFF, 0xFF, 0xFF, 0xFF, 0xF0, 0x58, 0x00, 0x00, 0x00, 0x00, 0x00, 0x03,
	0xB6, 0xFF, 0xFF, 0xFF, 0xFF, 0xFF, 0xFF, 0xFF, 0xFF, 0xFF, 0xFC, 0x4F,
	0x00, 0x00, 0x00, 0x00, 0x6B, 0xFF, 0xFF, 0xFF, 0xFF, 0xFF, 0xFF, 0xFF,
	0xFF, 0xFF, 0xFF, 0xFF, 0xE9, 0x0E, 0x00, 0x00, 0x06, 0xEB, 0xFF, 0xFF,
	0xFF, 0xE4, 0x48, 0x0B, 0x1D, 0x9A, 0xFF, 0xFF, 0xFF, 0xFF, 0x7A, 0x00,
	0x00, 0x4D, 0xFF, 0xFF, 0xFF, 0xFF, 0x39, 0x00, 0x00, 0x00, 0x00, 0xBA,
	0xFF, 0xFF, 0xFF, 0xD2, 0x00, 0x00, 0x97, 0xFF, 0xFF, 0xFF, 0xCA, 0x00,
	0x00, 0x00, 0x00, 0x00, 0x4C, 0xFF, 0xFF, 0xFF, 0xFF, 0x1A, 0x00, 0xC5,
	0xFF, 0xFF, 0xFF, 0x8E, 0x00, 0x00, 0x00, 0x00, 0x00, 0x0F, 0xFF, 0xFF,
	0xFF, 0xFF, 0x46, 0x00, 0xED, 0xFF, 0xFF, 0xFF, 0x6E, 0x00, 0x00, 0x00,
	0x00, 0x00, 0x00, 0xEE, 0xFF, 0xFF, 0xFF, 0x6D, 0x00, 0xFC, 0xFF, 0xFF,
	0xFF, 0x61, 0x00, 0x00, 0x00, 0x00, 0x00, 0x00, 0xE2, 0xFF, 0xFF, 0xFF,
	0x7C, 0x0A, 0xFF, 0xFF, 0xFF, 0xFF, 0x55, 0x00, 0x00, 0x00, 0x00, 0x00,
	0x00, 0xD6, 0xFF, 0xFF, 0xFF, 0x89, 0x0A, 0xFF, 0xFF, 0xFF, 0xFF, 0x55,
	0x00, 0x00, 0x00, 0x00, 0x00, 0x00, 0xD6, 0xFF, 0xFF, 0xFF, 0x89, 0x00,
	0xFD, 0xFF, 0xFF, 0xFF, 0x61, 0x00, 0x00, 0x00, 0x00, 0x00, 0x00, 0xE2,
	0xFF, 0xFF, 0xFF, 0x7C, 0x00, 0xEE, 0xFF, 0xFF, 0xFF, 0x6E, 0x00, 0x00,
	0x00, 0x00, 0x00, 0x00, 0xEE, 0xFF, 0xFF, 0xFF, 0x6C, 0x00, 0xC7, 0xFF,
	0xFF, 0xFF, 0x8D, 0x00, 0x00, 0x00, 0x00, 0x00, 0x10, 0xFF, 0xFF, 0xFF,
	0xFF, 0x45, 0x00, 0x9A, 0xFF, 0xFF, 0xFF, 0xC9, 0x00, 0x00, 0x00, 0x00,
	0x00, 0x4E, 0xFF, 0xFF, 0xFF, 0xFF, 0x19, 0x00, 0x52, 0xFF, 0xFF, 0xFF,
	0xFF, 0x38, 0x00, 0x00, 0x00, 0x00, 0xBC, 0xFF, 0xFF, 0xFF, 0xD0, 0x00,
	0x00, 0x09, 0xF0, 0xFF, 0xFF, 0xFF, 0xE2, 0x45, 0x0A, 0x1D, 0x9A, 0xFF,
	0xFF, 0xFF, 0xFF, 0x77, 0x00, 0x00, 0x00, 0x77, 0xFF, 0xFF, 0xFF, 0xFF,
	0xFF, 0xFF, 0xFF, 0xFF, 0xFF, 0xFF, 0xFF, 0xE6, 0x0C, 0x00, 0x00, 0x00,
	0x07, 0xC4, 0xFF, 0xFF, 0xFF, 0xFF, 0xFF, 0xFF, 0xFF, 0xFF, 0xFF, 0xFB,
	0x4A, 0x00, 0x00, 0x00, 0x00, 0x00, 0x10, 0xB8, 0xFF, 0xFF, 0xFF, 0xFF,
	0xFF, 0xFF, 0xFF, 0xEF, 0x54, 0x00, 0x00, 0x00, 0x00, 0x00, 0x00, 0x00,
	0x00, 0x4F, 0xAB, 0xE1, 0xF8, 0xEE, 0xCE, 0x81, 0x19, 0x00, 0x00, 0x00,
	0x00, 0x1C, 0xFF, 0xFF, 0xFF, 0xFF, 0xFF, 0xFF, 0xF6, 0xE7, 0xC0, 0x8A,
	0x31, 0x00, 0x00, 0x00, 0x00, 0x1C, 0xFF, 0xFF, 0xFF, 0xFF, 0xFF, 0xFF,
	0xFF, 0xFF, 0xFF, 0xFF, 0xFF, 0xB2, 0x1B, 0x00, 0x00, 0x1C, 0xFF, 0xFF,
	0xFF, 0xFF, 0xFF, 0xFF, 0xFF, 0xFF, 0xFF, 0xFF, 0xFF, 0xFF, 0xDC, 0x19,
	0x00, 0x1C, 0xFF, 0xFF, 0xFF, 0xFF, 0xFF, 0xFF, 0xFF, 0xFF, 0xFF, 0xFF,
	0xFF, 0xFF, 0xFF, 0xA4, 0x00, 0x1C, 0xFF, 0xFF, 0xFF, 0xFF, 0x3C, 0x03,
	0x07, 0x26, 0x80, 0xF5, 0xFF, 0xFF, 0xFF, 0xFD, 0x13, 0x1C, 0xFF, 0xFF,
	0xFF, 0xFF, 0x30, 0x00, 0x00, 0x00, 0x00, 0x57, 0xFF, 0xFF, 0xFF, 0xFF,
	0x53, 0x1C, 0xFF, 0xFF, 0xFF, 0xFF, 0x30, 0x00, 0x00, 0x00, 0x00, 0x05,
	0xF8, 0xFF, 0xFF, 0xFF, 0x70, 0x1C, 0xFF, 0xFF, 0xFF, 0xFF, 0x30, 0x00,
	0x00, 0x00, 0x00, 0x00, 0xE9, 0xFF, 0xFF, 0xFF, 0x7E, 0x1C, 0xFF, 0xFF,
	0xFF, 0xFF, 0x30, 0x00, 0x00, 0x00, 0x00, 0x08, 0xFA, 0xFF, 0xFF, 0xFF,
	0x6F, 0x1C, 0xFF, 0xFF, 0xFF, 0xFF, 0x30, 0x00, 0x00, 0x00, 0x00, 0x65,
	0xFF, 0xFF, 0xFF, 0xFF, 0x4E, 0x1C, 0xFF, 0xFF, 0xFF, 0xFF, 0x30, 0x00,
	0x07, 0x29, 0x81, 0xF9, 0xFF, 0xFF, 0xFF, 0xFB, 0x0F, 0x1C, 0xFF, 0xFF,
	0xFF, 0xFF, 0xFF, 0xFF, 0xFF, 0xFF, 0xFF, 0xFF, 0xFF, 0xFF, 0xFF, 0x9A,
	0x00, 0x1C, 0xFF, 0xFF, 0xFF, 0xFF, 0xFF, 0xFF, 0xFF, 0xFF, 0xFF, 0xFF,
	0xFF, 0xFF, 0xD5, 0x13, 0x00, 0x1C, 0xFF, 0xFF, 0xFF, 0xFF, 0xFF, 0xFF,
	0xFF, 0xFF, 0xFF, 0xFF, 0xFF, 0xAA, 0x15, 0x00, 0x00, 0x1C, 0xFF, 0xFF,
	0xFF, 0xFF, 0xFF, 0xFF, 0xF6, 0xE5, 0xBD, 0x84, 0x2A, 0x00, 0x00, 0x00,
	0x00, 0x1C, 0xFF, 0xFF, 0xFF, 0xFF, 0x30, 0x00, 0x00, 0x00, 0x00, 0x00,
	0x00, 0x00, 0x00, 0x00, 0x00, 0x1C, 0xFF, 0xFF, 0xFF, 0xFF, 0x30, 0x00,
	0x00, 0x00, 0x00, 0x00, 0x00, 0x00, 0x00, 0x00, 0x00, 0x1C, 0xFF, 0xFF,
	0xFF, 0xFF, 0x30, 0x00, 0x00, 0x00, 0x00, 0x00, 0x00, 0x00, 0x00, 0x00,
	0x00, 0x1C, 0xFF, 0xFF, 0xFF, 0xFF, 0x30, 0x00, 0x00, 0x00, 0x00, 0x00,
	0x00, 0x00, 0x00, 0x00, 0x00, 0x1C, 0xFF, 0xFF, 0xFF, 0xFF, 0x30, 0x00,
	0x00, 0x00, 0x00, 0x00, 0x00, 0x00, 0x00, 0x00, 0x00, 0x1C, 0xFF, 0xFF,
	0xFF, 0xFF, 0x30, 0x00, 0x00, 0x00, 0x00, 0x00, 0x00, 0x00, 0x00, 0x00,
	0x00, 0x1C, 0xFF, 0xFF, 0xFF, 0xFF, 0x30, 0x00, 0x00, 0x00, 0x00, 0x00,
	0x00, 0x00, 0x00, 0x00, 0x00, 0x00, 0x00, 0x00, 0x00, 0x00, 0x45, 0xA5,
	0xDF, 0xF7, 0xEC, 0xCD, 0x80, 0x19, 0x00, 0x00, 0x00, 0x00, 0x00, 0x00,
	0x00, 0x08, 0xA6, 0xFF, 0xFF, 0xFF, 0xFF, 0xFF, 0xFF, 0xFF, 0xEF, 0x54,
	0x00, 0x00, 0x00, 0x00, 0x00, 0x02, 0xB2, 0xFF, 0xFF, 0xFF, 0xFF, 0xFF,
	0xFF, 0xFF, 0xFF, 0xFF, 0xFB, 0x4A, 0x00, 0x00, 0x00, 0x00, 0x65, 0xFF,
	0xFF, 0xFF, 0xFF, 0xFF, 0xFF, 0xFF, 0xFF, 0xFF, 0xFF, 0xFF, 0xE6, 0x0B,
	0x00, 0x00, 0x04, 0xE8, 0xFF, 0xFF, 0xFF, 0xE4, 0x48, 0x0B, 0x1D, 0x9A,
	0xFF, 0xFF, 0xFF, 0xFF, 0x75, 0x00, 0x00, 0x48, 0xFF, 0xFF, 0xFF, 0xFF,
	0x39, 0x00, 0x00, 0x00, 0x00, 0xBA, 0xFF, 0xFF, 0xFF, 0xCD, 0x00, 0x00,
	0x93, 0xFF, 0xFF, 0xFF, 0xCA, 0x00, 0x00, 0x00, 0x00, 0x00, 0x4C, 0xFF,
	0xFF, 0xFF, 0xFF, 0x17, 0x00, 0xC2, 0xFF, 0xFF, 0xFF, 0x8E, 0x00, 0x00,
	0x00, 0x00, 0x00, 0x0F, 0xFF, 0xFF, 0xFF, 0xFF, 0x43, 0x00, 0xEA, 0xFF,
	0xFF, 0xFF, 0x6E, 0x00, 0x00, 0x00, 0x00, 0x00, 0x00, 0xEE, 0xFF, 0xFF,
	0xFF, 0x6A, 0x00, 0xFB, 0xFF, 0xFF, 0xFF, 0x61, 0x00, 0x00, 0x00, 0x00,
	0x00, 0x00, 0xE2, 0xFF, 0xFF, 0xFF, 0x7B, 0x08, 0xFF, 0xFF, 0xFF, 0xFF,
	0x55, 0x00, 0x00, 0x00, 0x00, 0x00, 0x00, 0xD6, 0xFF, 0xFF, 0xFF, 0x88,
	0x0C, 0xFF, 0xFF, 0xFF, 0xFF, 0x55, 0x00, 0x00, 0x00, 0x00, 0x00, 0x00,
	0xD6, 0xFF, 0xFF, 0xFF, 0x8B, 0x02, 0xFF, 0xFF, 0xFF, 0xFF, 0x61, 0x00,
	0x00, 0x00, 0x00, 0x00, 0x00, 0xE2, 0xFF, 0xFF, 0xFF, 0x80, 0x00, 0xF1,
	0xFF, 0xFF, 0xFF, 0x6E, 0x00, 0x00, 0x00, 0x00, 0x00, 0x00, 0xEE, 0xFF,
	0xFF, 0xFF, 0x70, 0x00, 0xCE, 0xFF, 0xFF, 0xFF, 0x8E, 0x00, 0x00, 0x00,
	0x00, 0x00, 0x10, 0xFF, 0xFF, 0xFF, 0xFF, 0x4D, 0x00, 0xA2, 0xFF, 0xFF,
	0xFF, 0xCA, 0x00, 0x00, 0x00, 0x00, 0x00, 0x4E, 0xFF, 0xFF, 0xFF, 0xFF,
	0x23, 0x00, 0x5F, 0xFF, 0xFF, 0xFF, 0xFF, 0x39, 0x00, 0x00, 0x00, 0x00,
	0xBC, 0xFF, 0xFF, 0xFF, 0xDF, 0x00, 0x00, 0x12, 0xF5, 0xFF, 0xFF, 0xFF,
	0xE3, 0x45, 0x0A, 0x1D, 0x9A, 0xFF, 0xFF, 0xFF, 0xFF, 0x8A, 0x00, 0x00,
	0x00, 0x8F, 0xFF, 0xFF, 0xFF, 0xFF, 0xFF, 0xFF, 0xFF, 0xFF, 0xFF, 0xFF,
	0xFF, 0xF8, 0x1C, 0x00, 0x00, 0x00, 0x0C, 0xDD, 0xFF, 0xFF, 0xFF, 0xFF,
	0xFF, 0xFF, 0xFF, 0xFF, 0xFF, 0xFF, 0x71, 0x00, 0x00, 0x00, 0x00, 0x00,
	0x21, 0xDC, 0xFF, 0xFF, 0xFF, 0xFF, 0xFF, 0xFF, 0xFF, 0xFF, 0x8B, 0x00,
	0x00, 0x00, 0x00, 0x00, 0x00, 0x00, 0x0B, 0x82, 0xE2, 0xFF, 0xFF, 0xFF,
	0xFC, 0xC0, 0x45, 0x00, 0x00, 0x00, 0x00, 0x00, 0x00, 0x00, 0x00, 0x00,
	0x00, 0x12, 0xFE, 0xFF, 0xFF, 0xCA, 0x1F, 0x00, 0x00, 0x00, 0x00, 0x00,
	0x00, 0x00, 0x00, 0x00, 0x00, 0x00, 0x00, 0xC0, 0xFF, 0xFF, 0xFF, 0xFC,
	0xBE, 0x7F, 0x4D, 0x21, 0x02, 0x00, 0x00, 0x00, 0x00, 0x00, 0x00, 0x00,
	0x3A, 0xFB, 0xFF, 0xFF, 0xFF, 0xFF, 0xFF, 0xFF, 0xFF, 0x42, 0x00, 0x00,
	0x00, 0x00, 0x00, 0x00, 0x00, 0x00, 0x5B, 0xF8, 0xFF, 0xFF, 0xFF, 0xFF,
	0xFF, 0xFC, 0x0C, 0x00, 0x00, 0x00, 0x00, 0x00, 0x00, 0x00, 0x00, 0x00,
	0x27, 0xAA, 0xFA, 0xFF, 0xFF, 0xFF, 0xCE, 0x00, 0x00, 0x00, 0x00, 0x00,
	0x00, 0x00, 0x00, 0x00, 0x00, 0x00, 0x00, 0x15, 0x60, 0xA2, 0xD4, 0x8F,
	0x00, 0x1C, 0xFF, 0xFF, 0xFF, 0xFF, 0xFF, 0xFD, 0xF0, 0xD7, 0xA4, 0x53,
	0x05, 0x00, 0x00, 0x00, 0x00, 0x00, 0x1C, 0xFF, 0xFF, 0xFF, 0xFF, 0xFF,
	0xFF, 0xFF, 0xFF, 0xFF, 0xFF, 0xD7, 0x36, 0x00, 0x00, 0x00, 0x00, 0x1C,
	0xFF, 0xFF, 0xFF, 0xFF, 0xFF, 0xFF, 0xFF, 0xFF, 0xFF, 0xFF, 0xFF, 0xF3,
	0x36, 0x00, 0x00, 0x00, 0x1C, 0xFF, 0xFF, 0xFF, 0xFF, 0xFF, 0xFF, 0xFF,
	0xFF, 0xFF, 0xFF, 0xFF, 0xFF, 0xD3, 0x03, 0x00, 0x00, 0x1C, 0xFF, 0xFF,
	0xFF, 0xFF, 0x3A, 0x05, 0x1F, 0x65, 0xE1, 0xFF, 0xFF, 0xFF, 0xFF, 0x44,
	0x00, 0x00, 0x1C, 0xFF, 0xFF, 0xFF, 0xFF, 0x30, 0x00, 0x00, 0x00, 0x1E,
	0xF7, 0xFF, 0xFF, 0xFF, 0x87, 0x00, 0x00, 0x1C, 0xFF, 0xFF, 0xFF, 0xFF,
	0x30, 0x00, 0x00, 0x00, 0x00, 0xBE, 0xFF, 0xFF, 0xFF, 0xA1, 0x00, 0x00,
	0x1C, 0xFF, 0xFF, 0xFF, 0xFF, 0x30, 0x00, 0x00, 0x00, 0x00, 0xC8, 0xFF,
	0xFF, 0xFF, 0xA5, 0x00, 0x00, 0x1C, 0xFF, 0xFF, 0xFF, 0xFF, 0x30, 0x00,
	0x00, 0x00, 0x29, 0xF8, 0xFF, 0xFF, 0xFF, 0x8A, 0x00, 0x00, 0x1C, 0xFF,
	0xFF, 0xFF, 0xFF, 0x30, 0x04, 0x1A, 0x5B, 0xE0, 0xFF, 0xFF, 0xFF, 0xFF,
	0x4C, 0x00, 0x00, 0x1C, 0xFF, 0xFF, 0xFF, 0xFF, 0xFF, 0xFF, 0xFF, 0xFF,
	0xFF, 0xFF, 0xFF, 0xFF, 0xE6, 0x04, 0x00, 0x00, 0x1C, 0xFF, 0xFF, 0xFF,
	0xFF, 0xFF, 0xFF, 0xFF, 0xFF, 0xFF, 0xFF, 0xFF, 0xFC, 0x4B, 0x00, 0x00,
	0x00, 0x1C, 0xFF, 0xFF, 0xFF, 0xFF, 0xFF, 0xFF, 0xFF, 0xFF, 0xFF, 0xFF,
	0xDB, 0x43, 0x00, 0x00, 0x00, 0x00, 0x1C, 0xFF, 0xFF, 0xFF, 0xFF, 0xFF,
	0xFF, 0xFF, 0xFF, 0xFF, 0xFF, 0xB2, 0x00, 0x00, 0x00, 0x00, 0x00, 0x1C,
	0xFF, 0xFF, 0xFF, 0xFF, 0x30, 0x00, 0x46, 0xFF, 0xFF, 0xFF, 0xFF, 0x51,
	0x00, 0x00, 0x00, 0x00, 0x1C, 0xFF, 0xFF, 0xFF, 0xFF, 0x30, 0x00, 0x00,
	0xB3, 0xFF, 0xFF, 0xFF, 0xDF, 0x07, 0x00, 0x00, 0x00, 0x1C, 0xFF, 0xFF,
	0xFF, 0xFF, 0x30, 0x00, 0x00, 0x25, 0xF9, 0xFF, 0xFF, 0xFF, 0x76, 0x00,
	0x00, 0x00, 0x1C, 0xFF, 0xFF, 0xFF, 0xFF, 0x30, 0x00, 0x00, 0x00, 0x8B,
	0xFF, 0xFF, 0xFF, 0xF0, 0x10, 0x00, 0x00, 0x1C, 0xFF, 0xFF, 0xFF, 0xFF,
	0x30, 0x00, 0x00, 0x00, 0x10, 0xF0, 0xFF, 0xFF, 0xFF, 0x81, 0x00, 0x00,
	0x1C, 0xFF, 0xFF, 0xFF, 0xFF, 0x30, 0x00, 0x00, 0x00, 0x00, 0x7E, 0xFF,
	0xFF, 0xFF, 0xF0, 0x10, 0x00, 0x1C, 0xFF, 0xFF, 0xFF, 0xFF, 0x30, 0x00,
	0x00, 0x00, 0x00, 0x12, 0xF6, 0xFF, 0xFF, 0xFF, 0x74, 0x00, 0x1C, 0xFF,
	0xFF, 0xFF, 0xFF, 0x30, 0x00, 0x00, 0x00, 0x00, 0x00, 0x9E, 0xFF, 0xFF,
	0xFF, 0xE0, 0x03, 0x00, 0x00, 0x00, 0x04, 0x56, 0xAB, 0xDF, 0xF4, 0xF9,
	0xE9, 0xC4, 0x88, 0x32, 0x00, 0x00, 0x00, 0x00, 0x00, 0x28, 0xD1, 0xFF,
	0xFF, 0xFF, 0xFF, 0xFF, 0xFF, 0xFF, 0xFF, 0xFF, 0xC4, 0x06, 0x00, 0x00,
	0x1C, 0xE6, 0xFF, 0xFF, 0xFF, 0xFF, 0xFF, 0xFF, 0xFF, 0xFF, 0xFF, 0xFF,
	0xC5, 0x00, 0x00, 0x00, 0xA3, 0xFF, 0xFF, 0xFF, 0xFF, 0xFF, 0xFF, 0xFF,
	0xFF, 0xFF, 0xFF, 0xFF, 0x67, 0x00, 0x00, 0x0A, 0xF7, 0xFF, 0xFF, 0xFF,
	0xD3, 0x4C, 0x16, 0x04, 0x10, 0x38, 0x83, 0xD7, 0x11, 0x00, 0x00, 0x33,
	0xFF, 0xFF, 0xFF, 0xFF, 0x2A, 0x00, 0x00, 0x00, 0x00, 0x00, 0x00, 0x00,
	0x00, 0x00, 0x00, 0x42, 0xFF, 0xFF, 0xFF, 0xFF, 0x1F, 0x00, 0x00, 0x00,
	0x00, 0x00, 0x00, 0x00, 0x00, 0x00, 0x00, 0x2D, 0xFF, 0xFF, 0xFF, 0xFF,
	0xD1, 0x2B, 0x00, 0x00, 0x00, 0x00, 0x00, 0x00, 0x00, 0x00, 0x00, 0x03,
	0xE6, 0xFF, 0xFF, 0xFF, 0xFF, 0xFE, 0xB9, 0x63, 0x0E, 0x00, 0x00, 0x00,
	0x00, 0x00, 0x00, 0x00, 0x67, 0xFF, 0xFF, 0xFF, 0xFF, 0xFF, 0xFF, 0xFF,
	0xF4, 0x9C, 0x28, 0x00, 0x00, 0x00, 0x00, 0x00, 0x00, 0x8E, 0xFF, 0xFF,
	0xFF, 0xFF, 0xFF, 0xFF, 0xFF, 0xFF, 0xFC, 0x87, 0x02, 0x00, 0x00, 0x00,
	0x00, 0x00, 0x42, 0xD6, 0xFF, 0xFF, 0xFF, 0xFF, 0xFF, 0xFF, 0xFF, 0xFF,
	0x9E, 0x00, 0x00, 0x00, 0x00, 0x00, 0x00, 0x02, 0x47, 0xAB, 0xF7, 0xFF,
	0xFF, 0xFF, 0xFF, 0xFF, 0xFF, 0x52, 0x00, 0x00, 0x00, 0x00, 0x00, 0x00,
	0x00, 0x00, 0x0E, 0x6B, 0xE1, 0xFF, 0xFF, 0xFF, 0xFF, 0xBF, 0x00, 0x00,
	0x00, 0x00, 0x00, 0x00, 0x00, 0x00, 0x00, 0x00, 0x0F, 0xBF, 0xFF, 0xFF,
	0xFF, 0xFA, 0x01, 0x00, 0x00, 0x00, 0x00, 0x00, 0x00, 0x00, 0x00, 0x00,
	0x00, 0x41, 0xFF, 0xFF, 0xFF, 0xFF, 0x10, 0x00, 0x72, 0x6F, 0x03, 0x00,
	0x00, 0x00, 0x00, 0x00, 0x00, 0x67, 0xFF, 0xFF, 0xFF, 0xFF, 0x06, 0x00,
	0xCB, 0xFF, 0xD7, 0x70, 0x29, 0x0D, 0x04, 0x1D, 0x6B, 0xF1, 0xFF, 0xFF,
	0xFF, 0xD9, 0x00, 0x1B, 0xFE, 0xFF, 0xFF, 0xFF, 0xFF, 0xFF, 0xFF, 0xFF,
	0xFF, 0xFF, 0xFF, 0xFF, 0xFF, 0x7F, 0x00, 0x6A, 0xFF, 0xFF, 0xFF, 0xFF,
	0xFF, 0xFF, 0xFF, 0xFF, 0xFF, 0xFF, 0xFF, 0xFF, 0xD7, 0x0C, 0x00, 0x26,
	0xB6, 0xFF, 0xFF, 0xFF, 0xFF, 0xFF, 0xFF, 0xFF, 0xFF, 0xFF, 0xFF, 0xBF,
	0x1A, 0x00, 0x00, 0x00, 0x00, 0x2F, 0x8E, 0xC9, 0xEC, 0xFC, 0xFA, 0xED,
	0xCE, 0x9A, 0x43, 0x01, 0x00, 0x00, 0x00, 0x20, 0xFF, 0xFF, 0xFF, 0xFF,
	0xFF, 0xFF, 0xFF, 0xFF, 0xFF, 0xFF, 0xFF, 0xFF, 0xFF, 0xFF, 0xFF, 0xA0,
	0x20, 0xFF, 0xFF, 0xFF, 0xFF, 0xFF, 0xFF, 0xFF, 0xFF, 0xFF, 0xFF, 0xFF,
	0xFF, 0xFF, 0xFF, 0xFF, 0xA0, 0x20, 0xFF, 0xFF, 0xFF, 0xFF, 0xFF, 0xFF,
	0xFF, 0xFF, 0xFF, 0xFF, 0xFF, 0xFF, 0xFF, 0xFF, 0xFF, 0xA0, 0x20, 0xFF,
	0xFF, 0xFF, 0xFF, 0xFF, 0xFF, 0xFF, 0xFF, 0xFF, 0xFF, 0xFF, 0xFF, 0xFF,
	0xFF, 0xFF, 0xA0, 0x00, 0x00, 0x00, 0x00, 0x00, 0x00, 0x6C, 0xFF, 0xFF,
	0xFF, 0xEC, 0x00, 0x00, 0x00, 0x00, 0x00, 0x00, 0x00, 0x00, 0x00, 0x00,
	0x00, 0x00, 0x6C, 0xFF, 0xFF, 0xFF, 0xEC, 0x00, 0x00, 0x00, 0x00, 0x00,
	0x00, 0x00, 0x00, 0x00, 0x00, 0x00, 0x00, 0x6C, 0xFF, 0xFF, 0xFF, 0xEC,
	0x00, 0x00, 0x00, 0x00, 0x00, 0x00, 0x00, 0x00, 0x00, 0x00, 0x00, 0x00,
	0x6C, 0xFF, 0xFF, 0xFF, 0xEC, 0x00, 0x00, 0x00, 0x00, 0x00, 0x00, 0x00,
	0x00, 0x00, 0x00, 0x00, 0x00, 0x6C, 0xFF, 0xFF, 0xFF, 0xEC, 0x00, 0x00,
	0x00, 0x00, 0x00, 0x00, 0x00, 0x00, 0x00, 0x00, 0x00, 0x00, 0x6C, 0xFF,
	0xFF, 0xFF, 0xEC, 0x00, 0x00, 0x00, 0x00, 0x00, 0x00, 0x00, 0x00, 0x00,
	0x00, 0x00, 0x00, 0x6C, 0xFF, 0xFF, 0xFF, 0xEC, 0x00, 0x00, 0x00, 0x00,
	0x00, 0x00, 0x00, 0x00, 0x00, 0x00, 0x00, 0x00, 0x6C, 0xFF, 0xFF, 0xFF,
	0xEC, 0x00, 0x00, 0x00, 0x00, 0x00, 0x00, 0x00, 0x00, 0x00, 0x00, 0x00,
	0x00, 0x6C, 0xFF, 0xFF, 0xFF, 0xEC, 0x00, 0x00, 0x00, 0x00, 0x00, 0x00,
	0x00, 0x00, 0x00, 0x00, 0x00, 0x00, 0x6C, 0xFF, 0xFF, 0xFF, 0xEC, 0x00,
	0x00, 0x00, 0x00, 0x00, 0x00, 0x00, 0x00, 0x00, 0x00, 0x00, 0x00, 0x6C,
	0xFF, 0xFF, 0xFF, 0xEC, 0x00, 0x00, 0x00, 0x00, 0x00, 0x00, 0x00, 0x00,
	0x00, 0x00, 0x00, 0x00, 0x6C, 0xFF, 0xFF, 0xFF, 0xEC, 0x00, 0x00, 0x00,
	0x00, 0x00, 0x00, 0x00, 0x00, 0x00, 0x00, 0x00, 0x00, 0x6C, 0xFF, 0xFF,
	0xFF, 0xEC, 0x00, 0x00, 0x00, 0x00, 0x00, 0x00, 0x00, 0x00, 0x00, 0x00,
	0x00, 0x00, 0x6C, 0xFF, 0xFF, 0xFF, 0xEC, 0x00, 0x00, 0x00, 0x00, 0x00,
	0x00, 0x00, 0x00, 0x00, 0x00, 0x00, 0x00, 0x6C, 0xFF, 0xFF, 0xFF, 0xEC,
	0x00, 0x00, 0x00, 0x00, 0x00, 0x00, 0x00, 0x00, 0x00, 0x00, 0x00, 0x00,
	0x6C, 0xFF, 0xFF, 0xFF, 0xEC, 0x00, 0x00, 0x00, 0x00, 0x00, 0x00, 0x00,
	0x00, 0x00, 0x00, 0x00, 0x00, 0x6C, 0xFF, 0xFF, 0xFF, 0xEC, 0x00, 0x00,
	0x00, 0x00, 0x00, 0x00, 0x00, 0x00, 0x00, 0x00, 0x00, 0x00, 0x6C, 0xFF,
	0xFF, 0xFF, 0xEC, 0x00, 0x00, 0x00, 0x00, 0x00, 0x00, 0xA4, 0xFF, 0xFF,
	0xFF, 0xB4, 0x00, 0x00, 0x00, 0x00, 0x00, 0x2C, 0xFF, 0xFF, 0xFF, 0xFF,
	0x24, 0xA4, 0xFF, 0xFF, 0xFF, 0xB4, 0x00, 0x00, 0x00, 0x00, 0x00, 0x2C,
	0xFF, 0xFF, 0xFF, 0xFF, 0x24, 0xA4, 0xFF, 0xFF, 0xFF, 0xB4, 0x00, 0x00,
	0x00, 0x00, 0x00, 0x2C, 0xFF, 0xFF, 0xFF, 0xFF, 0x24, 0xA4, 0xFF, 0xFF,
	0xFF, 0xB4, 0x00, 0x00, 0x00, 0x00, 0x00, 0x2C, 0xFF, 0xFF, 0xFF, 0xFF,
	0x24, 0xA4, 0xFF, 0xFF, 0xFF, 0xB4, 0x00, 0x00, 0x00, 0x00, 0x00, 0x2C,
	0xFF, 0xFF, 0xFF, 0xFF, 0x24, 0xA4, 0xFF, 0xFF, 0xFF, 0xB4, 0x00, 0x00,
	0x00, 0x00, 0x00, 0x2C, 0xFF, 0xFF, 0xFF, 0xFF, 0x24, 0xA4, 0xFF, 0xFF,
	0xFF, 0xB4, 0x00, 0x00, 0x00, 0x00, 0x00, 0x2C, 0xFF, 0xFF, 0xFF, 0xFF,
	0x24, 0xA4, 0xFF, 0xFF, 0xFF, 0xB4, 0x00, 0x00, 0x00, 0x00, 0x00, 0x2C,
	0xFF, 0xFF, 0xFF, 0xFF, 0x24, 0xA4, 0xFF, 0xFF, 0xFF, 0xB4, 0x00, 0x00,
	0x00, 0x00, 0x00, 0x2C, 0xFF, 0xFF, 0xFF, 0xFF, 0x24, 0xA4, 0xFF, 0xFF,
	0xFF, 0xB4, 0x00, 0x00, 0x00, 0x00, 0x00, 0x2C, 0xFF, 0xFF, 0xFF, 0xFF,
	0x24, 0xA4, 0xFF, 0xFF, 0xFF, 0xB4, 0x00, 0x00, 0x00, 0x00, 0x00, 0x2C,
	0xFF, 0xFF, 0xFF, 0xFF, 0x24, 0xA4, 0xFF, 0xFF, 0xFF, 0xB4, 0x00, 0x00,
	0x00, 0x00, 0x00, 0x2C, 0xFF, 0xFF, 0xFF, 0xFF, 0x24, 0xA4, 0xFF, 0xFF,
	0xFF, 0xB4, 0x00, 0x00, 0x00, 0x00, 0x00, 0x2C, 0xFF, 0xFF, 0xFF, 0xFF,
	0x24, 0xA3, 0xFF, 0xFF, 0xFF, 0xB5, 0x00, 0x00, 0x00, 0x00, 0x00, 0x2E,
	0xFF, 0xFF, 0xFF, 0xFF, 0x23, 0x9B, 0xFF, 0xFF, 0xFF, 0xBF, 0x00, 0x00,
	0x00, 0x00, 0x00, 0x38, 0xFF, 0xFF, 0xFF, 0xFF, 0x19, 0x8B, 0xFF, 0xFF,
	0xFF, 0xDB, 0x00, 0x00, 0x00, 0x00, 0x00, 0x55, 0xFF, 0xFF, 0xFF, 0xFF,
	0x0A, 0x67, 0xFF, 0xFF, 0xFF, 0xFE, 0x1F, 0x00, 0x00, 0x00, 0x00, 0x9C,
	0xFF, 0xFF, 0xFF, 0xE3, 0x00, 0x2E, 0xFF, 0xFF, 0xFF, 0xFF, 0xC3, 0x2D,
	0x05, 0x11, 0x69, 0xFC, 0xFF, 0xFF, 0xFF, 0xA9, 0x00, 0x00, 0xD2, 0xFF,
	0xFF, 0xFF, 0xFF, 0xFF, 0xFF, 0xFF, 0xFF, 0xFF, 0xFF, 0xFF, 0xFF, 0x4D,
	0x00, 0x00, 0x43, 0xFD, 0xFF, 0xFF, 0xFF, 0xFF, 0xFF, 0xFF, 0xFF, 0xFF,
	0xFF, 0xFF, 0xB7, 0x00, 0x00, 0x00, 0x00, 0x5C, 0xF5, 0xFF, 0xFF, 0xFF,
	0xFF, 0xFF, 0xFF, 0xFF, 0xFF, 0xB4, 0x0B, 0x00, 0x00, 0x00, 0x00, 0x00,
	0x1A, 0x83, 0xC8, 0xE9, 0xFA, 0xF1, 0xDA, 0xA0, 0x47, 0x00, 0x00, 0x00,
	0x00, 0x74, 0xFF, 0xFF, 0xFF, 0xFF, 0x11, 0x00, 0x00, 0x00, 0x00, 0x00,
	0x00, 0x86, 0xFF, 0xFF, 0xFF, 0xF5, 0x03, 0x40, 0xFF, 0xFF, 0xFF, 0xFF,
	0x35, 0x00, 0x00, 0x00, 0x00, 0x00, 0x00, 0xB1, 0xFF, 0xFF, 0xFF, 0xC3,
	0x00, 0x0C, 0xFC, 0xFF, 0xFF, 0xFF, 0x5E, 0x00, 0x00, 0x00, 0x00, 0x00,
	0x00, 0xE0, 0xFF, 0xFF, 0xFF, 0x8D, 0x00, 0x00, 0xCF, 0xFF, 0xFF, 0xFF,
	0x8B, 0x00, 0x00, 0x00, 0x00, 0x00, 0x0E, 0xFF, 0xFF, 0xFF, 0xFF, 0x54,
	0x00, 0x00, 0x92, 0xFF, 0xFF, 0xFF, 0xBA, 0x00, 0x00, 0x00, 0x00, 0x00,
	0x3E, 0xFF, 0xFF, 0xFF, 0xFF, 0x1A, 0x00, 0x00, 0x52, 0xFF, 0xFF, 0xFF,
	0xED, 0x00, 0x00, 0x00, 0x00, 0x00, 0x70, 0xFF, 0xFF, 0xFF, 0xDE, 0x00,
	0x00, 0x00, 0x13, 0xFE, 0xFF, 0xFF, 0xFF, 0x1F, 0x00, 0x00, 0x00, 0x00,
	0xA1, 0xFF, 0xFF, 0xFF, 0x9F, 0x00, 0x00, 0x00, 0x00, 0xCF, 0xFF, 0xFF,
	0xFF, 0x52, 0x00, 0x00, 0x00, 0x00, 0xD3, 0xFF, 0xFF, 0xFF, 0x60, 0x00,
	0x00, 0x00, 0x00, 0x8B, 0xFF, 0xFF, 0xFF, 0x86, 0x00, 0x00, 0x00, 0x08,
	0xFB, 0xFF, 0xFF, 0xFF, 0x1D, 0x00, 0x00, 0x00, 0x00, 0x47, 0xFF, 0xFF,
	0xFF, 0xBF, 0x00, 0x00, 0x00, 0x3C, 0xFF, 0xFF, 0xFF, 0xD9, 0x00, 0x00,
	0x00, 0x00, 0x00, 0x09, 0xF7, 0xFF, 0xFF, 0xF5, 0x05, 0x00, 0x00, 0x75,
	0xFF, 0xFF, 0xFF, 0x94, 0x00, 0x00, 0x00, 0x00, 0x00, 0x00, 0xB7, 0xFF,
	0xFF, 0xFF, 0x36, 0x00, 0x00, 0xAE, 0xFF, 0xFF, 0xFF, 0x49, 0x00, 0x00,
	0x00, 0x00, 0x00, 0x00, 0x6D, 0xFF, 0xFF, 0xFF, 0x71, 0x00, 0x00, 0xE6,
	0xFF, 0xFF, 0xF5, 0x08, 0x00, 0x00, 0x00, 0x00, 0x00, 0x00, 0x23, 0xFF,
	0xFF, 0xFF, 0xAE, 0x00, 0x20, 0xFF, 0xFF, 0xFF, 0xB2, 0x00, 0x00, 0x00,
	0x00, 0x00, 0x00, 0x00, 0x00, 0xD9, 0xFF, 0xFF, 0xEE, 0x02, 0x62, 0xFF,
	0xFF, 0xFF, 0x66, 0x00, 0x00, 0x00, 0x00, 0x00, 0x00, 0x00, 0x00, 0x8F,
	0xFF, 0xFF, 0xFF, 0x34, 0xA4, 0xFF, 0xFF, 0xFF, 0x1C, 0x00, 0x00, 0x00,
	0x00, 0x00, 0x00, 0x00, 0x00, 0x43, 0xFF, 0xFF, 0xFF, 0x7E, 0xEA, 0xFF,
	0xFF, 0xCC, 0x00, 0x00, 0x00, 0x00, 0x00, 0x00, 0x00, 0x00, 0x00, 0x04,
	0xEF, 0xFF, 0xFF, 0xEC, 0xFF, 0xFF, 0xFF, 0x77, 0x00, 0x00, 0x00, 0x00,
	0x00, 0x00, 0x00, 0x00, 0x00, 0x00, 0xA3, 0xFF, 0xFF, 0xFF, 0xFF, 0xFF,
	0xFF, 0x21, 0x00, 0x00, 0x00, 0x00, 0x00, 0x00, 0x00, 0x00, 0x00, 0x00,
	0x51, 0xFF, 0xFF, 0xFF, 0xFF, 0xFF, 0xCB, 0x00, 0x00, 0x00, 0x00, 0x00,
	0x00, 0x00, 0x00, 0x00, 0x00, 0x00, 0x08, 0xF3, 0xFF, 0xFF, 0xFF, 0xFF,
	0x75, 0x00, 0x00, 0x00, 0x00, 0x00, 0x00, 0x00, 0x00, 0x00, 0x00, 0x00,
	0x00, 0xA7, 0xFF, 0xFF, 0xFF, 0xFF, 0x1F, 0x00, 0x00, 0x00, 0x00, 0x00,
	0x00, 0x2D, 0xFF, 0xFF, 0xFF, 0xC9, 0x00, 0x00, 0x00, 0x00, 0x00, 0x00,
	0x00, 0x4C, 0xFF, 0xFF, 0xFF, 0xAA, 0x25, 0xFF, 0xFF, 0xFF, 0xC4, 0x00,
	0x00, 0x00, 0x00, 0x00, 0x00, 0x00, 0x4A, 0xFF, 0xFF, 0xFF, 0xA0, 0x1D,
	0xFF, 0xFF, 0xFF, 0xC0, 0x00, 0x00, 0x00, 0x00, 0x00, 0x00, 0x00, 0x48,
	0xFF, 0xFF, 0xFF, 0x96, 0x15, 0xFF, 0xFF, 0xFF, 0xBB, 0x00, 0x00, 0x00,
	0x00, 0x00, 0x00, 0x00, 0x46, 0xFF, 0xFF, 0xFF, 0x8C, 0x0D, 0xFF, 0xFF,
	0xFF, 0xB7, 0x00, 0x00, 0x00, 0x00, 0x00, 0x00, 0x00, 0x43, 0xFF, 0xFF,
	0xFF, 0x82, 0x04, 0xFF, 0xFF, 0xFF, 0xB3, 0x00, 0x00, 0x00, 0x00, 0x00,
	0x00, 0x00, 0x3F, 0xFF, 0xFF, 0xFF, 0x78, 0x00, 0xF9, 0xFF, 0xFF, 0xB0,
	0x00, 0x00, 0x00, 0x00, 0x00, 0x00, 0x00, 0x3B, 0xFF, 0xFF, 0xFF, 0x6D,
	0x00, 0xED, 0xFF, 0xFF, 0xAC, 0x00, 0x00, 0x2E, 0x38, 0x38, 0x15, 0x00,
	0x36, 0xFF, 0xFF, 0xFF, 0x63, 0x00, 0xE1, 0xFF, 0xFF, 0xA8, 0x00, 0x08,
	0xF6, 0xFF, 0xFF, 0x87, 0x00, 0x31, 0xFF, 0xFF, 0xFF, 0x58, 0x00, 0xD5,
	0xFF, 0xFF, 0xA4, 0x00, 0x46, 0xFF, 0xFF, 0xFF, 0xCB, 0x00, 0x2E, 0xFF,
	0xFF, 0xFF, 0x4E, 0x00, 0xC9, 0xFF, 0xFF, 0x9F, 0x00, 0x8F, 0xFF, 0xFF,
	0xFF, 0xFD, 0x13, 0x2A, 0xFF, 0xFF, 0xFF, 0x43, 0x00, 0xBB, 0xFF, 0xFF,
	0x9B, 0x00, 0xD8, 0xFF, 0xFF, 0xFF, 0xFF, 0x58, 0x26, 0xFF, 0xFF, 0xFF,
	0x37, 0x00, 0xAB, 0xFF, 0xFF, 0x96, 0x21, 0xFF, 0xFF, 0xD3, 0xFF, 0xFF,
	0xA0, 0x23, 0xFF, 0xFF, 0xFF, 0x28, 0x00, 0x9B, 0xFF, 0xFF, 0x92, 0x6B,
	0xFF, 0xFF, 0x65, 0xCD, 0xFF, 0xE8, 0x20, 0xFF, 0xFF, 0xFF, 0x19, 0x00,
	0x8A, 0xFF, 0xFF, 0x8F, 0xB4, 0xFF, 0xFB, 0x13, 0x7D, 0xFF, 0xFF, 0x4C,
	0xFF, 0xFF, 0xFF, 0x0A, 0x00, 0x7A, 0xFF, 0xFF, 0x95, 0xF5, 0xFF, 0xBB,
	0x00, 0x2C, 0xFF, 0xFF, 0x8F, 0xFF, 0xFF, 0xFB, 0x00, 0x00, 0x69, 0xFF,
	0xFF, 0xD5, 0xFF, 0xFF, 0x68, 0x00, 0x00, 0xDB, 0xFF, 0xD6, 0xFF, 0xFF,
	0xEC, 0x00, 0x00, 0x55, 0xFF, 0xFF, 0xFF, 0xFF, 0xFE, 0x18, 0x00, 0x00,
	0x8B, 0xFF, 0xFF, 0xFF, 0xFF, 0xDA, 0x00, 0x00, 0x40, 0xFF, 0xFF, 0xFF,
	0xFF, 0xC5, 0x00, 0x00, 0x00, 0x3C, 0xFF, 0xFF, 0xFF, 0xFF, 0xC6, 0x00,
	0x00, 0x2A, 0xFF, 0xFF, 0xFF, 0xFF, 0x75, 0x00, 0x00, 0x00, 0x02, 0xE8,
	0xFF, 0xFF, 0xFF, 0xB2, 0x00, 0x00, 0x10, 0xFF, 0xFF, 0xFF, 0xFF, 0x24,
	0x00, 0x00, 0x00, 0x00, 0x97, 0xFF, 0xFF, 0xFF, 0x9B, 0x00, 0x00, 0x00,
	0xF5, 0xFF, 0xFF, 0xD4, 0x00, 0x00, 0x00, 0x00, 0x00, 0x42, 0xFF, 0xFF,
	0xFF, 0x83, 0x00, 0x10, 0xED, 0xFF, 0xFF, 0xFF, 0xA1, 0x00, 0x00, 0x00,
	0x00, 0x00, 0x02, 0xD3, 0xFF, 0xFF, 0xFF, 0x7E, 0x00, 0x00, 0x73, 0xFF,
	0xFF, 0xFF, 0xFB, 0x22, 0x00, 0x00, 0x00, 0x00, 0x59, 0xFF, 0xFF, 0xFF,
	0xE8, 0x0C, 0x00, 0x00, 0x07, 0xDF, 0xFF, 0xFF, 0xFF, 0x9B, 0x00, 0x00,
	0x00, 0x03, 0xD8, 0xFF, 0xFF, 0xFF, 0x6B, 0x00, 0x00, 0x00, 0x00, 0x5B,
	0xFF, 0xFF, 0xFF, 0xF9, 0x1D, 0x00, 0x00, 0x60, 0xFF, 0xFF, 0xFF, 0xDB,
	0x05, 0x00, 0x00, 0x00, 0x00, 0x01, 0xCD, 0xFF, 0xFF, 0xFF, 0x94, 0x00,
	0x05, 0xDE, 0xFF, 0xFF, 0xFF, 0x57, 0x00, 0x00, 0x00, 0x00, 0x00, 0x00,
	0x42, 0xFF, 0xFF, 0xFF, 0xF7, 0x19, 0x67, 0xFF, 0xFF, 0xFF, 0xCC, 0x01,
	0x00, 0x00, 0x00, 0x00, 0x00, 0x00, 0x00, 0xB7, 0xFF, 0xFF, 0xFF, 0x94,
	0xE2, 0xFF, 0xFF, 0xFF, 0x43, 0x00, 0x00, 0x00, 0x00, 0x00, 0x00, 0x00,
	0x00, 0x2D, 0xFD, 0xFF, 0xFF, 0xFF, 0xFF, 0xFF, 0xFF, 0xB9, 0x00, 0x00,
	0x00, 0x00, 0x00, 0x00, 0x00, 0x00, 0x00, 0x00, 0x9F, 0xFF, 0xFF, 0xFF,
	0xFF, 0xFF, 0xFE, 0x31, 0x00, 0x00, 0x00, 0x00, 0x00, 0x00, 0x00, 0x00,
	0x00, 0x00, 0x1C, 0xF6, 0xFF, 0xFF, 0xFF, 0xFF, 0xA5, 0x00, 0x00, 0x00,
	0x00, 0x00, 0x00, 0x00, 0x00, 0x00, 0x00, 0x00, 0x00, 0xBD, 0xFF, 0xFF,
	0xFF, 0xFF, 0x68, 0x00, 0x00, 0x00, 0x00, 0x00, 0x00, 0x00, 0x00, 0x00,
	0x00, 0x00, 0x37, 0xFF, 0xFF, 0xFF, 0xFF, 0xFF, 0xE5, 0x0B, 0x00, 0x00,
	0x00, 0x00, 0x00, 0x00, 0x00, 0x00, 0x00, 0x00, 0xC2, 0xFF, 0xFF, 0xFF,
	0xFF, 0xFF, 0xFF, 0x84, 0x00, 0x00, 0x00, 0x00, 0x00, 0x00, 0x00, 0x00,
	0x00, 0x4F, 0xFF, 0xFF, 0xFF, 0xEA, 0xFF, 0xFF, 0xFF, 0xF7, 0x1E, 0x00,
	0x00, 0x00, 0x00, 0x00, 0x00, 0x00, 0x03, 0xD6, 0xFF, 0xFF, 0xFF, 0x61,
	0xC5, 0xFF, 0xFF, 0xFF, 0x9E, 0x00, 0x00, 0x00, 0x00, 0x00, 0x00, 0x00,
	0x64, 0xFF, 0xFF, 0xFF, 0xE4, 0x06, 0x51, 0xFF, 0xFF, 0xFF, 0xFC, 0x27,
	0x00, 0x00, 0x00, 0x00, 0x00, 0x08, 0xE4, 0xFF, 0xFF, 0xFF, 0x73, 0x00,
	0x02, 0xDA, 0xFF, 0xFF, 0xFF, 0xA9, 0x00, 0x00, 0x00, 0x00, 0x00, 0x73,
	0xFF, 0xFF, 0xFF, 0xEF, 0x0C, 0x00, 0x00, 0x68, 0xFF, 0xFF, 0xFF, 0xFD,
	0x28, 0x00, 0x00, 0x00, 0x0B, 0xEA, 0xFF, 0xFF, 0xFF, 0x89, 0x00, 0x00,
	0x00, 0x0A, 0xEE, 0xFF, 0xFF, 0xFF, 0x9E, 0x00, 0x00, 0x00, 0x79, 0xFF,
	0xFF, 0xFF, 0xFB, 0x1D, 0x00, 0x00, 0x00, 0x00, 0x8B, 0xFF, 0xFF, 0xFF,
	0xFA, 0x1C, 0x00, 0x0B, 0xEB, 0xFF, 0xFF, 0xFF, 0xAB, 0x00, 0x00, 0x00,
	0x00, 0x00, 0x23, 0xFE, 0xFF, 0xFF, 0xFF, 0x84, 0x00, 0x68, 0xFF, 0xFF,
	0xFF, 0xFF, 0x41, 0x00, 0x00, 0x00, 0x00, 0x00, 0x00, 0xBE, 0xFF, 0xFF,
	0xFF, 0xE6, 0x03, 0x5B, 0xFF, 0xFF, 0xFF, 0xFF, 0x3F, 0x00, 0x00, 0x00,
	0x00, 0x00, 0x00, 0x88, 0xFF, 0xFF, 0xFF, 0xE1, 0x01, 0x08, 0xEF, 0xFF,
	0xFF, 0xFF, 0x96, 0x00, 0x00, 0x00, 0x00, 0x00, 0x00, 0xDD, 0xFF, 0xFF,
	0xFF, 0x81, 0x00, 0x00, 0x97, 0xFF, 0xFF, 0xFF, 0xEA, 0x03, 0x00, 0x00,
	0x00, 0x00, 0x33, 0xFF, 0xFF, 0xFF, 0xFE, 0x20, 0x00, 0x00, 0x33, 0xFF,
	0xFF, 0xFF, 0xFF, 0x45, 0x00, 0x00, 0x00, 0x00, 0x8C, 0xFF, 0xFF, 0xFF,
	0xBC, 0x00, 0x00, 0x00, 0x00, 0xC9, 0xFF, 0xFF, 0xFF, 0x9C, 0x00, 0x00,
	0x00, 0x01, 0xE3, 0xFF, 0xFF, 0xFF, 0x53, 0x00, 0x00, 0x00, 0x00, 0x5C,
	0xFF, 0xFF, 0xFF, 0xEF, 0x09, 0x00, 0x00, 0x41, 0xFF, 0xFF, 0xFF, 0xE5,
	0x04, 0x00, 0x00, 0x00, 0x00, 0x06, 0xE9, 0xFF, 0xFF, 0xFF, 0x5D, 0x00,
	0x00, 0xA3, 0xFF, 0xFF, 0xFF, 0x80, 0x00, 0x00, 0x00, 0x00, 0x00, 0x00,
	0x7C, 0xFF, 0xFF, 0xFF, 0xC3, 0x00, 0x0F, 0xF6, 0xFF, 0xFF, 0xF7, 0x16,
	0x00, 0x00, 0x00, 0x00, 0x00, 0x00, 0x10, 0xF2, 0xFF, 0xFF, 0xFF, 0x31,
	0x6E, 0xFF, 0xFF, 0xFF, 0x94, 0x00, 0x00, 0x00, 0x00, 0x00, 0x00, 0x00,
	0x00, 0x8A, 0xFF, 0xFF, 0xFF, 0xA4, 0xD8, 0xFF, 0xFF, 0xFB, 0x1F, 0x00,
	0x00, 0x00, 0x00, 0x00, 0x00, 0x00, 0x00, 0x18, 0xF5, 0xFF, 0xFF, 0xFF,
	0xFF, 0xFF, 0xFF, 0x9D, 0x00, 0x00, 0x00, 0x00, 0x00, 0x00, 0x00, 0x00,
	0x00, 0x00, 0x86, 0xFF, 0xFF, 0xFF, 0xFF, 0xFF, 0xF7, 0x1D, 0x00, 0x00,
	0x00, 0x00, 0x00, 0x00, 0x00, 0x00, 0x00, 0x00, 0x10, 0xEE, 0xFF, 0xFF,
	0xFF, 0xFF, 0x8B, 0x00, 0x00, 0x00, 0x00, 0x00, 0x00, 0x00, 0x00, 0x00,
	0x00, 0x00, 0x00, 0x7F, 0xFF, 0xFF, 0xFF, 0xFA, 0x12, 0x00, 0x00, 0x00,
	0x00, 0x00, 0x00, 0x00, 0x00, 0x00, 0x00, 0x00, 0x00, 0x64, 0xFF, 0xFF,
	0xFF, 0xF4, 0x00, 0x00, 0x00, 0x00, 0x00, 0x00, 0x00, 0x00, 0x00, 0x00,
	0x00, 0x00, 0x00, 0x64, 0xFF, 0xFF, 0xFF, 0xF4, 0x00, 0x00, 0x00, 0x00,
	0x00, 0x00, 0x00, 0x00, 0x00, 0x00, 0x00, 0x00, 0x00, 0x64, 0xFF, 0xFF,
	0xFF, 0xF4, 0x00, 0x00, 0x00, 0x00, 0x00, 0x00, 0x00, 0x00, 0x00, 0x00,
	0x00, 0x00, 0x00, 0x64, 0xFF, 0xFF, 0xFF, 0xF4, 0x00, 0x00, 0x00, 0x00,
	0x00, 0x00, 0x00, 0x00, 0x00, 0x00, 0x00, 0x00, 0x00, 0x64, 0xFF, 0xFF,
	0xFF, 0xF4, 0x00, 0x00, 0x00, 0x00, 0x00, 0x00, 0x00, 0x00, 0x00, 0x00,
	0x00, 0x00, 0x00, 0x64, 0xFF, 0xFF, 0xFF, 0xF4, 0x00, 0x00, 0x00, 0x00,
	0x00, 0x00, 0x00, 0x00, 0x00, 0x00, 0x00, 0x00, 0x00, 0x64, 0xFF, 0xFF,
	0xFF, 0xF4, 0x00, 0x00, 0x00, 0x00, 0x00, 0x00, 0x00, 0x00, 0x00, 0x00,
	0x00, 0x00, 0x00, 0x64, 0xFF, 0xFF, 0xFF, 0xF4, 0x00, 0x00, 0x00, 0x00,
	0x00, 0x00, 0x00, 0x00, 0xF0, 0xFF, 0xFF, 0xFF, 0xFF, 0xFF, 0xFF, 0xFF,
	0xFF, 0xFF, 0xFF, 0xFF, 0xFF, 0x94, 0x00, 0xF0, 0xFF, 0xFF, 0xFF, 0xFF,
	0xFF, 0xFF, 0xFF, 0xFF, 0xFF, 0xFF, 0xFF, 0xFF, 0x94, 0x00, 0xF0, 0xFF,
	0xFF, 0xFF, 0xFF, 0xFF, 0xFF, 0xFF, 0xFF, 0xFF, 0xFF, 0xFF, 0xFF, 0x94,
	0x00, 0xF0, 0xFF, 0xFF, 0xFF, 0xFF, 0xFF, 0xFF, 0xFF, 0xFF, 0xFF, 0xFF,
	0xFF, 0xFF, 0x41, 0x00, 0x00, 0x00, 0x00, 0x00, 0x00, 0x00, 0x00, 0x09,
	0xDF, 0xFF, 0xFF, 0xFF, 0x9B, 0x00, 0x00, 0x00, 0x00, 0x00, 0x00, 0x00,
	0x00, 0x00, 0x81, 0xFF, 0xFF, 0xFF, 0xE6, 0x0F, 0x00, 0x00, 0x00, 0x00,
	0x00, 0x00, 0x00, 0x00, 0x21, 0xF7, 0xFF, 0xFF, 0xFF, 0x53, 0x00, 0x00,
	0x00, 0x00, 0x00, 0x00, 0x00, 0x00, 0x00, 0xB0, 0xFF, 0xFF, 0xFF, 0xB2,
	0x00, 0x00, 0x00, 0x00, 0x00, 0x00, 0x00, 0x00, 0x00, 0x45, 0xFF, 0xFF,
	0xFF, 0xF5, 0x1F, 0x00, 0x00, 0x00, 0x00, 0x00, 0x00, 0x00, 0x00, 0x04,
	0xD6, 0xFF, 0xFF, 0xFF, 0x77, 0x00, 0x00, 0x00, 0x00, 0x00, 0x00, 0x00,
	0x00, 0x00, 0x6F, 0xFF, 0xFF, 0xFF, 0xD5, 0x05, 0x00, 0x00, 0x00, 0x00,
	0x00, 0x00, 0x00, 0x00, 0x14, 0xEF, 0xFF, 0xFF, 0xFF, 0x41, 0x00, 0x00,
	0x00, 0x00, 0x00, 0x00, 0x00, 0x00, 0x00, 0x99, 0xFF, 0xFF, 0xFF, 0xAB,
	0x00, 0x00, 0x00, 0x00, 0x00, 0x00, 0x00, 0x00, 0x00, 0x2B, 0xFC, 0xFF,
	0xFF, 0xF6, 0x1F, 0x00, 0x00, 0x00, 0x00, 0x00, 0x00, 0x00, 0x00, 0x00,
	0xB7, 0xFF, 0xFF, 0xFF, 0x81, 0x00, 0x00, 0x00, 0x00, 0x00, 0x00, 0x00,
	0x00, 0x00, 0x44, 0xFF, 0xFF, 0xFF, 0xE7, 0x0B, 0x00, 0x00, 0x00, 0x00,
	0x00, 0x00, 0x00, 0x00, 0x01, 0xCE, 0xFF, 0xFF, 0xFF, 0x66, 0x00, 0x00,
	0x00, 0x00, 0x00, 0x00, 0x00, 0x00, 0x00, 0x56, 0xFF, 0xFF, 0xFF, 0xD6,
	0x03, 0x00, 0x00, 0x00, 0x00, 0x00, 0x00, 0x00, 0x00, 0x03, 0xD7, 0xFF,
	0xFF, 0xFF, 0xFF, 0xFF, 0xFF, 0xFF, 0xFF, 0xFF, 0xFF, 0xFF, 0xFF, 0xE4,
	0x51, 0xFF, 0xFF, 0xFF, 0xFF, 0xFF, 0xFF, 0xFF, 0xFF, 0xFF, 0xFF, 0xFF,
	0xFF, 0xFF, 0xE4, 0x64, 0xFF, 0xFF, 0xFF, 0xFF, 0xFF, 0xFF, 0xFF, 0xFF,
	0xFF, 0xFF, 0xFF, 0xFF, 0xFF, 0xE4, 0x64, 0xFF, 0xFF, 0xFF, 0xFF, 0xFF,
	0xFF, 0xFF, 0xFF, 0xFF, 0xFF, 0xFF, 0xFF, 0xFF, 0xE4, 0x0C, 0xFF, 0xFF,
	0xFF, 0xFF, 0xFF, 0xFF, 0xFF, 0xFF, 0xFF, 0xA8, 0x0C, 0xFF, 0xFF, 0xFF,
	0xFF, 0xFF, 0xFF, 0xFF, 0xFF, 0xFF, 0xA8, 0x0C, 0xFF, 0xFF, 0xFF, 0xFF,
	0xFF, 0xFF, 0xFF, 0xFF, 0xFF, 0xA8, 0x0C, 0xFF, 0xFF, 0xFF, 0xFF, 0xFF,
	0xFF, 0xFF, 0xFF, 0xFF, 0xA8, 0x0C, 0xFF, 0xFF, 0xFF, 0xFF, 0x0C, 0x00,
	0x00, 0x00, 0x00, 0x00, 0x0C, 0xFF, 0xFF, 0xFF, 0xFF, 0x0C, 0x00, 0x00,
	0x00, 0x00, 0x00, 0x0C, 0xFF, 0xFF, 0xFF, 0xFF, 0x0C, 0x00, 0x00, 0x00,
	0x00, 0x00, 0x0C, 0xFF, 0xFF, 0xFF, 0xFF, 0x0C, 0x00, 0x00, 0x00, 0x00,
	0x00, 0x0C, 0xFF, 0xFF, 0xFF, 0xFF, 0x0C, 0x00, 0x00, 0x00, 0x00, 0x00,
	0x0C, 0xFF, 0xFF, 0xFF, 0xFF, 0x0C, 0x00, 0x00, 0x00, 0x00, 0x00, 0x0C,
	0xFF, 0xFF, 0xFF, 0xFF, 0x0C, 0x00, 0x00, 0x00, 0x00, 0x00, 0x0C, 0xFF,
	0xFF, 0xFF, 0xFF, 0x0C, 0x00, 0x00, 0x00, 0x00, 0x00, 0x0C, 0xFF, 0xFF,
	0xFF, 0xFF, 0x0C, 0x00, 0x00, 0x00, 0x00, 0x00, 0x0C, 0xFF, 0xFF, 0xFF,
	0xFF, 0x0C, 0x00, 0x00, 0x00, 0x00, 0x00, 0x0C, 0xFF, 0xFF, 0xFF, 0xFF,
	0x0C, 0x00, 0x00, 0x00, 0x00, 0x00, 0x0C, 0xFF, 0xFF, 0xFF, 0xFF, 0x0C,
	0x00, 0x00, 0x00, 0x00, 0x00, 0x0C, 0xFF, 0xFF, 0xFF, 0xFF, 0x0C, 0x00,
	0x00, 0x00, 0x00, 0x00, 0x0C, 0xFF, 0xFF, 0xFF, 0xFF, 0x0C, 0x00, 0x00,
	0x00, 0x00, 0x00, 0x0C, 0xFF, 0xFF, 0xFF, 0xFF, 0x0C, 0x00, 0x00, 0x00,
	0x00, 0x00, 0x0C, 0xFF, 0xFF, 0xFF, 0xFF, 0x0C, 0x00, 0x00, 0x00, 0x00,
	0x00, 0x0C, 0xFF, 0xFF, 0xFF, 0xFF, 0x0C, 0x00, 0x00, 0x00, 0x00, 0x00,
	0x0C, 0xFF, 0xFF, 0xFF, 0xFF, 0x0C, 0x00, 0x00, 0x00, 0x00, 0x00, 0x0C,
	0xFF, 0xFF, 0xFF, 0xFF, 0x0C, 0x00, 0x00, 0x00, 0x00, 0x00, 0x0C, 0xFF,
	0xFF, 0xFF, 0xFF, 0x0C, 0x00, 0x00, 0x00, 0x00, 0x00, 0x0C, 0xFF, 0xFF,
	0xFF, 0xFF, 0x0C, 0x00, 0x00, 0x00, 0x00, 0x00, 0x0C, 0xFF, 0xFF, 0xFF,
	0xFF, 0x0C, 0x00, 0x00, 0x00, 0x00, 0x00, 0x0C, 0xFF, 0xFF, 0xFF, 0xFF,
	0xFF, 0xFF, 0xFF, 0xFF, 0xFF, 0xA8, 0x0C, 0xFF, 0xFF, 0xFF, 0xFF, 0xFF,
	0xFF, 0xFF, 0xFF, 0xFF, 0xA8, 0x0C, 0xFF, 0xFF, 0xFF, 0xFF, 0xFF, 0xFF,
	0xFF, 0xFF, 0xFF, 0xA8, 0x0C, 0xFF, 0xFF, 0xFF, 0xFF, 0xFF, 0xFF, 0xFF,
	0xFF, 0xFF, 0xA8, 0x1F, 0xFF, 0xFF, 0xFF, 0xFF, 0x49, 0x00, 0x00, 0x00,
	0x00, 0x00, 0x00, 0x00, 0x00, 0x00, 0x00, 0xCB, 0xFF, 0xFF, 0xFF, 0x9D,
	0x00, 0x00, 0x00, 0x00, 0x00, 0x00, 0x00, 0x00, 0x00, 0x00, 0x78, 0xFF,
	0xFF, 0xFF, 0xEC, 0x04, 0x00, 0x00, 0x00, 0x00, 0x00, 0x00, 0x00, 0x00,
	0x00, 0x25, 0xFF, 0xFF, 0xFF, 0xFF, 0x44, 0x00, 0x00, 0x00, 0x00, 0x00,
	0x00, 0x00, 0x00, 0x00, 0x00, 0xD1, 0xFF, 0xFF, 0xFF, 0x97, 0x00, 0x00,
	0x00, 0x00, 0x00, 0x00, 0x00, 0x00, 0x00, 0x00, 0x7E, 0xFF, 0xFF, 0xFF,
	0xE8, 0x02, 0x00, 0x00, 0x00, 0x00, 0x00, 0x00, 0x00, 0x00, 0x00, 0x2B,
	0xFF, 0xFF, 0xFF, 0xFF, 0x3F, 0x00, 0x00, 0x00, 0x00, 0x00, 0x00, 0x00,
	0x00, 0x00, 0x00, 0xD7, 0xFF, 0xFF, 0xFF, 0x92, 0x00, 0x00, 0x00, 0x00,
	0x00, 0x00, 0x00, 0x00, 0x00, 0x00, 0x84, 0xFF, 0xFF, 0xFF, 0xE4, 0x01,
	0x00, 0x00, 0x00, 0x00, 0x00, 0x00, 0x00, 0x00, 0x00, 0x31, 0xFF, 0xFF,
	0xFF, 0xFF, 0x39, 0x00, 0x00, 0x00, 0x00, 0x00, 0x00, 0x00, 0x00, 0x00,
	0x00, 0xDD, 0xFF, 0xFF, 0xFF, 0x8D, 0x00, 0x00, 0x00, 0x00, 0x00, 0x00,
	0x00, 0x00, 0x00, 0x00, 0x8A, 0xFF, 0xFF, 0xFF, 0xE0, 0x00, 0x00, 0x00,
	0x00, 0x00, 0x00, 0x00, 0x00, 0x00, 0x00, 0x37, 0xFF, 0xFF, 0xFF, 0xFF,
	0x34, 0x00, 0x00, 0x00, 0x00, 0x00, 0x00, 0x00, 0x00, 0x00, 0x00, 0xE2,
	0xFF, 0xFF, 0xFF, 0x88, 0x00, 0x00, 0x00, 0x00, 0x00, 0x00, 0x00, 0x00,
	0x00, 0x00, 0x90, 0xFF, 0xFF, 0xFF, 0xDB, 0x00, 0x00, 0x00, 0x00, 0x00,
	0x00, 0x00, 0x00, 0x00, 0x00, 0x3D, 0xFF, 0xFF, 0xFF, 0xFF, 0x2F, 0x00,
	0x00, 0x00, 0x00, 0x00, 0x00, 0x00, 0x00, 0x00, 0x02, 0xE7, 0xFF, 0xFF,
	0xFF, 0x83, 0x00, 0x00, 0x00, 0x00, 0x00, 0x00, 0x00, 0x00, 0x00, 0x00,
	0x96, 0xFF, 0xFF, 0xFF, 0xD6, 0x00, 0x00, 0x00, 0x00, 0x00, 0x00, 0x00,
	0x00, 0x00, 0x00, 0x43, 0xFF, 0xFF, 0xFF, 0xFF, 0x2A, 0x00, 0x00, 0x00,
	0x00, 0x00, 0x00, 0x00, 0x00, 0x00, 0x03, 0xEB, 0xFF, 0xFF, 0xFF, 0x7D,
	0x00, 0x00, 0x00, 0x00, 0x00, 0x00, 0x00, 0x00, 0x00, 0x00, 0x9C, 0xFF,
	0xFF, 0xFF, 0xD1, 0x00, 0x00, 0x00, 0x00, 0x00, 0x00, 0x00, 0x00, 0x00,
	0x00, 0x49, 0xFF, 0xFF, 0xFF, 0xFF, 0x25, 0x00, 0x00, 0x00, 0x00, 0x00,
	0x00, 0x00, 0x00, 0x00, 0x05, 0xEF, 0xFF, 0xFF, 0xFF, 0x78, 0x00, 0x00,
	0x00, 0x00, 0x00, 0x00, 0x00, 0x00, 0x00, 0x00, 0xA2, 0xFF, 0xFF, 0xFF,
	0xCC, 0x00, 0x00, 0x00, 0x00, 0x00, 0x00, 0x00, 0x00, 0x00, 0x00, 0x4F,
	0xFF, 0xFF, 0xFF, 0xFF, 0x20, 0x00, 0x00, 0x00, 0x00, 0x00, 0x00, 0x00,
	0x00, 0x00, 0x08, 0xF3, 0xFF, 0xFF, 0xFF, 0x73, 0x00, 0x00, 0x00, 0x00,
	0x00, 0x00, 0x00, 0x00, 0x00, 0x00, 0xA8, 0xFF, 0xFF, 0xFF, 0xC7, 0x00,
	0x00, 0x00, 0x00, 0x00, 0x00, 0x00, 0x00, 0x00, 0x00, 0x55, 0xFF, 0xFF,
	0xFF, 0xFE, 0x1B, 0x00, 0x00, 0x00, 0x00, 0x00, 0x00, 0x00, 0x00, 0x00,
	0x0B, 0xF6, 0xFF, 0xFF, 0xFF, 0x6E, 0x00, 0x00, 0x00, 0x00, 0x00, 0x00,
	0x00, 0x00, 0x00, 0x00, 0xAE, 0xFF, 0xFF, 0xFF, 0xC2, 0x30, 0xFF, 0xFF,
	0xFF, 0xFF, 0xFF, 0xFF, 0xFF, 0xFF, 0xFF, 0x8C, 0x30, 0xFF, 0xFF, 0xFF,
	0xFF, 0xFF, 0xFF, 0xFF, 0xFF, 0xFF, 0x8C, 0x30, 0xFF, 0xFF, 0xFF, 0xFF,
	0xFF, 0xFF, 0xFF, 0xFF, 0xFF, 0x8C, 0x30, 0xFF, 0xFF, 0xFF, 0xFF, 0xFF,
	0xFF, 0xFF, 0xFF, 0xFF, 0x8C, 0x00, 0x00, 0x00, 0x00, 0x00, 0x00, 0x94,
	0xFF, 0xFF, 0xFF, 0x8C, 0x00, 0x00, 0x00, 0x00, 0x00, 0x00, 0x94, 0xFF,
	0xFF, 0xFF, 0x8C, 0x00, 0x00, 0x00, 0x00, 0x00, 0x00, 0x94, 0xFF, 0xFF,
	0xFF, 0x8C, 0x00, 0x00, 0x00, 0x00, 0x00, 0x00, 0x94, 0xFF, 0xFF, 0xFF,
	0x8C, 0x00, 0x00, 0x00, 0x00, 0x00, 0x00, 0x94, 0xFF, 0xFF, 0xFF, 0x8C,
	0x00, 0x00, 0x00, 0x00, 0x00, 0x00, 0x94, 0xFF, 0xFF, 0xFF, 0x8C, 0x00,
	0x00, 0x00, 0x00, 0x00, 0x00, 0x94, 0xFF, 0xFF, 0xFF, 0x8C, 0x00, 0x00,
	0x00, 0x00, 0x00, 0x00, 0x94, 0xFF, 0xFF, 0xFF, 0x8C, 0x00, 0x00, 0x00,
	0x00, 0x00, 0x00, 0x94, 0xFF, 0xFF, 0xFF, 0x8C, 0x00, 0x00, 0x00, 0x00,
	0x00, 0x00, 0x94, 0xFF, 0xFF, 0xFF, 0x8C, 0x00, 0x00, 0x00, 0x00, 0x00,
	0x00, 0x94, 0xFF, 0xFF, 0xFF, 0x8C, 0x00, 0x00, 0x00, 0x00, 0x00, 0x00,
	0x94, 0xFF, 0xFF, 0xFF, 0x8C, 0x00, 0x00, 0x00, 0x00, 0x00, 0x00, 0x94,
	0xFF, 0xFF, 0xFF, 0x8C, 0x00, 0x00, 0x00, 0x00, 0x00, 0x00, 0x94, 0xFF,
	0xFF, 0xFF, 0x8C, 0x00, 0x00, 0x00, 0x00, 0x00, 0x00, 0x94, 0xFF, 0xFF,
	0xFF, 0x8C, 0x00, 0x00, 0x00, 0x00, 0x00, 0x00, 0x94, 0xFF, 0xFF, 0xFF,
	0x8C, 0x00, 0x00, 0x00, 0x00, 0x00, 0x00, 0x94, 0xFF, 0xFF, 0xFF, 0x8C,
	0x00, 0x00, 0x00, 0x00, 0x00, 0x00, 0x94, 0xFF, 0xFF, 0xFF, 0x8C, 0x00,
	0x00, 0x00, 0x00, 0x00, 0x00, 0x94, 0xFF, 0xFF, 0xFF, 0x8C, 0x00, 0x00,
	0x00, 0x00, 0x00, 0x00, 0x94, 0xFF, 0xFF, 0xFF, 0x8C, 0x00, 0x00, 0x00,
	0x00, 0x00, 0x00, 0x94, 0xFF, 0xFF, 0xFF, 0x8C, 0x00, 0x00, 0x00, 0x00,
	0x00, 0x00, 0x94, 0xFF, 0xFF, 0xFF, 0x8C, 0x30, 0xFF, 0xFF, 0xFF, 0xFF,
	0xFF, 0xFF, 0xFF, 0xFF, 0xFF, 0x8C, 0x30, 0xFF, 0xFF, 0xFF, 0xFF, 0xFF,
	0xFF, 0xFF, 0xFF, 0xFF, 0x8C, 0x30, 0xFF, 0xFF, 0xFF, 0xFF, 0xFF, 0xFF,
	0xFF, 0xFF, 0xFF, 0x8C, 0x30, 0xFF, 0xFF, 0xFF, 0xFF, 0xFF, 0xFF, 0xFF,
	0xFF, 0xFF, 0x8C, 0x00, 0x00, 0x00, 0x00, 0x00, 0x00, 0x49, 0xFF, 0xFF,
	0xFF, 0xED, 0x16, 0x00, 0x00, 0x00, 0x00, 0x00, 0x00, 0x00, 0x00, 0x00,
	0x00, 0x00, 0x0B, 0xE0, 0xFF, 0xFF, 0xFF, 0xFF, 0xA7, 0x00, 0x00, 0x00,
	0x00, 0x00, 0x00, 0x00, 0x00, 0x00, 0x00, 0x00, 0x8E, 0xFF, 0xFF, 0xFF,
	0xFF, 0xFF, 0xFF, 0x49, 0x00, 0x00, 0x00, 0x00, 0x00, 0x00, 0x00, 0x00,
	0x00, 0x32, 0xFC, 0xFF, 0xFF, 0xFF, 0xFF, 0xFF, 0xFF, 0xE0, 0x0B, 0x00,
	0x00, 0x00, 0x00, 0x00, 0x00, 0x00, 0x03, 0xCD, 0xFF, 0xFF, 0xFF, 0x9F,
	0xD3, 0xFF, 0xFF, 0xFF, 0x8E, 0x00, 0x00, 0x00, 0x00, 0x00, 0x00, 0x00,
	0x74, 0xFF, 0xFF, 0xFF, 0xF5, 0x1A, 0x49, 0xFF, 0xFF, 0xFF, 0xFC, 0x34,
	0x00, 0x00, 0x00, 0x00, 0x00, 0x20, 0xF5, 0xFF, 0xFF, 0xFF, 0x82, 0x00,
	0x00, 0xBC, 0xFF, 0xFF, 0xFF, 0xCF, 0x04, 0x00, 0x00, 0x00, 0x00, 0xB7,
	0xFF, 0xFF, 0xFF, 0xE9, 0x0D, 0x00, 0x00, 0x31, 0xFE, 0xFF, 0xFF, 0xFF,
	0x76, 0x00, 0x00, 0x00, 0x5A, 0xFF, 0xFF, 0xFF, 0xFF, 0x68, 0x00, 0x00,
	0x00, 0x00, 0xA2, 0xFF, 0xFF, 0xFF, 0xF6, 0x22, 0x00, 0x12, 0xE9, 0xFF,
	0xFF, 0xFF, 0xD7, 0x04, 0x00, 0x00, 0x00, 0x00, 0x1D, 0xF7, 0xFF, 0xFF,
	0xFF, 0xBA, 0x00, 0x1F, 0xA5, 0xFB, 0xFF, 0xFF, 0x4E, 0x00, 0x00, 0x00,
	0x00, 0x00, 0x00, 0x88, 0xFF, 0xFF, 0xF0, 0x89, 0x08, 0x00, 0x00, 0x1E,
	0x8E, 0xB4, 0x00, 0x00, 0x00, 0x00, 0x00, 0x00, 0x00, 0x0F, 0xCE, 0x73,
	0x0D, 0x00, 0x00, 0xB8, 0xFF, 0xFF, 0xFF, 0xFF, 0xFF, 0xFF, 0xFF, 0xFF,
	0xFF, 0xFF, 0xFF, 0xFF, 0xFF, 0xFF, 0xFF, 0xFF, 0x38, 0xB8, 0xFF, 0xFF,
	0xFF, 0xFF, 0xFF, 0xFF, 0xFF, 0xFF, 0xFF, 0xFF, 0xFF, 0xFF, 0xFF, 0xFF,
	0xFF, 0xFF, 0x38, 0xB8, 0xFF, 0xFF, 0xFF, 0xFF, 0xFF, 0xFF, 0xFF, 0xFF,
	0xFF, 0xFF, 0xFF, 0xFF, 0xFF, 0xFF, 0xFF, 0xFF, 0x38, 0xB8, 0xFF, 0xFF,
	0xFF, 0xFF, 0xFF, 0xFF, 0xFF, 0xFF, 0xFF, 0xFF, 0xFF, 0xFF, 0xFF, 0xFF,
	0xFF, 0xFF, 0x38, 0x00, 0x09, 0xBF, 0x4B, 0x00, 0x00, 0x00, 0x00, 0x00,
	0x8F, 0xFF, 0xFF, 0x9D, 0x0E, 0x00, 0x00, 0x3E, 0xFD, 0xFF, 0xFF, 0xFF,
	0xE2, 0x44, 0x00, 0x37, 0xB9, 0xFF, 0xFF, 0xFF, 0xFF, 0xFF, 0x90, 0x00,
	0x00, 0x30, 0xA7, 0xFC, 0xFF, 0xFF, 0x73, 0x00, 0x00, 0x00, 0x00, 0x21,
	0x94, 0xB5, 0x01, 0x00, 0x00, 0x4C, 0x93, 0xC0, 0xD7, 0xEC, 0xFB, 0xEF,
	0xD5, 0x9E, 0x3F, 0x00, 0x00, 0x00, 0x00, 0x00, 0xD1, 0xFF, 0xFF, 0xFF,
	0xFF, 0xFF, 0xFF, 0xFF, 0xFF, 0xFF, 0xA4, 0x05, 0x00, 0x00, 0x00, 0xA9,
	0xFF, 0xFF, 0xFF, 0xFF, 0xFF, 0xFF, 0xFF, 0xFF, 0xFF, 0xFF, 0x89, 0x00,
	0x00, 0x00, 0x80, 0xFF, 0xFF, 0xFF, 0xFF, 0xFF, 0xFF, 0xFF, 0xFF, 0xFF,
	0xFF, 0xF4, 0x0D, 0x00, 0x00, 0x35, 0x5F, 0x30, 0x1A, 0x07, 0x07, 0x27,
	0x92, 0xFF, 0xFF, 0xFF, 0xFF, 0x45, 0x00, 0x00, 0x00, 0x00, 0x00, 0x00,
	0x00, 0x00, 0x00, 0x00, 0xCA, 0xFF, 0xFF, 0xFF, 0x63, 0x00, 0x00, 0x04,
	0x58, 0xAA, 0xD1, 0xEA, 0xFB, 0xF2, 0xD7, 0xEB, 0xFF, 0xFF, 0xFF, 0x6F,
	0x00, 0x1E, 0xD0, 0xFF, 0xFF, 0xFF, 0xFF, 0xFF, 0xFF, 0xFF, 0xFF, 0xFF,
	0xFF, 0xFF, 0x70, 0x01, 0xCD, 0xFF, 0xFF, 0xFF, 0xFF, 0xFF, 0xFF, 0xFF,
	0xFF, 0xFF, 0xFF, 0xFF, 0xFF, 0x70, 0x40, 0xFF, 0xFF, 0xFF, 0xFF, 0xFF,
	0xFF, 0xFF, 0xFF, 0xFF, 0xFF, 0xFF, 0xFF, 0xFF, 0x70, 0x69, 0xFF, 0xFF,
	0xFF, 0xEF, 0x53, 0x1B, 0x07, 0x02, 0x0B, 0xB6, 0xFF, 0xFF, 0xFF, 0x70,
	0x65, 0xFF, 0xFF, 0xFF, 0xF3, 0x51, 0x15, 0x03, 0x00, 0x03, 0xB3, 0xFF,
	0xFF, 0xFF, 0x70, 0x38, 0xFF, 0xFF, 0xFF, 0xFF, 0xFF, 0xFF, 0xFF, 0xFF,
	0xFF, 0xFF, 0xFF, 0xFF, 0xFF, 0x70, 0x01, 0xCA, 0xFF, 0xFF, 0xFF, 0xFF,
	0xFF, 0xFF, 0xFF, 0xFF, 0xFF, 0xFF, 0xFF, 0xFF, 0x70, 0x00, 0x1F, 0xD6,
	0xFF, 0xFF, 0xFF, 0xFF, 0xFF, 0xFF, 0xFF, 0xFF, 0xFF, 0xFF, 0xFF, 0x70,
	0x00, 0x00, 0x05, 0x61, 0xB0, 0xDD, 0xF5, 0xFE, 0xF9, 0xF0, 0xDC, 0xC2,
	0x9E, 0x74, 0x24, 0xD4, 0xFF, 0xFF, 0xFF, 0x78, 0x00, 0x00, 0x00, 0x00,
	0x00, 0x00, 0x00, 0x00, 0x00, 0x00, 0xD4, 0xFF, 0xFF, 0xFF, 0x78, 0x00,
	0x00, 0x00, 0x00, 0x00, 0x00, 0x00, 0x00, 0x00, 0x00, 0xD4, 0xFF, 0xFF,
	0xFF, 0x78, 0x00, 0x00, 0x00, 0x00, 0x00, 0x00, 0x00, 0x00, 0x00, 0x00,
	0xD4, 0xFF, 0xFF, 0xFF, 0x78, 0x00, 0x00, 0x00, 0x00, 0x00, 0x00, 0x00,
	0x00, 0x00, 0x00, 0xD4, 0xFF, 0xFF, 0xFF, 0x78, 0x00, 0x00, 0x00, 0x00,
	0x00, 0x00, 0x00, 0x00, 0x00, 0x00, 0xD4, 0xFF, 0xFF, 0xFF, 0x78, 0x00,
	0x00, 0x00, 0x00, 0x00, 0x00, 0x00, 0x00, 0x00, 0x00, 0xD4, 0xFF, 0xFF,
	0xFF, 0x78, 0x00, 0x00, 0x00, 0x00, 0x00, 0x00, 0x00, 0x00, 0x00, 0x00,
	0xD4, 0xFF, 0xFF, 0xFF, 0x78, 0x00, 0x00, 0x00, 0x00, 0x00, 0x00, 0x00,
	0x00, 0x00, 0x00, 0xD4, 0xFF, 0xFF, 0xFF, 0x8B, 0x84, 0xCF, 0xF1, 0xF1,
	0xCE, 0x7C, 0x0E, 0x00, 0x00, 0x00, 0xD4, 0xFF, 0xFF, 0xFF, 0xFF, 0xFF,
	0xFF, 0xFF, 0xFF, 0xFF, 0xFF, 0xE5, 0x2C, 0x00, 0x00, 0xD4, 0xFF, 0xFF,
	0xFF, 0xFF, 0xFF, 0xFF, 0xFF, 0xFF, 0xFF, 0xFF, 0xFF, 0xE5, 0x0F, 0x00,
	0xD4, 0xFF, 0xFF, 0xFF, 0xFF, 0xFF, 0xFF, 0xFF, 0xFF, 0xFF, 0xFF, 0xFF,
	0xFF, 0x8A, 0x00, 0xD4, 0xFF, 0xFF, 0xFF, 0xEA, 0x66, 0x11, 0x0C, 0x5B,
	0xF4, 0xFF, 0xFF, 0xFF, 0xEB, 0x04, 0xD4, 0xFF, 0xFF, 0xFF, 0x78, 0x00,
	0x00, 0x00, 0x00, 0x75, 0xFF, 0xFF, 0xFF, 0xFF, 0x2F, 0xD4, 0xFF, 0xFF,
	0xFF, 0x78, 0x00, 0x00, 0x00, 0x00, 0x19, 0xFF, 0xFF, 0xFF, 0xFF, 0x5A,
	0xD4, 0xFF, 0xFF, 0xFF, 0x78, 0x00, 0x00, 0x00, 0x00, 0x01, 0xF8, 0xFF,
	0xFF, 0xFF, 0x6C, 0xD4, 0xFF, 0xFF, 0xFF, 0x78, 0x00, 0x00, 0x00, 0x00,
	0x00, 0xF4, 0xFF, 0xFF, 0xFF, 0x69, 0xD4, 0xFF, 0xFF, 0xFF, 0x78, 0x00,
	0x00, 0x00, 0x00, 0x15, 0xFF, 0xFF, 0xFF, 0xFF, 0x54, 0xD4, 0xFF, 0xFF,
	0xFF, 0x78, 0x00, 0x00, 0x00, 0x00, 0x6E, 0xFF, 0xFF, 0xFF, 0xFF, 0x1F,
	0xD4, 0xFF, 0xFF, 0xFF, 0x78, 0x00, 0x00, 0x04, 0x69, 0xF5, 0xFF, 0xFF,
	0xFF, 0xD1, 0x00, 0xD4, 0xFF, 0xFF, 0xFF, 0xFA, 0xDF, 0xDA, 0xFA, 0xFF,
	0xFF, 0xFF, 0xFF, 0xFF, 0x58, 0x00, 0xD4, 0xFF, 0xFF, 0xFF, 0xFF, 0xFF,
	0xFF, 0xFF, 0xFF, 0xFF, 0xFF, 0xFF, 0xA2, 0x00, 0x00, 0xD4, 0xFF, 0xFF,
	0xFF, 0xFF, 0xFF, 0xFF, 0xFF, 0xFF, 0xFF, 0xFC, 0x8B, 0x03, 0x00, 0x00,
	0x32, 0x78, 0xA9, 0xCA, 0xDD, 0xEE, 0xFB, 0xED, 0xCE, 0x8B, 0x26, 0x00,
	0x00, 0x00, 0x00, 0x00, 0x00, 0x00, 0x00, 0x00, 0x3E, 0x8C, 0xC9, 0xE5,
	0xF7, 0xF9, 0xE9, 0xC5, 0x8B, 0x38, 0x00, 0x00, 0x00, 0x00, 0x2F, 0xC9,
	0xFF, 0xFF, 0xFF, 0xFF, 0xFF, 0xFF, 0xFF, 0xFF, 0xFF, 0xE4, 0x00, 0x00,
	0x00, 0x4E, 0xF7, 0xFF, 0xFF, 0xFF, 0xFF, 0xFF, 0xFF, 0xFF, 0xFF, 0xFF,
	0xFF, 0xA3, 0x00, 0x00, 0x29, 0xF4, 0xFF, 0xFF, 0xFF, 0xFF, 0xFF, 0xFF,
	0xFF, 0xFF, 0xFF, 0xFF, 0xFF, 0x61, 0x00, 0x00, 0xAE, 0xFF, 0xFF, 0xFF,
	0xFF, 0xDA, 0x6B, 0x2A, 0x0C, 0x03, 0x0F, 0x36, 0x77, 0x1B, 0x00, 0x11,
	0xFC, 0xFF, 0xFF, 0xFF, 0xC1, 0x09, 0x00, 0x00, 0x00, 0x00, 0x00, 0x00,
	0x00, 0x00, 0x00, 0x4E, 0xFF, 0xFF, 0xFF, 0xFF, 0x32, 0x00, 0x00, 0x00,
	0x00, 0x00, 0x00, 0x00, 0x00, 0x00, 0x00, 0x69, 0xFF, 0xFF, 0xFF, 0xF6,
	0x00, 0x00, 0x00, 0x00, 0x00, 0x00, 0x00, 0x00, 0x00, 0x00, 0x00, 0x6A,
	0xFF, 0xFF, 0xFF, 0xF6, 0x00, 0x00, 0x00, 0x00, 0x00, 0x00, 0x00, 0x00,
	0x00, 0x00, 0x00, 0x52, 0xFF, 0xFF, 0xFF, 0xFF, 0x32, 0x00, 0x00, 0x00,
	0x00, 0x00, 0x00, 0x00, 0x00, 0x00, 0x00, 0x19, 0xFF, 0xFF, 0xFF, 0xFF,
	0xC2, 0x08, 0x00, 0x00, 0x00, 0x00, 0x00, 0x00, 0x00, 0x00, 0x00, 0x00,
	0xBF, 0xFF, 0xFF, 0xFF, 0xFF, 0xD7, 0x68, 0x2A, 0x0C, 0x03, 0x0F, 0x23,
	0x53, 0x62, 0x00, 0x00, 0x38, 0xFB, 0xFF, 0xFF, 0xFF, 0xFF, 0xFF, 0xFF,
	0xFF, 0xFF, 0xFF, 0xFF, 0xFF, 0xDE, 0x00, 0x00, 0x00, 0x62, 0xFC, 0xFF,
	0xFF, 0xFF, 0xFF, 0xFF, 0xFF, 0xFF, 0xFF, 0xFF, 0xFF, 0xFE, 0x0B, 0x00,
	0x00, 0x00, 0x3C, 0xD4, 0xFF, 0xFF, 0xFF, 0xFF, 0xFF, 0xFF, 0xFF, 0xFF,
	0xFF, 0xFF, 0x34, 0x00, 0x00, 0x00, 0x00, 0x01, 0x47, 0x91, 0xCA, 0xE6,
	0xF7, 0xFC, 0xF2, 0xD8, 0xAC, 0x6A, 0x0F, 0x00, 0x00, 0x00, 0x00, 0x00,
	0x00, 0x00, 0x00, 0x00, 0x00, 0x40, 0xFF, 0xFF, 0xFF, 0xFF, 0x0C, 0x00,
	0x00, 0x00, 0x00, 0x00, 0x00, 0x00, 0x00, 0x00, 0x00, 0x40, 0xFF, 0xFF,
	0xFF, 0xFF, 0x0C, 0x00, 0x00, 0x00, 0x00, 0x00, 0x00, 0x00, 0x00, 0x00,
	0x00, 0x40, 0xFF, 0xFF, 0xFF, 0xFF, 0x0C, 0x00, 0x00, 0x00, 0x00, 0x00,
	0x00, 0x00, 0x00, 0x00, 0x00, 0x40, 0xFF, 0xFF, 0xFF, 0xFF, 0x0C, 0x00,
	0x00, 0x00, 0x00, 0x00, 0x00, 0x00, 0x00, 0x00, 0x00, 0x40, 0xFF, 0xFF,
	0xFF, 0xFF, 0x0C, 0x00, 0x00, 0x00, 0x00, 0x00, 0x00, 0x00, 0x00, 0x00,
	0x00, 0x40, 0xFF, 0xFF, 0xFF, 0xFF, 0x0C, 0x00, 0x00, 0x00, 0x00, 0x00,
	0x00, 0x00, 0x00, 0x00, 0x00, 0x40, 0xFF, 0xFF, 0xFF, 0xFF, 0x0C, 0x00,
	0x00, 0x00, 0x00, 0x00, 0x00, 0x00, 0x00, 0x00, 0x00, 0x40, 0xFF, 0xFF,
	0xFF, 0xFF, 0x0C, 0x00, 0x00, 0x00, 0x00, 0x51, 0xB2, 0xE7, 0xFA, 0xE6,
	0x9C, 0x63, 0xFF, 0xFF, 0xFF, 0xFF, 0x0C, 0x00, 0x00, 0x04, 0xA9, 0xFF,
	0xFF, 0xFF, 0xFF, 0xFF, 0xFF, 0xFF, 0xFF, 0xFF, 0xFF, 0xFF, 0x0C, 0x00,
	0x00, 0x8E, 0xFF, 0xFF, 0xFF, 0xFF, 0xFF, 0xFF, 0xFF, 0xFF, 0xFF, 0xFF,
	0xFF, 0xFF, 0x0C, 0x00, 0x24, 0xFC, 0xFF, 0xFF, 0xFF, 0xFF, 0xFF, 0xFF,
	0xFF, 0xFF, 0xFF, 0xFF, 0xFF, 0xFF, 0x0C, 0x00, 0x82, 0xFF, 0xFF, 0xFF,
	0xFF, 0xA3, 0x27, 0x09, 0x46, 0xD3, 0xFF, 0xFF, 0xFF, 0xFF, 0x0C, 0x00,
	0xC1, 0xFF, 0xFF, 0xFF, 0xD7, 0x01, 0x00, 0x00, 0x00, 0x40, 0xFF, 0xFF,
	0xFF, 0xFF, 0x0C, 0x00, 0xEB, 0xFF, 0xFF, 0xFF, 0x83, 0x00, 0x00, 0x00,
	0x00, 0x40, 0xFF, 0xFF, 0xFF, 0xFF, 0x0C, 0x00, 0xFB, 0xFF, 0xFF, 0xFF,
	0x66, 0x00, 0x00, 0x00, 0x00, 0x40, 0xFF, 0xFF, 0xFF, 0xFF, 0x0C, 0x00,
	0xFB, 0xFF, 0xFF, 0xFF, 0x6E, 0x00, 0x00, 0x00, 0x00, 0x40, 0xFF, 0xFF,
	0xFF, 0xFF, 0x0C, 0x00, 0xEA, 0xFF, 0xFF, 0xFF, 0x97, 0x00, 0x00, 0x00,
	0x00, 0x40, 0xFF, 0xFF, 0xFF, 0xFF, 0x0C, 0x00, 0xBC, 0xFF, 0xFF, 0xFF,
	0xF1, 0x10, 0x00, 0x00, 0x00, 0x40, 0xFF, 0xFF, 0xFF, 0xFF, 0x0C, 0x00,
	0x73, 0xFF, 0xFF, 0xFF, 0xFF, 0xC6, 0x38, 0x07, 0x02, 0x4D, 0xFF, 0xFF,
	0xFF, 0xFF, 0x0C, 0x00, 0x10, 0xF0, 0xFF, 0xFF, 0xFF, 0xFF, 0xFF, 0xFF,
	0xFF, 0xFF, 0xFF, 0xFF, 0xFF, 0xFF, 0x0C, 0x00, 0x00, 0x56, 0xFF, 0xFF,
	0xFF, 0xFF, 0xFF, 0xFF, 0xFF, 0xFF, 0xFF, 0xFF, 0xFF, 0xFF, 0x0C, 0x00,
	0x00, 0x00, 0x5A, 0xF4, 0xFF, 0xFF, 0xFF, 0xFF, 0xFF, 0xFF, 0xFF, 0xFF,
	0xFF, 0xFF, 0x0C, 0x00, 0x00, 0x00, 0x00, 0x14, 0x7A, 0xC0, 0xE9, 0xFA,
	0xF4, 0xE2, 0xD0, 0xB3, 0x86, 0x4C, 0x01, 0x00, 0x00, 0x00, 0x00, 0x40,
	0xA0, 0xDD, 0xF7, 0xF2, 0xD9, 0x9C, 0x39, 0x00, 0x00, 0x00, 0x00, 0x00,
	0x00, 0x12, 0xB4, 0xFF, 0xFF, 0xFF, 0xFF, 0xFF, 0xFF, 0xFF, 0xFF, 0x9D,
	0x05, 0x00, 0x00, 0x00, 0x0E, 0xD4, 0xFF, 0xFF, 0xFF, 0xFF, 0xFF, 0xFF,
	0xFF, 0xFF, 0xFF, 0xFF, 0x9E, 0x00, 0x00, 0x00, 0xA5, 0xFF, 0xFF, 0xFF,
	0xFF, 0xFF, 0xFF, 0xFF, 0xFF, 0xFF, 0xFF, 0xFF, 0xFF, 0x42, 0x00, 0x30,
	0xFE, 0xFF, 0xFF, 0xFF, 0xA5, 0x33, 0x0C, 0x09, 0x3E, 0xC4, 0xFF, 0xFF,
	0xFF, 0xAF, 0x00, 0x88, 0xFF, 0xFF, 0xFF, 0xBE, 0x00, 0x00, 0x00, 0x00,
	0x00, 0x0E, 0xF9, 0xFF, 0xFF, 0xF2, 0x02, 0xC5, 0xFF, 0xFF, 0xFF, 0xFF,
	0xFF, 0xFF, 0xFF, 0xFF, 0xFF, 0xFF, 0xFF, 0xFF, 0xFF, 0xFF, 0x25, 0xDE,
	0xFF, 0xFF, 0xFF, 0xFF, 0xFF, 0xFF, 0xFF, 0xFF, 0xFF, 0xFF, 0xFF, 0xFF,
	0xFF, 0xFF, 0x39, 0xE4, 0xFF, 0xFF, 0xFF, 0xFF, 0xFF, 0xFF, 0xFF, 0xFF,
	0xFF, 0xFF, 0xFF, 0xFF, 0xFF, 0xFF, 0x44, 0xCE, 0xFF, 0xFF, 0xFF, 0xFF,
	0xFF, 0xFF, 0xFF, 0xFF, 0xFF, 0xFF, 0xFF, 0xFF, 0xFF, 0xFF, 0x3B, 0x9C,
	0xFF, 0xFF, 0xFF, 0xB3, 0x00, 0x00, 0x00, 0x00, 0x00, 0x00, 0x00, 0x00,
	0x00, 0x00, 0x00, 0x4A, 0xFF, 0xFF, 0xFF, 0xFF, 0xBA, 0x5C, 0x23, 0x0E,
	0x04, 0x17, 0x47, 0x90, 0xB4, 0x00, 0x00, 0x00, 0xC0, 0xFF, 0xFF, 0xFF,
	0xFF, 0xFF, 0xFF, 0xFF, 0xFF, 0xFF, 0xFF, 0xFF, 0xF3, 0x00, 0x00, 0x00,
	0x19, 0xDD, 0xFF, 0xFF, 0xFF, 0xFF, 0xFF, 0xFF, 0xFF, 0xFF, 0xFF, 0xFF,
	0xFF, 0x1A, 0x00, 0x00, 0x00, 0x16, 0xAB, 0xFF, 0xFF, 0xFF, 0xFF, 0xFF,
	0xFF, 0xFF, 0xFF, 0xFF, 0xFF, 0x40, 0x00, 0x00, 0x00, 0x00, 0x00, 0x29,
	0x85, 0xBF, 0xE6, 0xF7, 0xFB, 0xED, 0xCA, 0x8D, 0x40, 0x04, 0x00, 0x00,
	0x00, 0x00, 0x00, 0x00, 0x00, 0x05, 0x5F, 0xB4, 0xE4, 0xF9, 0xF7, 0xE3,
	0xBE, 0x82, 0x2B, 0x00, 0x00, 0x00, 0x00, 0x00, 0x00, 0x20, 0xD1, 0xFF,
	0xFF, 0xFF, 0xFF, 0xFF, 0xFF, 0xFF, 0xFF, 0xFF, 0x1F, 0x00, 0x00, 0x00,
	0x00, 0x09, 0xDA, 0xFF, 0xFF, 0xFF, 0xFF, 0xFF, 0xFF, 0xFF, 0xFF, 0xFF,
	0xF1, 0x01, 0x00, 0x00, 0x00, 0x00, 0x77, 0xFF, 0xFF, 0xFF, 0xFF, 0xFF,
	0xFF, 0xFF, 0xFF, 0xFF, 0xFF, 0xC1, 0x00, 0x00, 0x00, 0x00, 0x00, 0xCF,
	0xFF, 0xFF, 0xFF, 0xF2, 0x5C, 0x10, 0x06, 0x1E, 0x50, 0x93, 0x76, 0x00,
	0x00, 0x00, 0x00, 0x06, 0xFE, 0xFF, 0xFF, 0xFF, 0x79, 0x00, 0x00, 0x00,
	0x00, 0x00, 0x00, 0x00, 0x00, 0x00, 0x00, 0x00, 0x1A, 0xFF, 0xFF, 0xFF,
	0xFF, 0x3F, 0x00, 0x00, 0x00, 0x00, 0x00, 0x00, 0x00, 0x00, 0x00, 0x00,
	0x00, 0x24, 0xFF, 0xFF, 0xFF, 0xFF, 0x34, 0x00, 0x00, 0x00, 0x00, 0x00,
	0x00, 0x00, 0x00, 0xBC, 0xFF, 0xFF, 0xFF, 0xFF, 0xFF, 0xFF, 0xFF, 0xFF,
	0xFF, 0xFF, 0xFF, 0xFF, 0xFF, 0xF4, 0x00, 0x00, 0xBC, 0xFF, 0xFF, 0xFF,
	0xFF, 0xFF, 0xFF, 0xFF, 0xFF, 0xFF, 0xFF, 0xFF, 0xFF, 0xFF, 0xF4, 0x00,
	0x00, 0xBC, 0xFF, 0xFF, 0xFF, 0xFF, 0xFF, 0xFF, 0xFF, 0xFF, 0xFF, 0xFF,
	0xFF, 0xFF, 0xFF, 0xF4, 0x00, 0x00, 0xBC, 0xFF, 0xFF, 0xFF, 0xFF, 0xFF,
	0xFF, 0xFF, 0xFF, 0xFF, 0xFF, 0xFF, 0xFF, 0xFF, 0xF4, 0x00, 0x00, 0x00,
	0x00, 0x00, 0x24, 0xFF, 0xFF, 0xFF, 0xFF, 0x34, 0x00, 0x00, 0x00, 0x00,
	0x00, 0x00, 0x00, 0x00, 0x00, 0x00, 0x00, 0x24, 0xFF, 0xFF, 0xFF, 0xFF,
	0x34, 0x00, 0x00, 0x00, 0x00, 0x00, 0x00, 0x00, 0x00, 0x00, 0x00, 0x00,
	0x24, 0xFF, 0xFF, 0xFF, 0xFF, 0x34, 0x00, 0x00, 0x00, 0x00, 0x00, 0x00,
	0x00, 0x00, 0x00, 0x00, 0x00, 0x24, 0xFF, 0xFF, 0xFF, 0xFF, 0x34, 0x00,
	0x00, 0x00, 0x00, 0x00, 0x00, 0x00, 0x00, 0x00, 0x00, 0x00, 0x24, 0xFF,
	0xFF, 0xFF, 0xFF, 0x34, 0x00, 0x00, 0x00, 0x00, 0x00, 0x00, 0x00, 0x00,
	0x00, 0x00, 0x00, 0x24, 0xFF, 0xFF, 0xFF, 0xFF, 0x34, 0x00, 0x00, 0x00,
	0x00, 0x00, 0x00, 0x00, 0x00, 0x00, 0x00, 0x00, 0x24, 0xFF, 0xFF, 0xFF,
	0xFF, 0x34, 0x00, 0x00, 0x00, 0x00, 0x00, 0x00, 0x00, 0x00, 0x00, 0x00,
	0x00, 0x24, 0xFF, 0xFF, 0xFF, 0xFF, 0x34, 0x00, 0x00, 0x00, 0x00, 0x00,
	0x00, 0x00, 0x00, 0x00, 0x00, 0x00, 0x24, 0xFF, 0xFF, 0xFF, 0xFF, 0x34,
	0x00, 0x00, 0x00, 0x00, 0x00, 0x00, 0x00, 0x00, 0x00, 0x00, 0x00, 0x24,
	0xFF, 0xFF, 0xFF, 0xFF, 0x34, 0x00, 0x00, 0x00, 0x00, 0x00, 0x00, 0x00,
	0x00, 0x00, 0x00, 0x00, 0x24, 0xFF, 0xFF, 0xFF, 0xFF, 0x34, 0x00, 0x00,
	0x00, 0x00, 0x00, 0x00, 0x00, 0x00, 0x00, 0x00, 0x00, 0x24, 0xFF, 0xFF,
	0xFF, 0xFF, 0x34, 0x00, 0x00, 0x00, 0x00, 0x00, 0x00, 0x00, 0x00, 0x00,
	0x00, 0x00, 0x02, 0x4B, 0x9F, 0xD5, 0xEE, 0xFB, 0xEC, 0xD8, 0xBD, 0x89,
	0x53, 0x0F, 0x00, 0x00, 0x2F, 0xD1, 0xFF, 0xFF, 0xFF, 0xFF, 0xFF, 0xFF,
	0xFF, 0xFF, 0xFF, 0xFF, 0x54, 0x00, 0x33, 0xF2, 0xFF, 0xFF, 0xFF, 0xFF,
	0xFF, 0xFF, 0xFF, 0xFF, 0xFF, 0xFF, 0xFF, 0x54, 0x03, 0xD8, 0xFF, 0xFF,
	0xFF, 0xFF, 0xFF, 0xFF, 0xFF, 0xFF, 0xFF, 0xFF, 0xFF, 0xFF, 0x54, 0x53,
	0xFF, 0xFF, 0xFF, 0xFF, 0xDF, 0x59, 0x1D, 0x04, 0x18, 0xFF, 0xFF, 0xFF,
	0xFF, 0x54, 0x9A, 0xFF, 0xFF, 0xFF, 0xF7, 0x24, 0x00, 0x00, 0x00, 0x04,
	0xFF, 0xFF, 0xFF, 0xFF, 0x54, 0xC1, 0xFF, 0xFF, 0xFF, 0xB3, 0x00, 0x00,
	0x00, 0x00, 0x04, 0xFF, 0xFF, 0xFF, 0xFF, 0x54, 0xD2, 0xFF, 0xFF, 0xFF,
	0x91, 0x00, 0x00, 0x00, 0x00, 0x04, 0xFF, 0xFF, 0xFF, 0xFF, 0x54, 0xCC,
	0xFF, 0xFF, 0xFF, 0xA3, 0x00, 0x00, 0x00, 0x00, 0x04, 0xFF, 0xFF, 0xFF,
	0xFF, 0x54, 0xB1, 0xFF, 0xFF, 0xFF, 0xE5, 0x08, 0x00, 0x00, 0x00, 0x04,
	0xFF, 0xFF, 0xFF, 0xFF, 0x54, 0x7A, 0xFF, 0xFF, 0xFF, 0xFF, 0xB4, 0x2E,
	0x08, 0x19, 0x59, 0xFF, 0xFF, 0xFF, 0xFF, 0x54, 0x21, 0xFD, 0xFF, 0xFF,
	0xFF, 0xFF, 0xFF, 0xFF, 0xFF, 0xFF, 0xFF, 0xFF, 0xFF, 0xFF, 0x54, 0x00,
	0x93, 0xFF, 0xFF, 0xFF, 0xFF, 0xFF, 0xFF, 0xFF, 0xFF, 0xFF, 0xFF, 0xFF,
	0xFF, 0x54, 0x00, 0x07, 0xAC, 0xFF, 0xFF, 0xFF, 0xFF, 0xFF, 0xFF, 0xFF,
	0xFF, 0xFF, 0xFF, 0xFF, 0x54, 0x00, 0x00, 0x00, 0x50, 0xB1, 0xE6, 0xF9,
	0xEA, 0xC3, 0x76, 0xFF, 0xFF, 0xFF, 0xFF, 0x50, 0x00, 0x00, 0x00, 0x00,
	0x00, 0x00, 0x00, 0x00, 0x00, 0x18, 0xFF, 0xFF, 0xFF, 0xFF, 0x3F, 0x00,
	0x00, 0x00, 0x00, 0x00, 0x00, 0x00, 0x00, 0x00, 0x67, 0xFF, 0xFF, 0xFF,
	0xFF, 0x20, 0x00, 0xBD, 0x9A, 0x4E, 0x1D, 0x08, 0x04, 0x1E, 0x6E, 0xF3,
	0xFF, 0xFF, 0xFF, 0xE4, 0x00, 0x0B, 0xFC, 0xFF, 0xFF, 0xFF, 0xFF, 0xFF,
	0xFF, 0xFF, 0xFF, 0xFF, 0xFF, 0xFF, 0x7E, 0x00, 0x3F, 0xFF, 0xFF, 0xFF,
	0xFF, 0xFF, 0xFF, 0xFF, 0xFF, 0xFF, 0xFF, 0xFF, 0xD5, 0x0D, 0x00, 0x6D,
	0xFF, 0xFF, 0xFF, 0xFF, 0xFF, 0xFF, 0xFF, 0xFF, 0xFF, 0xFF, 0xC4, 0x1C,
	0x00, 0x00, 0x00, 0x2E, 0x7A, 0xB9, 0xE3, 0xF8, 0xFA, 0xED, 0xCF, 0x9A,
	0x45, 0x01, 0x00, 0x00, 0x00, 0xCC, 0xFF, 0xFF, 0xFF, 0x84, 0x00, 0x00,
	0x00, 0x00, 0x00, 0x00, 0x00, 0x00, 0x00, 0xCC, 0xFF, 0xFF, 0xFF, 0x84,
	0x00, 0x00, 0x00, 0x00, 0x00, 0x00, 0x00, 0x00, 0x00, 0xCC, 0xFF, 0xFF,
	0xFF, 0x84, 0x00, 0x00, 0x00, 0x00, 0x00, 0x00, 0x00, 0x00, 0x00, 0xCC,
	0xFF, 0xFF, 0xFF, 0x84, 0x00, 0x00, 0x00, 0x00, 0x00, 0x00, 0x00, 0x00,
	0x00, 0xCC, 0xFF, 0xFF, 0xFF, 0x84, 0x00, 0x00, 0x00, 0x00, 0x00, 0x00,
	0x00, 0x00, 0x00, 0xCC, 0xFF, 0xFF, 0xFF, 0x84, 0x00, 0x00, 0x00, 0x00,
	0x00, 0x00, 0x00, 0x00, 0x00, 0xCC, 0xFF, 0xFF, 0xFF, 0x84, 0x00, 0x00,
	0x00, 0x00, 0x00, 0x00, 0x00, 0x00, 0x00, 0xCC, 0xFF, 0xFF, 0xFF, 0x84,
	0x00, 0x00, 0x00, 0x00, 0x00, 0x00, 0x00, 0x00, 0x00, 0xCC, 0xFF, 0xFF,
	0xFF, 0xCB, 0xC4, 0xEE, 0xF6, 0xE1, 0xA7, 0x43, 0x00, 0x00, 0x00, 0xCC,
	0xFF, 0xFF, 0xFF, 0xFF, 0xFF, 0xFF, 0xFF, 0xFF, 0xFF, 0xFF, 0x92, 0x01,
	0x00, 0xCC, 0xFF, 0xFF, 0xFF, 0xFF, 0xFF, 0xFF, 0xFF, 0xFF, 0xFF, 0xFF,
	0xFF, 0x63, 0x00, 0xCC, 0xFF, 0xFF, 0xFF, 0xFF, 0xFF, 0xFF, 0xFF, 0xFF,
	0xFF, 0xFF, 0xFF, 0xDD, 0x00, 0xCC, 0xFF, 0xFF, 0xFF, 0xA9, 0x22, 0x09,
	0x2E, 0xCC, 0xFF, 0xFF, 0xFF, 0xFF, 0x29, 0xCC, 0xFF, 0xFF, 0xFF, 0x84,
	0x00, 0x00, 0x00, 0x31, 0xFF, 0xFF, 0xFF, 0xFF, 0x53, 0xCC, 0xFF, 0xFF,
	0xFF, 0x84, 0x00, 0x00, 0x00, 0x01, 0xF7, 0xFF, 0xFF, 0xFF, 0x66, 0xCC,
	0xFF, 0xFF, 0xFF, 0x84, 0x00, 0x00, 0x00, 0x00, 0xE4, 0xFF, 0xFF, 0xFF,
	0x6F, 0xCC, 0xFF, 0xFF, 0xFF, 0x84, 0x00, 0x00, 0x00, 0x00, 0xE0, 0xFF,
	0xFF, 0xFF, 0x70, 0xCC, 0xFF, 0xFF, 0xFF, 0x84, 0x00, 0x00, 0x00, 0x00,
	0xE0, 0xFF, 0xFF, 0xFF, 0x70, 0xCC, 0xFF, 0xFF, 0xFF, 0x84, 0x00, 0x00,
	0x00, 0x00, 0xE0, 0xFF, 0xFF, 0xFF, 0x70, 0xCC, 0xFF, 0xFF, 0xFF, 0x84,
	0x00, 0x00, 0x00, 0x00, 0xE0, 0xFF, 0xFF, 0xFF, 0x70, 0xCC, 0xFF, 0xFF,
	0xFF, 0x84, 0x00, 0x00, 0x00, 0x00, 0xE0, 0xFF, 0xFF, 0xFF, 0x70, 0xCC,
	0xFF, 0xFF, 0xFF, 0x84, 0x00, 0x00, 0x00, 0x00, 0xE0, 0xFF, 0xFF, 0xFF,
	0x70, 0xCC, 0xFF, 0xFF, 0xFF, 0x84, 0x00, 0x00, 0x00, 0x00, 0xE0, 0xFF,
	0xFF, 0xFF, 0x70, 0xCC, 0xFF, 0xFF, 0xFF, 0x84, 0x00, 0x00, 0x00, 0x00,
	0xE0, 0xFF, 0xFF, 0xFF, 0x70, 0x00, 0x00, 0x00, 0x00, 0x69, 0xE0, 0xF1,
	0xAC, 0x16, 0x00, 0x00, 0x00, 0x00, 0x00, 0x00, 0x00, 0x00, 0x00, 0x00,
	0x3C, 0xFF, 0xFF, 0xFF, 0xFF, 0xAD, 0x00, 0x00, 0x00, 0x00, 0x00, 0x00,
	0x00, 0x00, 0x00, 0x00, 0x70, 0xFF, 0xFF, 0xFF, 0xFF, 0xE3, 0x00, 0x00,
	0x00, 0x00, 0x00, 0x00, 0x00, 0x00, 0x00, 0x00, 0x3D, 0xFF, 0xFF, 0xFF,
	0xFF, 0xAE, 0x00, 0x00, 0x00, 0x00, 0x00, 0x00, 0x00, 0x00, 0x00, 0x00,
	0x00, 0x69, 0xE1, 0xF2, 0xAC, 0x16, 0x00, 0x00, 0x00, 0x00, 0x00, 0x00,
	0x00, 0x00, 0x00, 0x00, 0x00, 0x00, 0x00, 0x00, 0x00, 0x00, 0x00, 0x00,
	0x00, 0x00, 0x00, 0x00, 0x00, 0x00, 0x00, 0x00, 0x00, 0x00, 0x00, 0x00,
	0x00, 0x00, 0x00, 0x00, 0x00, 0x00, 0x00, 0x00, 0x00, 0xBC, 0xFF, 0xFF,
	0xFF, 0xFF, 0xFF, 0xFF, 0xFF, 0xFF, 0x1C, 0x00, 0x00, 0x00, 0x00, 0x00,
	0x00, 0xBC, 0xFF, 0xFF, 0xFF, 0xFF, 0xFF, 0xFF, 0xFF, 0xFF, 0x1C, 0x00,
	0x00, 0x00, 0x00, 0x00, 0x00, 0xBC, 0xFF, 0xFF, 0xFF, 0xFF, 0xFF, 0xFF,
	0xFF, 0xFF, 0x1C, 0x00, 0x00, 0x00, 0x00, 0x00, 0x00, 0xBC, 0xFF, 0xFF,
	0xFF, 0xFF, 0xFF, 0xFF, 0xFF, 0xFF, 0x1C, 0x00, 0x00, 0x00, 0x00, 0x00,
	0x00, 0x00, 0x00, 0x00, 0x00, 0x30, 0xFF, 0xFF, 0xFF, 0xFF, 0x1C, 0x00,
	0x00, 0x00, 0x00, 0x00, 0x00, 0x00, 0x00, 0x00, 0x00, 0x30, 0xFF, 0xFF,
	0xFF, 0xFF, 0x1C, 0x00, 0x00, 0x00, 0x00, 0x00, 0x00, 0x00, 0x00, 0x00,
	0x00, 0x30, 0xFF, 0xFF, 0xFF, 0xFF, 0x1C, 0x00, 0x00, 0x00, 0x00, 0x00,
	0x00, 0x00, 0x00, 0x00, 0x00, 0x30, 0xFF, 0xFF, 0xFF, 0xFF, 0x1C, 0x00,
	0x00, 0x00, 0x00, 0x00, 0x00, 0x00, 0x00, 0x00, 0x00, 0x30, 0xFF, 0xFF,
	0xFF, 0xFF, 0x1C, 0x00, 0x00, 0x00, 0x00, 0x00, 0x00, 0x00, 0x00, 0x00,
	0x00, 0x30, 0xFF, 0xFF, 0xFF, 0xFF, 0x1C, 0x00, 0x00, 0x00, 0x00, 0x00,
	0x00, 0x00, 0x00, 0x00, 0x00, 0x2A, 0xFF, 0xFF, 0xFF, 0xFF, 0x26, 0x00,
	0x00, 0x00, 0x00, 0x00, 0x00, 0x00, 0x00, 0x00, 0x00, 0x1B, 0xFF, 0xFF,
	0xFF, 0xFF, 0x52, 0x00, 0x00, 0x00, 0x00, 0x00, 0x00, 0x00, 0x00, 0x00,
	0x00, 0x01, 0xF6, 0xFF, 0xFF, 0xFF, 0xD5, 0x31, 0x09, 0x23, 0x65, 0xB2,
	0x00, 0x00, 0x00, 0x00, 0x00, 0x00, 0xBA, 0xFF, 0xFF, 0xFF, 0xFF, 0xFF,
	0xFF, 0xFF, 0xFF, 0xFB, 0x04, 0x00, 0x00, 0x00, 0x00, 0x00, 0x50, 0xFF,
	0xFF, 0xFF, 0xFF, 0xFF, 0xFF, 0xFF, 0xFF, 0xFF, 0x26, 0x00, 0x00, 0x00,
	0x00, 0x00, 0x00, 0x96, 0xFF, 0xFF, 0xFF, 0xFF, 0xFF, 0xFF, 0xFF, 0xFF,
	0x41, 0x00, 0x00, 0x00, 0x00, 0x00, 0x00, 0x00, 0x52, 0xB5, 0xE8, 0xFA,
	0xE8, 0xCA, 0x8F, 0x30, 0x00, 0x00, 0x00, 0x00, 0x00, 0x00, 0x00, 0x00,
	0x1A, 0xB2, 0xF3, 0xDD, 0x61, 0x00, 0x00, 0x00, 0x00, 0x00, 0x00, 0x00,
	0x00, 0xB4, 0xFF, 0xFF, 0xFF, 0xFE, 0x36, 0x00, 0x00, 0x00, 0x00, 0x00,
	0x00, 0x00, 0xE8, 0xFF, 0xFF, 0xFF, 0xFF, 0x6B, 0x00, 0x00, 0x00, 0x00,
	0x00, 0x00, 0x00, 0xB5, 0xFF, 0xFF, 0xFF, 0xFE, 0x37, 0x00, 0x00, 0x00,
	0x00, 0x00, 0x00, 0x00, 0x1B, 0xB2, 0xF3, 0xDE, 0x61, 0x00, 0x00, 0x00,
	0x00, 0x00, 0x00, 0x00, 0x00, 0x00, 0x00, 0x00, 0x00, 0x00, 0x00, 0x00,
	0x00, 0x00, 0x00, 0x00, 0x00, 0x00, 0x00, 0x00, 0x00, 0x00, 0x00, 0x00,
	0x00, 0x00, 0xF4, 0xFF, 0xFF, 0xFF, 0xFF, 0xFF, 0xFF, 0xFF, 0xFF, 0xFF,
	0xFF, 0x00, 0x00, 0xF4, 0xFF, 0xFF, 0xFF, 0xFF, 0xFF, 0xFF, 0xFF, 0xFF,
	0xFF, 0xFF, 0x00, 0x00, 0xF4, 0xFF, 0xFF, 0xFF, 0xFF, 0xFF, 0xFF, 0xFF,
	0xFF, 0xFF, 0xFF, 0x00, 0x00, 0xF4, 0xFF, 0xFF, 0xFF, 0xFF, 0xFF, 0xFF,
	0xFF, 0xFF, 0xFF, 0xFF, 0x00, 0x00, 0x00, 0x00, 0x00, 0x00, 0x00, 0x00,
	0x50, 0xFF, 0xFF, 0xFF, 0xFF, 0x00, 0x00, 0x00, 0x00, 0x00, 0x00, 0x00,
	0x00, 0x50, 0xFF, 0xFF, 0xFF, 0xFF, 0x00, 0x00, 0x00, 0x00, 0x00, 0x00,
	0x00, 0x00, 0x50, 0xFF, 0xFF, 0xFF, 0xFF, 0x00, 0x00, 0x00, 0x00, 0x00,
	0x00, 0x00, 0x00, 0x50, 0xFF, 0xFF, 0xFF, 0xFF, 0x00, 0x00, 0x00, 0x00,
	0x00, 0x00, 0x00, 0x00, 0x50, 0xFF, 0xFF, 0xFF, 0xFF, 0x00, 0x00, 0x00,
	0x00, 0x00, 0x00, 0x00, 0x00, 0x50, 0xFF, 0xFF, 0xFF, 0xFF, 0x00, 0x00,
	0x00, 0x00, 0x00, 0x00, 0x00, 0x00, 0x50, 0xFF, 0xFF, 0xFF, 0xFF, 0x00,
	0x00, 0x00, 0x00, 0x00, 0x00, 0x00, 0x00, 0x50, 0xFF, 0xFF, 0xFF, 0xFF,
	0x00, 0x00, 0x00, 0x00, 0x00, 0x00, 0x00, 0x00, 0x50, 0xFF, 0xFF, 0xFF,
	0xFF, 0x00, 0x00, 0x00, 0x00, 0x00, 0x00, 0x00, 0x00, 0x50, 0xFF, 0xFF,
	0xFF, 0xFF, 0x00, 0x00, 0x00, 0x00, 0x00, 0x00, 0x00, 0x00, 0x50, 0xFF,
	0xFF, 0xFF, 0xFF, 0x00, 0x00, 0x00, 0x00, 0x00, 0x00, 0x00, 0x00, 0x50,
	0xFF, 0xFF, 0xFF, 0xFF, 0x00, 0x00, 0x00, 0x00, 0x00, 0x00, 0x00, 0x00,
	0x57, 0xFF, 0xFF, 0xFF, 0xF3, 0x00, 0x00, 0x00, 0x00, 0x00, 0x00, 0x00,
	0x00, 0x80, 0xFF, 0xFF, 0xFF, 0xE0, 0x00, 0x25, 0xD4, 0x80, 0x3E, 0x12,
	0x08, 0x46, 0xEB, 0xFF, 0xFF, 0xFF, 0xAC, 0x00, 0x85, 0xFF, 0xFF, 0xFF,
	0xFF, 0xFF, 0xFF, 0xFF, 0xFF, 0xFF, 0xFF, 0x5C, 0x02, 0xE2, 0xFF, 0xFF,
	0xFF, 0xFF, 0xFF, 0xFF, 0xFF, 0xFF, 0xFF, 0xD6, 0x05, 0x1C, 0xD4, 0xFF,
	0xFF, 0xFF, 0xFF, 0xFF, 0xFF, 0xFF, 0xFF, 0xDF, 0x26, 0x00, 0x00, 0x00,
	0x38, 0x93, 0xCD, 0xEF, 0xFB, 0xF0, 0xC8, 0x79, 0x0F, 0x00, 0x00, 0xCC,
	0xFF, 0xFF, 0xFF, 0x8C, 0x00, 0x00, 0x00, 0x00, 0x00, 0x00, 0x00, 0x00,
	0x00, 0x00, 0x00, 0xCC, 0xFF, 0xFF, 0xFF, 0x8C, 0x00, 0x00, 0x00, 0x00,
	0x00, 0x00, 0x00, 0x00, 0x00, 0x00, 0x00, 0xCC, 0xFF, 0xFF, 0xFF, 0x8C,
	0x00, 0x00, 0x00, 0x00, 0x00, 0x00, 0x00, 0x00, 0x00, 0x00, 0x00, 0xCC,
	0xFF, 0xFF, 0xFF, 0x8C, 0x00, 0x00, 0x00, 0x00, 0x00, 0x00, 0x00, 0x00,
	0x00, 0x00, 0x00, 0xCC, 0xFF, 0xFF, 0xFF, 0x8C, 0x00, 0x00, 0x00, 0x00,
	0x00, 0x00, 0x00, 0x00, 0x00, 0x00, 0x00, 0xCC, 0xFF, 0xFF, 0xFF, 0x8C,
	0x00, 0x00, 0x00, 0x00, 0x00, 0x00, 0x00, 0x00, 0x00, 0x00, 0x00, 0xCC,
	0xFF, 0xFF, 0xFF, 0x8C, 0x00, 0x00, 0x00, 0x00, 0x00, 0x00, 0x00, 0x00,
	0x00, 0x00, 0x00, 0xCC, 0xFF, 0xFF, 0xFF, 0x8C, 0x00, 0x00, 0x00, 0x00,
	0x00, 0x00, 0x00, 0x00, 0x00, 0x00, 0x00, 0xCC, 0xFF, 0xFF, 0xFF, 0x8C,
	0x00, 0x00, 0x00, 0x22, 0xF5, 0xFF, 0xFF, 0xFF, 0xE4, 0x1A, 0x00, 0xCC,
	0xFF, 0xFF, 0xFF, 0x8C, 0x00, 0x00, 0x01, 0xBD, 0xFF, 0xFF, 0xFF, 0xF4,
	0x32, 0x00, 0x00, 0xCC, 0xFF, 0xFF, 0xFF, 0x8C, 0x00, 0x00, 0x72, 0xFF,
	0xFF, 0xFF, 0xFC, 0x4B, 0x00, 0x00, 0x00, 0xCC, 0xFF, 0xFF, 0xFF, 0x8C,
	0x00, 0x34, 0xF8, 0xFF, 0xFF, 0xFF, 0x65, 0x00, 0x00, 0x00, 0x00, 0xCC,
	0xFF, 0xFF, 0xFF, 0x8C, 0x12, 0xE0, 0xFF, 0xFF, 0xFF, 0x77, 0x00, 0x00,
	0x00, 0x00, 0x00, 0xCC, 0xFF, 0xFF, 0xFF, 0x90, 0xBE, 0xFF, 0xFF, 0xFF,
	0x87, 0x00, 0x00, 0x00, 0x00, 0x00, 0x00, 0xCC, 0xFF, 0xFF, 0xFF, 0xF4,
	0xFF, 0xFF, 0xFF, 0x92, 0x00, 0x00, 0x00, 0x00, 0x00, 0x00, 0x00, 0xCC,
	0xFF, 0xFF, 0xFF, 0xFF, 0xFF, 0xFF, 0xFF, 0x81, 0x00, 0x00, 0x00, 0x00,
	0x00, 0x00, 0x00, 0xCC, 0xFF, 0xFF, 0xFF, 0xD9, 0xFE, 0xFF, 0xFF, 0xFF,
	0x74, 0x00, 0x00, 0x00, 0x00, 0x00, 0x00, 0xCC, 0xFF, 0xFF, 0xFF, 0x8C,
	0x74, 0xFF, 0xFF, 0xFF, 0xFE, 0x53, 0x00, 0x00, 0x00, 0x00, 0x00, 0xCC,
	0xFF, 0xFF, 0xFF, 0x8C, 0x00, 0xA4, 0xFF, 0xFF, 0xFF, 0xF4, 0x2F, 0x00,
	0x00, 0x00, 0x00, 0xCC, 0xFF, 0xFF, 0xFF, 0x8C, 0x00, 0x0B, 0xD6, 0xFF,
	0xFF, 0xFF, 0xE0, 0x11, 0x00, 0x00, 0x00, 0xCC, 0xFF, 0xFF, 0xFF, 0x8C,
	0x00, 0x00, 0x2F, 0xFA, 0xFF, 0xFF, 0xFF, 0xAC, 0x00, 0x00, 0x00, 0xCC,
	0xFF, 0xFF, 0xFF, 0x8C, 0x00, 0x00, 0x00, 0x7E, 0xFF, 0xFF, 0xFF, 0xFF,
	0x65, 0x00, 0x00, 0xCC, 0xFF, 0xFF, 0xFF, 0x8C, 0x00, 0x00, 0x00, 0x04,
	0xD3, 0xFF, 0xFF, 0xFF, 0xF3, 0x1D, 0x00, 0xCC, 0xFF, 0xFF, 0xFF, 0x8C,
	0x00, 0x00, 0x00, 0x00, 0x43, 0xFF, 0xFF, 0xFF, 0xFF, 0xA9, 0x00, 0x00,
	0x00, 0x00, 0x00, 0x00, 0x00, 0x00, 0x00, 0x00, 0x00, 0x31, 0x34, 0x34,
	0x34, 0x33, 0x00, 0xBC, 0xFF, 0xFF, 0xFF, 0xFF, 0xFF, 0xFF, 0xFF, 0xFF,
	0x1C, 0x00, 0x00, 0x00, 0x00, 0x00, 0x00, 0xBC, 0xFF, 0xFF, 0xFF, 0xFF,
	0xFF, 0xFF, 0xFF, 0xFF, 0x1C, 0x00, 0x00, 0x00, 0x00, 0x00, 0x00, 0xBC,
	0xFF, 0xFF, 0xFF, 0xFF, 0xFF, 0xFF, 0xFF, 0xFF, 0x1C, 0x00, 0x00, 0x00,
	0x00, 0x00, 0x00, 0xBC, 0xFF, 0xFF, 0xFF, 0xFF, 0xFF, 0xFF, 0xFF, 0xFF,
	0x1C, 0x00, 0x00, 0x00, 0x00, 0x00, 0x00, 0x00, 0x00, 0x00, 0x00, 0x30,
	0xFF, 0xFF, 0xFF, 0xFF, 0x1C, 0x00, 0x00, 0x00, 0x00, 0x00, 0x00, 0x00,
	0x00, 0x00, 0x00, 0x30, 0xFF, 0xFF, 0xFF, 0xFF, 0x1C, 0x00, 0x00, 0x00,
	0x00, 0x00, 0x00, 0x00, 0x00, 0x00, 0x00, 0x30, 0xFF, 0xFF, 0xFF, 0xFF,
	0x1C, 0x00, 0x00, 0x00, 0x00, 0x00, 0x00, 0x00, 0x00, 0x00, 0x00, 0x30,
	0xFF, 0xFF, 0xFF, 0xFF, 0x1C, 0x00, 0x00, 0x00, 0x00, 0x00, 0x00, 0x00,
	0x00, 0x00, 0x00, 0x30, 0xFF, 0xFF, 0xFF, 0xFF, 0x1C, 0x00, 0x00, 0x00,
	0x00, 0x00, 0x00, 0x00, 0x00, 0x00, 0x00, 0x30, 0xFF, 0xFF, 0xFF, 0xFF,
	0x1C, 0x00, 0x00, 0x00, 0x00, 0x00, 0x00, 0x00, 0x00, 0x00, 0x00, 0x30,
	0xFF, 0xFF, 0xFF, 0xFF, 0x1C, 0x00, 0x00, 0x00, 0x00, 0x00, 0x00, 0x00,
	0x00, 0x00, 0x00, 0x30, 0xFF, 0xFF, 0xFF, 0xFF, 0x1C, 0x00, 0x00, 0x00,
	0x00, 0x00, 0x00, 0x00, 0x00, 0x00, 0x00, 0x30, 0xFF, 0xFF, 0xFF, 0xFF,
	0x1C, 0x00, 0x00, 0x00, 0x00, 0x00, 0x00, 0x00, 0x00, 0x00, 0x00, 0x30,
	0xFF, 0xFF, 0xFF, 0xFF, 0x1C, 0x00, 0x00, 0x00, 0x00, 0x00, 0x00, 0x00,
	0x00, 0x00, 0x00, 0x30, 0xFF, 0xFF, 0xFF, 0xFF, 0x1C, 0x00, 0x00, 0x00,
	0x00, 0x00, 0x00, 0x00, 0x00, 0x00, 0x00, 0x30, 0xFF, 0xFF, 0xFF, 0xFF,
	0x1C, 0x00, 0x00, 0x00, 0x00, 0x00, 0x00, 0x00, 0x00, 0x00, 0x00, 0x30,
	0xFF, 0xFF, 0xFF, 0xFF, 0x1C, 0x00, 0x00, 0x00, 0x00, 0x00, 0x00, 0x00,
	0x00, 0x00, 0x00, 0x2D, 0xFF, 0xFF, 0xFF, 0xFF, 0x1F, 0x00, 0x00, 0x00,
	0x00, 0x00, 0x00, 0x00, 0x00, 0x00, 0x00, 0x20, 0xFF, 0xFF, 0xFF, 0xFF,
	0x46, 0x00, 0x00, 0x00, 0x00, 0x00, 0x00, 0x00, 0x00, 0x00, 0x00, 0x04,
	0xF8, 0xFF, 0xFF, 0xFF, 0xD0, 0x34, 0x07, 0x1C, 0x67, 0xB4, 0x00, 0x00,
	0x00, 0x00, 0x00, 0x00, 0xBD, 0xFF, 0xFF, 0xFF, 0xFF, 0xFF, 0xFF, 0xFF,
	0xFF, 0xFB, 0x04, 0x00, 0x00, 0x00, 0x00, 0x00, 0x53, 0xFF, 0xFF, 0xFF,
	0xFF, 0xFF, 0xFF, 0xFF, 0xFF, 0xFF, 0x26, 0x00, 0x00, 0x00, 0x00, 0x00,
	0x00, 0x9B, 0xFF, 0xFF, 0xFF, 0xFF, 0xFF, 0xFF, 0xFF, 0xFF, 0x43, 0x00,
	0x00, 0x00, 0x00, 0x00, 0x00, 0x01, 0x57, 0xBA, 0xEB, 0xFB, 0xEC, 0xD2,
	0x99, 0x3B, 0x00, 0x51, 0x89, 0xBF, 0xE4, 0xF9, 0xEF, 0xC6, 0x55, 0x4C,
	0xBD, 0xF4, 0xF5, 0xD0, 0x6B, 0x01, 0x00, 0xFC, 0xFF, 0xFF, 0xFF, 0xFF,
	0xFF, 0xFF, 0xFF, 0xFF, 0xFF, 0xFF, 0xFF, 0xFF, 0xFF, 0x7E, 0x00, 0xFC,
	0xFF, 0xFF, 0xFF, 0xFF, 0xFF, 0xFF, 0xFF, 0xFF, 0xFF, 0xFF, 0xFF, 0xFF,
	0xFF, 0xF5, 0x0D, 0xFC, 0xFF, 0xFF, 0xFF, 0xFF, 0xFF, 0xFF, 0xFF, 0xFF,
	0xFF, 0xFF, 0xFF, 0xFF, 0xFF, 0xFF, 0x44, 0xFC, 0xFF, 0xFF, 0x8E, 0x08,
	0x81, 0xFF, 0xFF, 0xFF, 0x60, 0x07, 0x87, 0xFF, 0xFF, 0xFF, 0x64, 0xFC,
	0xFF, 0xFF, 0x84, 0x00, 0x19, 0xFF, 0xFF, 0xFF, 0x68, 0x00, 0x1E, 0xFF,
	0xFF, 0xFF, 0x74, 0xFC, 0xFF, 0xFF, 0x84, 0x00, 0x03, 0xFF, 0xFF, 0xFF,
	0x78, 0x00, 0x07, 0xFF, 0xFF, 0xFF, 0x7A, 0xFC, 0xFF, 0xFF, 0x84, 0x00,
	0x00, 0xFF, 0xFF, 0xFF, 0x7F, 0x00, 0x04, 0xFF, 0xFF, 0xFF, 0x7C, 0xFC,
	0xFF, 0xFF, 0x84, 0x00, 0x00, 0xFF, 0xFF, 0xFF, 0x80, 0x00, 0x04, 0xFF,
	0xFF, 0xFF, 0x7C, 0xFC, 0xFF, 0xFF, 0x84, 0x00, 0x00, 0xFF, 0xFF, 0xFF,
	0x80, 0x00, 0x04, 0xFF, 0xFF, 0xFF, 0x7C, 0xFC, 0xFF, 0xFF, 0x84, 0x00,
	0x00, 0x00, 0x00, 0x00, 0x00, 0x00, 0x04, 0xFF, 0xFF, 0xFF, 0x7C, 0xFC,
	0xFF, 0xFF, 0x84, 0x00, 0x00, 0x00, 0x00, 0x00, 0x00, 0x00, 0x04, 0xFF,
	0xFF, 0xFF, 0x7C, 0xFC, 0xFF, 0xFF, 0x84, 0x00, 0x00, 0x00, 0x00, 0x00,
	0x00, 0x00, 0x04, 0xFF, 0xFF, 0xFF, 0x7C, 0xFC, 0xFF, 0xFF, 0x84, 0x00,
	0x00, 0x00, 0x00, 0x00, 0x00, 0x00, 0x04, 0xFF, 0xFF, 0xFF, 0x7C, 0xFC,
	0xFF, 0xFF, 0x84, 0x00, 0x00, 0x00, 0x00, 0x00, 0x00, 0x00, 0x04, 0xFF,
	0xFF, 0xFF, 0x7C, 0xFC, 0xFF, 0xFF, 0x84, 0x00, 0x00, 0x00, 0x00, 0x00,
	0x00, 0x00, 0x04, 0xFF, 0xFF, 0xFF, 0x7C, 0x34, 0x74, 0xA2, 0xC8, 0xE5,
	0xF4, 0xFC, 0xF1, 0xDA, 0x9D, 0x37, 0x00, 0x00, 0x00, 0xCC, 0xFF, 0xFF,
	0xFF, 0xFF, 0xFF, 0xFF, 0xFF, 0xFF, 0xFF, 0xFF, 0x87, 0x00, 0x00, 0xCC,
	0xFF, 0xFF, 0xFF, 0xFF, 0xFF, 0xFF, 0xFF, 0xFF, 0xFF, 0xFF, 0xFF, 0x5E,
	0x00, 0xCC, 0xFF, 0xFF, 0xFF, 0xFF, 0xFF, 0xFF, 0xFF, 0xFF, 0xFF, 0xFF,
	0xFF, 0xDC, 0x00, 0xCC, 0xFF, 0xFF, 0xFF, 0x90, 0x0A, 0x03, 0x28, 0xC3,
	0xFF, 0xFF, 0xFF, 0xFF, 0x29, 0xCC, 0xFF, 0xFF, 0xFF, 0x84, 0x00, 0x00,
	0x00, 0x31, 0xFF, 0xFF, 0xFF, 0xFF, 0x53, 0xCC, 0xFF, 0xFF, 0xFF, 0x84,
	0x00, 0x00, 0x00, 0x01, 0xF7, 0xFF, 0xFF, 0xFF, 0x66, 0xCC, 0xFF, 0xFF,
	0xFF, 0x84, 0x00, 0x00, 0x00, 0x00, 0xE4, 0xFF, 0xFF, 0xFF, 0x6F, 0xCC,
	0xFF, 0xFF, 0xFF, 0x84, 0x00, 0x00, 0x00, 0x00, 0xE0, 0xFF, 0xFF, 0xFF,
	0x70, 0xCC, 0xFF, 0xFF, 0xFF, 0x84, 0x00, 0x00, 0x00, 0x00, 0xE0, 0xFF,
	0xFF, 0xFF, 0x70, 0xCC, 0xFF, 0xFF, 0xFF, 0x84, 0x00, 0x00, 0x00, 0x00,
	0xE0, 0xFF, 0xFF, 0xFF, 0x70, 0xCC, 0xFF, 0xFF, 0xFF, 0x84, 0x00, 0x00,
	0x00, 0x00, 0xE0, 0xFF, 0xFF, 0xFF, 0x70, 0xCC, 0xFF, 0xFF, 0xFF, 0x84,
	0x00, 0x00, 0x00, 0x00, 0xE0, 0xFF, 0xFF, 0xFF, 0x70, 0xCC, 0xFF, 0xFF,
	0xFF, 0x84, 0x00, 0x00, 0x00, 0x00, 0xE0, 0xFF, 0xFF, 0xFF, 0x70, 0xCC,
	0xFF, 0xFF, 0xFF, 0x84, 0x00, 0x00, 0x00, 0x00, 0xE0, 0xFF, 0xFF, 0xFF,
	0x70, 0xCC, 0xFF, 0xFF, 0xFF, 0x84, 0x00, 0x00, 0x00, 0x00, 0xE0, 0xFF,
	0xFF, 0xFF, 0x70, 0x00, 0x00, 0x00, 0x02, 0x55, 0xAB, 0xE2, 0xF8, 0xF0,
	0xD1, 0x8C, 0x24, 0x00, 0x00, 0x00, 0x00, 0x00, 0x00, 0x22, 0xCE, 0xFF,
	0xFF, 0xFF, 0xFF, 0xFF, 0xFF, 0xFF, 0xFB, 0x84, 0x01, 0x00, 0x00, 0x00,
	0x1F, 0xEA, 0xFF, 0xFF, 0xFF, 0xFF, 0xFF, 0xFF, 0xFF, 0xFF, 0xFF, 0xFF,
	0x99, 0x00, 0x00, 0x00, 0xC6, 0xFF, 0xFF, 0xFF, 0xFF, 0xFF, 0xFF, 0xFF,
	0xFF, 0xFF, 0xFF, 0xFF, 0xFF, 0x55, 0x00, 0x4B, 0xFF, 0xFF, 0xFF, 0xFF,
	0xCD, 0x3B, 0x07, 0x14, 0x6B, 0xF9, 0xFF, 0xFF, 0xFF, 0xD6, 0x00, 0xA2,
	0xFF, 0xFF, 0xFF, 0xF4, 0x17, 0x00, 0x00, 0x00, 0x00, 0x7F, 0xFF, 0xFF,
	0xFF, 0xFF, 0x2B, 0xDB, 0xFF, 0xFF, 0xFF, 0x9C, 0x00, 0x00, 0x00, 0x00,
	0x00, 0x18, 0xFF, 0xFF, 0xFF, 0xFF, 0x63, 0xF2, 0xFF, 0xFF, 0xFF, 0x74,
	0x00, 0x00, 0x00, 0x00, 0x00, 0x00, 0xF3, 0xFF, 0xFF, 0xFF, 0x79, 0xF1,
	0xFF, 0xFF, 0xFF, 0x73, 0x00, 0x00, 0x00, 0x00, 0x00, 0x00, 0xF5, 0xFF,
	0xFF, 0xFF, 0x78, 0xD9, 0xFF, 0xFF, 0xFF, 0x99, 0x00, 0x00, 0x00, 0x00,
	0x00, 0x1E, 0xFF, 0xFF, 0xFF, 0xFF, 0x61, 0x9F, 0xFF, 0xFF, 0xFF, 0xF0,
	0x0E, 0x00, 0x00, 0x00, 0x00, 0x8E, 0xFF, 0xFF, 0xFF, 0xFF, 0x26, 0x48,
	0xFF, 0xFF, 0xFF, 0xFF, 0xC0, 0x32, 0x05, 0x17, 0x7A, 0xFD, 0xFF, 0xFF,
	0xFF, 0xD0, 0x00, 0x00, 0xC5, 0xFF, 0xFF, 0xFF, 0xFF, 0xFF, 0xFF, 0xFF,
	0xFF, 0xFF, 0xFF, 0xFF, 0xFF, 0x4E, 0x00, 0x00, 0x1F, 0xEA, 0xFF, 0xFF,
	0xFF, 0xFF, 0xFF, 0xFF, 0xFF, 0xFF, 0xFF, 0xFF, 0x94, 0x00, 0x00, 0x00,
	0x00, 0x22, 0xCF, 0xFF, 0xFF, 0xFF, 0xFF, 0xFF, 0xFF, 0xFF, 0xFB, 0x82,
	0x01, 0x00, 0x00, 0x00, 0x00, 0x00, 0x02, 0x58, 0xAE, 0xE3, 0xF8, 0xF0,
	0xD1, 0x8C, 0x24, 0x00, 0x00, 0x00, 0x00, 0x31, 0x76, 0xA4, 0xC6, 0xD9,
	0xEC, 0xFA, 0xED, 0xCF, 0x90, 0x2C, 0x00, 0x00, 0x00, 0x00, 0xCC, 0xFF,
	0xFF, 0xFF, 0xFF, 0xFF, 0xFF, 0xFF, 0xFF, 0xFF, 0xFE, 0x92, 0x04, 0x00,
	0x00, 0xCC, 0xFF, 0xFF, 0xFF, 0xFF, 0xFF, 0xFF, 0xFF, 0xFF, 0xFF, 0xFF,
	0xFF, 0xA5, 0x00, 0x00, 0xCC, 0xFF, 0xFF, 0xFF, 0xFF, 0xFF, 0xFF, 0xFF,
	0xFF, 0xFF, 0xFF, 0xFF, 0xFF, 0x57, 0x00, 0xCC, 0xFF, 0xFF, 0xFF, 0x8F,
	0x0C, 0x04, 0x22, 0x91, 0xFF, 0xFF, 0xFF, 0xFF, 0xD0, 0x00, 0xCC, 0xFF,
	0xFF, 0xFF, 0x84, 0x00, 0x00, 0x00, 0x00, 0xA9, 0xFF, 0xFF, 0xFF, 0xFF,
	0x1C, 0xCC, 0xFF, 0xFF, 0xFF, 0x84, 0x00, 0x00, 0x00, 0x00, 0x35, 0xFF,
	0xFF, 0xFF, 0xFF, 0x4E, 0xCC, 0xFF, 0xFF, 0xFF, 0x84, 0x00, 0x00, 0x00,
	0x00, 0x09, 0xFF, 0xFF, 0xFF, 0xFF, 0x62, 0xCC, 0xFF, 0xFF, 0xFF, 0x84,
	0x00, 0x00, 0x00, 0x00, 0x03, 0xFC, 0xFF, 0xFF, 0xFF, 0x63, 0xCC, 0xFF,
	0xFF, 0xFF, 0x84, 0x00, 0x00, 0x00, 0x00, 0x1E, 0xFF, 0xFF, 0xFF, 0xFF,
	0x51, 0xCC, 0xFF, 0xFF, 0xFF, 0x84, 0x00, 0x00, 0x00, 0x00, 0x78, 0xFF,
	0xFF, 0xFF, 0xFF, 0x26, 0xCC, 0xFF, 0xFF, 0xFF, 0xB6, 0x2F, 0x0D, 0x0C,
	0x5A, 0xF3, 0xFF, 0xFF, 0xFF, 0xE3, 0x01, 0xCC, 0xFF, 0xFF, 0xFF, 0xFF,
	0xFF, 0xFF, 0xFF, 0xFF, 0xFF, 0xFF, 0xFF, 0xFF, 0x7F, 0x00, 0xCC, 0xFF,
	0xFF, 0xFF, 0xFF, 0xFF, 0xFF, 0xFF, 0xFF, 0xFF, 0xFF, 0xFF, 0xDF, 0x0B,
	0x00, 0xCC, 0xFF, 0xFF, 0xFF, 0xFF, 0xFF, 0xFF, 0xFF, 0xFF, 0xFF, 0xFF,
	0xE1, 0x27, 0x00, 0x00, 0xCC, 0xFF, 0xFF, 0xFF, 0xA5, 0x89, 0xD2, 0xF3,
	0xF2, 0xCF, 0x7D, 0x0D, 0x00, 0x00, 0x00, 0xCC, 0xFF, 0xFF, 0xFF, 0x84,
	0x00, 0x00, 0x00, 0x00, 0x00, 0x00, 0x00, 0x00, 0x00, 0x00, 0xCC, 0xFF,
	0xFF, 0xFF, 0x84, 0x00, 0x00, 0x00, 0x00, 0x00, 0x00, 0x00, 0x00, 0x00,
	0x00, 0xCC, 0xFF, 0xFF, 0xFF, 0x84, 0x00, 0x00, 0x00, 0x00, 0x00, 0x00,
	0x00, 0x00, 0x00, 0x00, 0xCC, 0xFF, 0xFF, 0xFF, 0x84, 0x00, 0x00, 0x00,
	0x00, 0x00, 0x00, 0x00, 0x00, 0x00, 0x00, 0xCC, 0xFF, 0xFF, 0xFF, 0x84,
	0x00, 0x00, 0x00, 0x00, 0x00, 0x00, 0x00, 0x00, 0x00, 0x00, 0xCC, 0xFF,
	0xFF, 0xFF, 0x84, 0x00, 0x00, 0x00, 0x00, 0x00, 0x00, 0x00, 0x00, 0x00,
	0x00, 0x00, 0x00, 0x00, 0x02, 0x55, 0xA7, 0xDF, 0xF5, 0xF9, 0xED, 0xD5,
	0xB7, 0x8D, 0x58, 0x0F, 0x00, 0x00, 0x27, 0xD2, 0xFF, 0xFF, 0xFF, 0xFF,
	0xFF, 0xFF, 0xFF, 0xFF, 0xFF, 0xFF, 0x54, 0x00, 0x25, 0xEF, 0xFF, 0xFF,
	0xFF, 0xFF, 0xFF, 0xFF, 0xFF, 0xFF, 0xFF, 0xFF, 0xFF, 0x54, 0x00, 0xCB,
	0xFF, 0xFF, 0xFF, 0xFF, 0xFF, 0xFF, 0xFF, 0xFF, 0xFF, 0xFF, 0xFF, 0xFF,
	0x54, 0x48, 0xFF, 0xFF, 0xFF, 0xFF, 0xE1, 0x50, 0x0D, 0x05, 0x12, 0xF8,
	0xFF, 0xFF, 0xFF, 0x54, 0x99, 0xFF, 0xFF, 0xFF, 0xFE, 0x2E, 0x00, 0x00,
	0x00, 0x00, 0xF8, 0xFF, 0xFF, 0xFF, 0x54, 0xCD, 0xFF, 0xFF, 0xFF, 0xB6,
	0x00, 0x00, 0x00, 0x00, 0x00, 0xF8, 0xFF, 0xFF, 0xFF, 0x54, 0xE2, 0xFF,
	0xFF, 0xFF, 0x88, 0x00, 0x00, 0x00, 0x00, 0x00, 0xF8, 0xFF, 0xFF, 0xFF,
	0x54, 0xE4, 0xFF, 0xFF, 0xFF, 0x7F, 0x00, 0x00, 0x00, 0x00, 0x00, 0xF8,
	0xFF, 0xFF, 0xFF, 0x54, 0xD3, 0xFF, 0xFF, 0xFF, 0x9E, 0x00, 0x00, 0x00,
	0x00, 0x00, 0xF8, 0xFF, 0xFF, 0xFF, 0x54, 0xA9, 0xFF, 0xFF, 0xFF, 0xEE,
	0x0C, 0x00, 0x00, 0x00, 0x00, 0xF8, 0xFF, 0xFF, 0xFF, 0x54, 0x6A, 0xFF,
	0xFF, 0xFF, 0xFF, 0xB6, 0x28, 0x05, 0x2A, 0xA9, 0xFF, 0xFF, 0xFF, 0xFF,
	0x54, 0x12, 0xF5, 0xFF, 0xFF, 0xFF, 0xFF, 0xFF, 0xFF, 0xFF, 0xFF, 0xFF,
	0xFF, 0xFF, 0xFF, 0x54, 0x00, 0x76, 0xFF, 0xFF, 0xFF, 0xFF, 0xFF, 0xFF,
	0xFF, 0xFF, 0xFF, 0xFF, 0xFF, 0xFF, 0x54, 0x00, 0x01, 0x91, 0xFF, 0xFF,
	0xFF, 0xFF, 0xFF, 0xFF, 0xFF, 0xFF, 0xFF, 0xFF, 0xFF, 0x54, 0x00, 0x00,
	0x00, 0x42, 0xAB, 0xE5, 0xFA, 0xE8, 0xA6, 0x3B, 0xF8, 0xFF, 0xFF, 0xFF,
	0x54, 0x00, 0x00, 0x00, 0x00, 0x00, 0x00, 0x00, 0x00, 0x00, 0x00, 0xF8,
	0xFF, 0xFF, 0xFF, 0x54, 0x00, 0x00, 0x00, 0x00, 0x00, 0x00, 0x00, 0x00,
	0x00, 0x00, 0xF8, 0xFF, 0xFF, 0xFF, 0x54, 0x00, 0x00, 0x00, 0x00, 0x00,
	0x00, 0x00, 0x00, 0x00, 0x00, 0xF8, 0xFF, 0xFF, 0xFF, 0x54, 0x00, 0x00,
	0x00, 0x00, 0x00, 0x00, 0x00, 0x00, 0x00, 0x00, 0xF8, 0xFF, 0xFF, 0xFF,
	0x54, 0x00, 0x00, 0x00, 0x00, 0x00, 0x00, 0x00, 0x00, 0x00, 0x00, 0xF8,
	0xFF, 0xFF, 0xFF, 0x54, 0x00, 0x00, 0x00, 0x00, 0x00, 0x00, 0x00, 0x00,
	0x00, 0x00, 0xF8, 0xFF, 0xFF, 0xFF, 0x54, 0x00, 0x0E, 0x50, 0x94, 0xBF,
	0xE2, 0xF1, 0xFC, 0xFB, 0xE8, 0xCD, 0xAA, 0x74, 0x02, 0xB1, 0xFB, 0xFF,
	0xFF, 0xFF, 0xFF, 0xFF, 0xFF, 0xFF, 0xFF, 0xFF, 0xFF, 0xE6, 0x00, 0xE4,
	0xFF, 0xFF, 0xFF, 0xFF, 0xFF, 0xFF, 0xFF, 0xFF, 0xFF, 0xFF, 0xFF, 0xB3,
	0x00, 0xE4, 0xFF, 0xFF, 0xFF, 0xFF, 0xFF, 0xFF, 0xFF, 0xFF, 0xFF, 0xFF,
	0xFF, 0x81, 0x00, 0xE4, 0xFF, 0xFF, 0xFF, 0xA6, 0x39, 0x15, 0x07, 0x06,
	0x1B, 0x3B, 0x67, 0x30, 0x00, 0xE4, 0xFF, 0xFF, 0xFF, 0x74, 0x00, 0x00,
	0x00, 0x00, 0x00, 0x00, 0x00, 0x00, 0x00, 0xE4, 0xFF, 0xFF, 0xFF, 0x74,
	0x00, 0x00, 0x00, 0x00, 0x00, 0x00, 0x00, 0x00, 0x00, 0xE4, 0xFF, 0xFF,
	0xFF, 0x74, 0x00, 0x00, 0x00, 0x00, 0x00, 0x00, 0x00, 0x00, 0x00, 0xE4,
	0xFF, 0xFF, 0xFF, 0x74, 0x00, 0x00, 0x00, 0x00, 0x00, 0x00, 0x00, 0x00,
	0x00, 0xE4, 0xFF, 0xFF, 0xFF, 0x74, 0x00, 0x00, 0x00, 0x00, 0x00, 0x00,
	0x00, 0x00, 0x00, 0xE4, 0xFF, 0xFF, 0xFF, 0x74, 0x00, 0x00, 0x00, 0x00,
	0x00, 0x00, 0x00, 0x00, 0x00, 0xE4, 0xFF, 0xFF, 0xFF, 0x74, 0x00, 0x00,
	0x00, 0x00, 0x00, 0x00, 0x00, 0x00, 0x00, 0xE4, 0xFF, 0xFF, 0xFF, 0x74,
	0x00, 0x00, 0x00, 0x00, 0x00, 0x00, 0x00, 0x00, 0x00, 0xE4, 0xFF, 0xFF,
	0xFF, 0x74, 0x00, 0x00, 0x00, 0x00, 0x00, 0x00, 0x00, 0x00, 0x00, 0xE4,
	0xFF, 0xFF, 0xFF, 0x74, 0x00, 0x00, 0x00, 0x00, 0x00, 0x00, 0x00, 0x00,
	0x00, 0xE4, 0xFF, 0xFF, 0xFF, 0x74, 0x00, 0x00, 0x00, 0x00, 0x00, 0x00,
	0x00, 0x00, 0x00, 0x00, 0x00, 0x00, 0x0A, 0x63, 0xB0, 0xDF, 0xF4, 0xFC,
	0xF2, 0xD7, 0xAB, 0x69, 0x13, 0x00, 0x00, 0x00, 0x37, 0xE2, 0xFF, 0xFF,
	0xFF, 0xFF, 0xFF, 0xFF, 0xFF, 0xFF, 0xFF, 0xA7, 0x00, 0x00, 0x19, 0xEF,
	0xFF, 0xFF, 0xFF, 0xFF, 0xFF, 0xFF, 0xFF, 0xFF, 0xFF, 0xFF, 0x7C, 0x00,
	0x00, 0x7E, 0xFF, 0xFF, 0xFF, 0xFF, 0xFF, 0xFF, 0xFF, 0xFF, 0xFF, 0xFF,
	0xFF, 0x50, 0x00, 0x00, 0xA8, 0xFF, 0xFF, 0xFF, 0xDA, 0x38, 0x0A, 0x04,
	0x13, 0x3F, 0x80, 0xD0, 0x24, 0x00, 0x00, 0x94, 0xFF, 0xFF, 0xFF, 0xCE,
	0x17, 0x00, 0x00, 0x00, 0x00, 0x00, 0x00, 0x00, 0x00, 0x00, 0x36, 0xFC,
	0xFF, 0xFF, 0xFF, 0xF6, 0xA7, 0x5C, 0x12, 0x00, 0x00, 0x00, 0x00, 0x00,
	0x00, 0x00, 0x60, 0xF8, 0xFF, 0xFF, 0xFF, 0xFF, 0xFF, 0xFB, 0xB8, 0x49,
	0x00, 0x00, 0x00, 0x00, 0x00, 0x00, 0x1B, 0x8D, 0xEB, 0xFF, 0xFF, 0xFF,
	0xFF, 0xFF, 0xFF, 0xC8, 0x1E, 0x00, 0x00, 0x00, 0x00, 0x00, 0x00, 0x02,
	0x3B, 0x83, 0xCC, 0xFF, 0xFF, 0xFF, 0xFF, 0xD5, 0x05, 0x00, 0x1E, 0x0B,
	0x00, 0x00, 0x00, 0x00, 0x00, 0x00, 0x33, 0xEE, 0xFF, 0xFF, 0xFF, 0x4E,
	0x00, 0x95, 0xF4, 0xA6, 0x58, 0x21, 0x08, 0x04, 0x10, 0x3E, 0xEC, 0xFF,
	0xFF, 0xFF, 0x70, 0x00, 0xC2, 0xFF, 0xFF, 0xFF, 0xFF, 0xFF, 0xFF, 0xFF,
	0xFF, 0xFF, 0xFF, 0xFF, 0xFF, 0x52, 0x00, 0xEE, 0xFF, 0xFF, 0xFF, 0xFF,
	0xFF, 0xFF, 0xFF, 0xFF, 0xFF, 0xFF, 0xFF, 0xE1, 0x0A, 0x09, 0xC3, 0xFF,
	0xFF, 0xFF, 0xFF, 0xFF, 0xFF, 0xFF, 0xFF, 0xFF, 0xFF, 0xD8, 0x2B, 0x00,
	0x00, 0x00, 0x2A, 0x82, 0xC1, 0xE7, 0xF8, 0xFA, 0xEE, 0xD1, 0xA2, 0x53,
	0x03, 0x00, 0x00, 0x00, 0x00, 0x00, 0x00, 0x1D, 0x58, 0x94, 0xCF, 0x4D,
	0x00, 0x00, 0x00, 0x00, 0x00, 0x00, 0x00, 0x00, 0x00, 0x00, 0x00, 0xFF,
	0xFF, 0xFF, 0xFF, 0x50, 0x00, 0x00, 0x00, 0x00, 0x00, 0x00, 0x00, 0x00,
	0x00, 0x00, 0x00, 0xFF, 0xFF, 0xFF, 0xFF, 0x50, 0x00, 0x00, 0x00, 0x00,
	0x00, 0x00, 0x00, 0x00, 0x00, 0x00, 0x00, 0xFF, 0xFF, 0xFF, 0xFF, 0x50,
	0x00, 0x00, 0x00, 0x00, 0x00, 0x00, 0x00, 0x00, 0x00, 0x00, 0x00, 0xFF,
	0xFF, 0xFF, 0xFF, 0x50, 0x00, 0x00, 0x00, 0x00, 0x00, 0x00, 0x00, 0xBC,
	0xFF, 0xFF, 0xFF, 0xFF, 0xFF, 0xFF, 0xFF, 0xFF, 0xFF, 0xFF, 0xFF, 0xFF,
	0xFF, 0xFF, 0x34, 0xBC, 0xFF, 0xFF, 0xFF, 0xFF, 0xFF, 0xFF, 0xFF, 0xFF,
	0xFF, 0xFF, 0xFF, 0xFF, 0xFF, 0xFF, 0x34, 0xBC, 0xFF, 0xFF, 0xFF, 0xFF,
	0xFF, 0xFF, 0xFF, 0xFF, 0xFF, 0xFF, 0xFF, 0xFF, 0xFF, 0xFF, 0x34, 0xBC,
	0xFF, 0xFF, 0xFF, 0xFF, 0xFF, 0xFF, 0xFF, 0xFF, 0xFF, 0xFF, 0xFF, 0xFF,
	0xFF, 0xFF, 0x34, 0x00, 0x00, 0x00, 0x00, 0xFF, 0xFF, 0xFF, 0xFF, 0x50,
	0x00, 0x00, 0x00, 0x00, 0x00, 0x00, 0x00, 0x00, 0x00, 0x00, 0x00, 0xFF,
	0xFF, 0xFF, 0xFF, 0x50, 0x00, 0x00, 0x00, 0x00, 0x00, 0x00, 0x00, 0x00,
	0x00, 0x00, 0x00, 0xFF, 0xFF, 0xFF, 0xFF, 0x50, 0x00, 0x00, 0x00, 0x00,
	0x00, 0x00, 0x00, 0x00, 0x00, 0x00, 0x00, 0xFF, 0xFF, 0xFF, 0xFF, 0x50,
	0x00, 0x00, 0x00, 0x00, 0x00, 0x00, 0x00, 0x00, 0x00, 0x00, 0x00, 0xFF,
	0xFF, 0xFF, 0xFF, 0x50, 0x00, 0x00, 0x00, 0x00, 0x00, 0x00, 0x00, 0x00,
	0x00, 0x00, 0x00, 0xFF, 0xFF, 0xFF, 0xFF, 0x51, 0x00, 0x00, 0x00, 0x00,
	0x00, 0x00, 0x00, 0x00, 0x00, 0x00, 0x00, 0xF9, 0xFF, 0xFF, 0xFF, 0x6B,
	0x00, 0x00, 0x00, 0x00, 0x00, 0x00, 0x00, 0x00, 0x00, 0x00, 0x00, 0xE9,
	0xFF, 0xFF, 0xFF, 0xE0, 0x34, 0x05, 0x05, 0x1C, 0x56, 0xAE, 0x02, 0x00,
	0x00, 0x00, 0x00, 0xBB, 0xFF, 0xFF, 0xFF, 0xFF, 0xFF, 0xFF, 0xFF, 0xFF,
	0xFF, 0xFF, 0x21, 0x00, 0x00, 0x00, 0x00, 0x65, 0xFF, 0xFF, 0xFF, 0xFF,
	0xFF, 0xFF, 0xFF, 0xFF, 0xFF, 0xFF, 0x47, 0x00, 0x00, 0x00, 0x00, 0x05,
	0xBB, 0xFF, 0xFF, 0xFF, 0xFF, 0xFF, 0xFF, 0xFF, 0xFF, 0xFF, 0x6E, 0x00,
	0x00, 0x00, 0x00, 0x00, 0x04, 0x68, 0xBC, 0xE6, 0xF9, 0xFA, 0xE6, 0xD1,
	0xA8, 0x64, 0x10, 0xF0, 0xFF, 0xFF, 0xFF, 0x60, 0x00, 0x00, 0x00, 0x04,
	0xFF, 0xFF, 0xFF, 0xFF, 0x54, 0xF0, 0xFF, 0xFF, 0xFF, 0x60, 0x00, 0x00,
	0x00, 0x04, 0xFF, 0xFF, 0xFF, 0xFF, 0x54, 0xF0, 0xFF, 0xFF, 0xFF, 0x60,
	0x00, 0x00, 0x00, 0x04, 0xFF, 0xFF, 0xFF, 0xFF, 0x54, 0xF0, 0xFF, 0xFF,
	0xFF, 0x60, 0x00, 0x00, 0x00, 0x04, 0xFF, 0xFF, 0xFF, 0xFF, 0x54, 0xF0,
	0xFF, 0xFF, 0xFF, 0x60, 0x00, 0x00, 0x00, 0x04, 0xFF, 0xFF, 0xFF, 0xFF,
	0x54, 0xF0, 0xFF, 0xFF, 0xFF, 0x60, 0x00, 0x00, 0x00, 0x04, 0xFF, 0xFF,
	0xFF, 0xFF, 0x54, 0xF0, 0xFF, 0xFF, 0xFF, 0x60, 0x00, 0x00, 0x00, 0x04,
	0xFF, 0xFF, 0xFF, 0xFF, 0x54, 0xF0, 0xFF, 0xFF, 0xFF, 0x60, 0x00, 0x00,
	0x00, 0x04, 0xFF, 0xFF, 0xFF, 0xFF, 0x54, 0xEF, 0xFF, 0xFF, 0xFF, 0x64,
	0x00, 0x00, 0x00, 0x04, 0xFF, 0xFF, 0xFF, 0xFF, 0x54, 0xE7, 0xFF, 0xFF,
	0xFF, 0x7C, 0x00, 0x00, 0x00, 0x04, 0xFF, 0xFF, 0xFF, 0xFF, 0x54, 0xD3,
	0xFF, 0xFF, 0xFF, 0xB7, 0x00, 0x00, 0x00, 0x04, 0xFF, 0xFF, 0xFF, 0xFF,
	0x54, 0xAA, 0xFF, 0xFF, 0xFF, 0xFE, 0x6C, 0x0E, 0x09, 0x21, 0xFF, 0xFF,
	0xFF, 0xFF, 0x54, 0x61, 0xFF, 0xFF, 0xFF, 0xFF, 0xFF, 0xFF, 0xFF, 0xFF,
	0xFF, 0xFF, 0xFF, 0xFF, 0x54, 0x07, 0xDC, 0xFF, 0xFF, 0xFF, 0xFF, 0xFF,
	0xFF, 0xFF, 0xFF, 0xFF, 0xFF, 0xFF, 0x54, 0x00, 0x2A, 0xE4, 0xFF, 0xFF,
	0xFF, 0xFF, 0xFF, 0xFF, 0xFF, 0xFF, 0xFF, 0xFF, 0x54, 0x00, 0x00, 0x0C,
	0x77, 0xC2, 0xE9, 0xFA, 0xF9, 0xED, 0xD3, 0xAF, 0x81, 0x4B, 0x0C, 0x5B,
	0xFF, 0xFF, 0xFF, 0xFF, 0x21, 0x00, 0x00, 0x00, 0x00, 0x00, 0x00, 0x82,
	0xFF, 0xFF, 0xFF, 0xD8, 0x00, 0x0E, 0xF9, 0xFF, 0xFF, 0xFF, 0x65, 0x00,
	0x00, 0x00, 0x00, 0x00, 0x00, 0xCC, 0xFF, 0xFF, 0xFF, 0x83, 0x00, 0x00,
	0xB4, 0xFF, 0xFF, 0xFF, 0xA8, 0x00, 0x00, 0x00, 0x00, 0x00, 0x17, 0xFE,
	0xFF, 0xFF, 0xFF, 0x2D, 0x00, 0x00, 0x61, 0xFF, 0xFF, 0xFF, 0xEE, 0x04,
	0x00, 0x00, 0x00, 0x00, 0x6A, 0xFF, 0xFF, 0xFF, 0xD8, 0x00, 0x00, 0x00,
	0x12, 0xFA, 0xFF, 0xFF, 0xFF, 0x40, 0x00, 0x00, 0x00, 0x00, 0xC3, 0xFF,
	0xFF, 0xFF, 0x81, 0x00, 0x00, 0x00, 0x00, 0xB0, 0xFF, 0xFF, 0xFF, 0x8E,
	0x00, 0x00, 0x00, 0x1C, 0xFE, 0xFF, 0xFF, 0xFD, 0x20, 0x00, 0x00, 0x00,
	0x00, 0x51, 0xFF, 0xFF, 0xFF, 0xE0, 0x00, 0x00, 0x00, 0x79, 0xFF, 0xFF,
	0xFF, 0xB7, 0x00, 0x00, 0x00, 0x00, 0x00, 0x05, 0xEC, 0xFF, 0xFF, 0xFF,
	0x38, 0x00, 0x00, 0xD8, 0xFF, 0xFF, 0xFF, 0x50, 0x00, 0x00, 0x00, 0x00,
	0x00, 0x00, 0x93, 0xFF, 0xFF, 0xFF, 0x8F, 0x00, 0x38, 0xFF, 0xFF, 0xFF,
	0xE5, 0x04, 0x00, 0x00, 0x00, 0x00, 0x00, 0x00, 0x2D, 0xFF, 0xFF, 0xFF,
	0xE7, 0x03, 0x9B, 0xFF, 0xFF, 0xFF, 0x7B, 0x00, 0x00, 0x00, 0x00, 0x00,
	0x00, 0x00, 0x00, 0xC2, 0xFF, 0xFF, 0xFF, 0x54, 0xF2, 0xFF, 0xFF, 0xF6,
	0x13, 0x00, 0x00, 0x00, 0x00, 0x00, 0x00, 0x00, 0x00, 0x55, 0xFF, 0xFF,
	0xFF, 0xEC, 0xFF, 0xFF, 0xFF, 0x94, 0x00, 0x00, 0x00, 0x00, 0x00, 0x00,
	0x00, 0x00, 0x00, 0x03, 0xE0, 0xFF, 0xFF, 0xFF, 0xFF, 0xFF, 0xFC, 0x21,
	0x00, 0x00, 0x00, 0x00, 0x00, 0x00, 0x00, 0x00, 0x00, 0x00, 0x6E, 0xFF,
	0xFF, 0xFF, 0xFF, 0xFF, 0xA3, 0x00, 0x00, 0x00, 0x00, 0x00, 0x00, 0x00,
	0x00, 0x00, 0x00, 0x00, 0x0A, 0xEA, 0xFF, 0xFF, 0xFF, 0xFD, 0x28, 0x00,
	0x00, 0x00, 0x00, 0x00, 0x00, 0x00, 0x00, 0x00, 0x00, 0x00, 0x00, 0x74,
	0xFF, 0xFF, 0xFF, 0xA4, 0x00, 0x00, 0x00, 0x00, 0x00, 0x00, 0x00, 0x90,
	0xFF, 0xFF, 0xFF, 0x16, 0x00, 0x00, 0x00, 0x00, 0x00, 0x00, 0x00, 0x00,
	0x96, 0xFF, 0xFF, 0xFF, 0x0E, 0x76, 0xFF, 0xFF, 0xFF, 0x23, 0x00, 0x00,
	0x00, 0x00, 0x00, 0x00, 0x00, 0x00, 0xA0, 0xFF, 0xFF, 0xF4, 0x00, 0x5C,
	0xFF, 0xFF, 0xFF, 0x30, 0x00, 0x00, 0x00, 0x00, 0x00, 0x00, 0x00, 0x00,
	0xAB, 0xFF, 0xFF, 0xDA, 0x00, 0x43, 0xFF, 0xFF, 0xFF, 0x3D, 0x00, 0x00,
	0xD8, 0xFF, 0xFF, 0x80, 0x00, 0x00, 0xB8, 0xFF, 0xFF, 0xC0, 0x00, 0x28,
	0xFF, 0xFF, 0xFF, 0x4B, 0x00, 0x17, 0xFF, 0xFF, 0xFF, 0xB9, 0x00, 0x00,
	0xC4, 0xFF, 0xFF, 0xA5, 0x00, 0x08, 0xFE, 0xFF, 0xFF, 0x58, 0x00, 0x56,
	0xFF, 0xFF, 0xFF, 0xF2, 0x03, 0x00, 0xD1, 0xFF, 0xFF, 0x82, 0x00, 0x00,
	0xE6, 0xFF, 0xFF, 0x6A, 0x00, 0x94, 0xFF, 0xFF, 0xFF, 0xFF, 0x34, 0x00,
	0xE4, 0xFF, 0xFF, 0x5E, 0x00, 0x00, 0xC4, 0xFF, 0xFF, 0x7E, 0x00, 0xD8,
	0xFF, 0xFF, 0xFF, 0xFF, 0x75, 0x00, 0xF7, 0xFF, 0xFF, 0x3A, 0x00, 0x00,
	0xA1, 0xFF, 0xFF, 0x93, 0x1E, 0xFF, 0xFF, 0xEB, 0xFF, 0xFF, 0xB7, 0x0B,
	0xFF, 0xFF, 0xFF, 0x15, 0x00, 0x00, 0x79, 0xFF, 0xFF, 0xB0, 0x69, 0xFF,
	0xFF, 0x6D, 0xF3, 0xFF, 0xF5, 0x32, 0xFF, 0xFF, 0xEB, 0x00, 0x00, 0x00,
	0x4D, 0xFF, 0xFF, 0xCF, 0xBC, 0xFF, 0xFD, 0x18, 0xAC, 0xFF, 0xFF, 0x92,
	0xFF, 0xFF, 0xBE, 0x00, 0x00, 0x00, 0x21, 0xFF, 0xFF, 0xF4, 0xFB, 0xFF,
	0xC1, 0x00, 0x58, 0xFF, 0xFF, 0xF0, 0xFF, 0xFF, 0x8E, 0x00, 0x00, 0x00,
	0x01, 0xF2, 0xFF, 0xFF, 0xFF, 0xFF, 0x6B, 0x00, 0x0B, 0xF4, 0xFF, 0xFF,
	0xFF, 0xFF, 0x5B, 0x00, 0x00, 0x00, 0x00, 0xBE, 0xFF, 0xFF, 0xFF, 0xFB,
	0x15, 0x00, 0x00, 0xA5, 0xFF, 0xFF, 0xFF, 0xFF, 0x23, 0x00, 0x00, 0x00,
	0x00, 0x83, 0xFF, 0xFF, 0xFF, 0xB2, 0x00, 0x00, 0x00, 0x48, 0xFF, 0xFF,
	0xFF, 0xE8, 0x00, 0x00, 0x00, 0x00, 0x00, 0x41, 0xFF, 0xFF, 0xFF, 0x50,
	0x00, 0x00, 0x00, 0x03, 0xE7, 0xFF, 0xFF, 0xA8, 0x00, 0x00, 0x00, 0x0C,
	0xD8, 0xFF, 0xFF, 0xFF, 0x9A, 0x00, 0x00, 0x00, 0x00, 0x00, 0x20, 0xF3,
	0xFF, 0xFF, 0xFF, 0x48, 0x00, 0x2F, 0xF7, 0xFF, 0xFF, 0xFF, 0x4F, 0x00,
	0x00, 0x00, 0x00, 0xBA, 0xFF, 0xFF, 0xFF, 0x96, 0x00, 0x00, 0x00, 0x68,
	0xFF, 0xFF, 0xFF, 0xEB, 0x19, 0x00, 0x00, 0x62, 0xFF, 0xFF, 0xFF, 0xDA,
	0x0A, 0x00, 0x00, 0x00, 0x00, 0xA9, 0xFF, 0xFF, 0xFF, 0xB8, 0x01, 0x1A,
	0xEF, 0xFF, 0xFF, 0xFC, 0x38, 0x00, 0x00, 0x00, 0x00, 0x00, 0x0E, 0xDC,
	0xFF, 0xFF, 0xFF, 0x6F, 0xB0, 0xFF, 0xFF, 0xFF, 0x83, 0x00, 0x00, 0x00,
	0x00, 0x00, 0x00, 0x00, 0x33, 0xF9, 0xFF, 0xFF, 0xFC, 0xFF, 0xFF, 0xFF,
	0xCD, 0x05, 0x00, 0x00, 0x00, 0x00, 0x00, 0x00, 0x00, 0x00, 0x6D, 0xFF,
	0xFF, 0xFF, 0xFF, 0xFF, 0xF7, 0x2A, 0x00, 0x00, 0x00, 0x00, 0x00, 0x00,
	0x00, 0x00, 0x00, 0x00, 0xB9, 0xFF, 0xFF, 0xFF, 0xFF, 0x83, 0x00, 0x00,
	0x00, 0x00, 0x00, 0x00, 0x00, 0x00, 0x00, 0x00, 0x22, 0xEE, 0xFF, 0xFF,
	0xFF, 0xFF, 0xDF, 0x12, 0x00, 0x00, 0x00, 0x00, 0x00, 0x00, 0x00, 0x00,
	0x09, 0xD0, 0xFF, 0xFF, 0xFF, 0xFF, 0xFF, 0xFF, 0xB6, 0x01, 0x00, 0x00,
	0x00, 0x00, 0x00, 0x00, 0x00, 0x9D, 0xFF, 0xFF, 0xFF, 0xAD, 0xF9, 0xFF,
	0xFF, 0xFF, 0x6F, 0x00, 0x00, 0x00, 0x00, 0x00, 0x00, 0x5A, 0xFF, 0xFF,
	0xFF, 0xD3, 0x07, 0x72, 0xFF, 0xFF, 0xFF, 0xF7, 0x29, 0x00, 0x00, 0x00,
	0x00, 0x1E, 0xF1, 0xFF, 0xFF, 0xF9, 0x2F, 0x00, 0x01, 0xBF, 0xFF, 0xFF,
	0xFF, 0xC6, 0x01, 0x00, 0x00, 0x01, 0xBC, 0xFF, 0xFF, 0xFF, 0x82, 0x00,
	0x00, 0x00, 0x23, 0xF6, 0xFF, 0xFF, 0xFF, 0x65, 0x00, 0x00, 0x63, 0xFF,
	0xFF, 0xFF, 0xE0, 0x09, 0x00, 0x00, 0x00, 0x00, 0x7C, 0xFF, 0xFF, 0xFF,
	0xED, 0x10, 0x12, 0xEB, 0xFF, 0xFF, 0xFF, 0x5B, 0x00, 0x00, 0x00, 0x00,
	0x00, 0x09, 0xE2, 0xFF, 0xFF, 0xFF, 0x8C, 0x00, 0x8E, 0xFF, 0xFF, 0xFF,
	0xE7, 0x00, 0x00, 0x00, 0x00, 0x00, 0x06, 0xF9, 0xFF, 0xFF, 0xFF, 0x5E,
	0x00, 0x41, 0xFF, 0xFF, 0xFF, 0xFF, 0x2B, 0x00, 0x00, 0x00, 0x00, 0x38,
	0xFF, 0xFF, 0xFF, 0xFE, 0x17, 0x00, 0x04, 0xEF, 0xFF, 0xFF, 0xFF, 0x6E,
	0x00, 0x00, 0x00, 0x00, 0x6F, 0xFF, 0xFF, 0xFF, 0xCC, 0x00, 0x00, 0x00,
	0xA7, 0xFF, 0xFF, 0xFF, 0xB6, 0x00, 0x00, 0x00, 0x00, 0xAB, 0xFF, 0xFF,
	0xFF, 0x82, 0x00, 0x00, 0x00, 0x57, 0xFF, 0xFF, 0xFF, 0xF7, 0x0A, 0x00,
	0x00, 0x00, 0xE6, 0xFF, 0xFF, 0xFF, 0x39, 0x00, 0x00, 0x00, 0x09, 0xF2,
	0xFF, 0xFF, 0xFF, 0x4D, 0x00, 0x00, 0x23, 0xFF, 0xFF, 0xFF, 0xEA, 0x02,
	0x00, 0x00, 0x00, 0x00, 0x9F, 0xFF, 0xFF, 0xFF, 0x9F, 0x00, 0x00, 0x63,
	0xFF, 0xFF, 0xFF, 0xA0, 0x00, 0x00, 0x00, 0x00, 0x00, 0x42, 0xFF, 0xFF,
	0xFF, 0xEE, 0x05, 0x00, 0xA5, 0xFF, 0xFF, 0xFF, 0x53, 0x00, 0x00, 0x00,
	0x00, 0x00, 0x02, 0xE0, 0xFF, 0xFF, 0xFF, 0x48, 0x00, 0xE6, 0xFF, 0xFF,
	0xF9, 0x0D, 0x00, 0x00, 0x00, 0x00, 0x00, 0x00, 0x77, 0xFF, 0xFF, 0xFF,
	0xAA, 0x2D, 0xFF, 0xFF, 0xFF, 0xB1, 0x00, 0x00, 0x00, 0x00, 0x00, 0x00,
	0x00, 0x13, 0xF7, 0xFF, 0xFF, 0xF9, 0x89, 0xFF, 0xFF, 0xFF, 0x59, 0x00,
	0x00, 0x00, 0x00, 0x00, 0x00, 0x00, 0x00, 0x9D, 0xFF, 0xFF, 0xFF, 0xFB,
	0xFF, 0xFF, 0xF5, 0x0B, 0x00, 0x00, 0x00, 0x00, 0x00, 0x00, 0x00, 0x00,
	0x2B, 0xFE, 0xFF, 0xFF, 0xFF, 0xFF, 0xFF, 0xA8, 0x00, 0x00, 0x00, 0x00,
	0x00, 0x00, 0x00, 0x00, 0x00, 0x00, 0xAE, 0xFF, 0xFF, 0xFF, 0xFF, 0xFF,
	0x43, 0x00, 0x00, 0x00, 0x00, 0x00, 0x00, 0x00, 0x00, 0x00, 0x00, 0x33,
	0xFF, 0xFF, 0xFF, 0xFF, 0xD8, 0x00, 0x00, 0x00, 0x00, 0x00, 0x00, 0x00,
	0x00, 0x00, 0x00, 0x00, 0x0A, 0xF1, 0xFF, 0xFF, 0xFF, 0x6D, 0x00, 0x00,
	0x00, 0x00, 0x00, 0x00, 0x00, 0x00, 0x00, 0x00, 0x00, 0x88, 0xFF, 0xFF,
	0xFF, 0xF3, 0x0E, 0x00, 0x00, 0x00, 0x00, 0x00, 0x00, 0x81, 0x5C, 0x14,
	0x1A, 0x83, 0xFE, 0xFF, 0xFF, 0xFF, 0x85, 0x00, 0x00, 0x00, 0x00, 0x00,
	0x00, 0x00, 0xC9, 0xFF, 0xFF, 0xFF, 0xFF, 0xFF, 0xFF, 0xFF, 0xE8, 0x0F,
	0x00, 0x00, 0x00, 0x00, 0x00, 0x00, 0x02, 0xF5, 0xFF, 0xFF, 0xFF, 0xFF,
	0xFF, 0xFF, 0xFF, 0x51, 0x00, 0x00, 0x00, 0x00, 0x00, 0x00, 0x00, 0x29,
	0xFF, 0xFF, 0xFF, 0xFF, 0xFF, 0xFF, 0xFC, 0x6E, 0x00, 0x00, 0x00, 0x00,
	0x00, 0x00, 0x00, 0x00, 0x16, 0x95, 0xD3, 0xEF, 0xFA, 0xE2, 0xA3, 0x31,
	0x00, 0x00, 0x00, 0x00, 0x00, 0x00, 0x00, 0x00, 0x00, 0x50, 0xFF, 0xFF,
	0xFF, 0xFF, 0xFF, 0xFF, 0xFF, 0xFF, 0xFF, 0xFF, 0xFF, 0xE8, 0x00, 0x50,
	0xFF, 0xFF, 0xFF, 0xFF, 0xFF, 0xFF, 0xFF, 0xFF, 0xFF, 0xFF, 0xFF, 0xE8,
	0x00, 0x50, 0xFF, 0xFF, 0xFF, 0xFF, 0xFF, 0xFF, 0xFF, 0xFF, 0xFF, 0xFF,
	0xFF, 0xE8, 0x00, 0x50, 0xFF, 0xFF, 0xFF, 0xFF, 0xFF, 0xFF, 0xFF, 0xFF,
	0xFF, 0xFF, 0xFF, 0x72, 0x00, 0x00, 0x00, 0x00, 0x00, 0x00, 0x00, 0x10,
	0xDA, 0xFF, 0xFF, 0xFF, 0x8B, 0x00, 0x00, 0x00, 0x00, 0x00, 0x00, 0x00,
	0x02, 0xB5, 0xFF, 0xFF, 0xFF, 0xAA, 0x01, 0x00, 0x00, 0x00, 0x00, 0x00,
	0x00, 0x00, 0x83, 0xFF, 0xFF, 0xFF, 0xC5, 0x08, 0x00, 0x00, 0x00, 0x00,
	0x00, 0x00, 0x00, 0x4B, 0xFE, 0xFF, 0xFF, 0xE2, 0x16, 0x00, 0x00, 0x00,
	0x00, 0x00, 0x00, 0x00, 0x20, 0xEF, 0xFF, 0xFF, 0xF6, 0x32, 0x00, 0x00,
	0x00, 0x00, 0x00, 0x00, 0x00, 0x04, 0xC7, 0xFF, 0xFF, 0xFF, 0x5C, 0x00,
	0x00, 0x00, 0x00, 0x00, 0x00, 0x00, 0x00, 0x88, 0xFF, 0xFF, 0xFF, 0x9B,
	0x00, 0x00, 0x00, 0x00, 0x00, 0x00, 0x00, 0x00, 0x3F, 0xFD, 0xFF, 0xFF,
	0xD2, 0x09, 0x00, 0x00, 0x00, 0x00, 0x00, 0x00, 0x00, 0x0E, 0xE0, 0xFF,
	0xFF, 0xFF, 0xFF, 0xFF, 0xFF, 0xFF, 0xFF, 0xFF, 0xFF, 0xFF, 0x44, 0x8D,
	0xFF, 0xFF, 0xFF, 0xFF, 0xFF, 0xFF, 0xFF, 0xFF, 0xFF, 0xFF, 0xFF, 0xFF,
	0x44, 0xA8, 0xFF, 0xFF, 0xFF, 0xFF, 0xFF, 0xFF, 0xFF, 0xFF, 0xFF, 0xFF,
	0xFF, 0xFF, 0x44, 0xA8, 0xFF, 0xFF, 0xFF, 0xFF, 0xFF, 0xFF, 0xFF, 0xFF,
	0xFF, 0xFF, 0xFF, 0xFF, 0x44, 0x00, 0x00, 0x00, 0x00, 0x00, 0x08, 0x74,
	0xC5, 0xED, 0xFC, 0xFF, 0xFF, 0xFF, 0x4C, 0x00, 0x00, 0x00, 0x00, 0x06,
	0xC6, 0xFF, 0xFF, 0xFF, 0xFF, 0xFF, 0xFF, 0xFF, 0x4C, 0x00, 0x00, 0x00,
	0x00, 0x6B, 0xFF, 0xFF, 0xFF, 0xFF, 0xFF, 0xFF, 0xFF, 0xFF, 0x4C, 0x00,
	0x00, 0x00, 0x00, 0xBA, 0xFF, 0xFF, 0xFF, 0xFF, 0xFF, 0xFF, 0xFF, 0xFF,
	0x4C, 0x00, 0x00, 0x00, 0x00, 0xDE, 0xFF, 0xFF, 0xFF, 0xAD, 0x17, 0x00,
	0x00, 0x00, 0x00, 0x00, 0x00, 0x00, 0x00, 0xE7, 0xFF, 0xFF, 0xFF, 0x33,
	0x00, 0x00, 0x00, 0x00, 0x00, 0x00, 0x00, 0x00, 0x00, 0xE8, 0xFF, 0xFF,
	0xFF, 0x17, 0x00, 0x00, 0x00, 0x00, 0x00, 0x00, 0x00, 0x00, 0x00, 0xE8,
	0xFF, 0xFF, 0xFF, 0x14, 0x00, 0x00, 0x00, 0x00, 0x00, 0x00, 0x00, 0x00,
	0x00, 0xE8, 0xFF, 0xFF, 0xFF, 0x14, 0x00, 0x00, 0x00, 0x00, 0x00, 0x00,
	0x00, 0x00, 0x00, 0xE8, 0xFF, 0xFF, 0xFF, 0x14, 0x00, 0x00, 0x00, 0x00,
	0x00, 0x00, 0x00, 0x00, 0x00, 0xF0, 0xFF, 0xFF, 0xFF, 0x0C, 0x00, 0x00,
	0x00, 0x00, 0x00, 0x00, 0x00, 0x00, 0x16, 0xFF, 0xFF, 0xFF, 0xF1, 0x00,
	0x00, 0x00, 0x00, 0x00, 0x00, 0x00, 0x00, 0x13, 0x9F, 0xFF, 0xFF, 0xFF,
	0xB4, 0x00, 0x00, 0x00, 0x00, 0x00, 0x00, 0xCC, 0xFF, 0xFF, 0xFF, 0xFF,
	0xFF, 0xF9, 0x37, 0x00, 0x00, 0x00, 0x00, 0x00, 0x00, 0xCC, 0xFF, 0xFF,
	0xFF, 0xF8, 0xB6, 0x36, 0x00, 0x00, 0x00, 0x00, 0x00, 0x00, 0x00, 0xCC,
	0xFF, 0xFF, 0xFF, 0xF9, 0xBC, 0x3F, 0x00, 0x00, 0x00, 0x00, 0x00, 0x00,
	0x00, 0xCC, 0xFF, 0xFF, 0xFF, 0xFF, 0xFF, 0xFB, 0x3D, 0x00, 0x00, 0x00,
	0x00, 0x00, 0x00, 0x00, 0x00, 0x14, 0xA2, 0xFF, 0xFF, 0xFF, 0xB9, 0x00,
	0x00, 0x00, 0x00, 0x00, 0x00, 0x00, 0x00, 0x00, 0x17, 0xFF, 0xFF, 0xFF,
	0xF2, 0x00, 0x00, 0x00, 0x00, 0x00, 0x00, 0x00, 0x00, 0x00, 0x00, 0xF1,
	0xFF, 0xFF, 0xFF, 0x0D, 0x00, 0x00, 0x00, 0x00, 0x00, 0x00, 0x00, 0x00,
	0x00, 0xE8, 0xFF, 0xFF, 0xFF, 0x14, 0x00, 0x00, 0x00, 0x00, 0x00, 0x00,
	0x00, 0x00, 0x00, 0xE8, 0xFF, 0xFF, 0xFF, 0x14, 0x00, 0x00, 0x00, 0x00,
	0x00, 0x00, 0x00, 0x00, 0x00, 0xE8, 0xFF, 0xFF, 0xFF, 0x14, 0x00, 0x00,
	0x00, 0x00, 0x00, 0x00, 0x00, 0x00, 0x00, 0xE8, 0xFF, 0xFF, 0xFF, 0x18,
	0x00, 0x00, 0x00, 0x00, 0x00, 0x00, 0x00, 0x00, 0x00, 0xE7, 0xFF, 0xFF,
	0xFF, 0x34, 0x00, 0x00, 0x00, 0x00, 0x00, 0x00, 0x00, 0x00, 0x00, 0xDE,
	0xFF, 0xFF, 0xFF, 0xAF, 0x17, 0x00, 0x00, 0x00, 0x00, 0x00, 0x00, 0x00,
	0x00, 0xBB, 0xFF, 0xFF, 0xFF, 0xFF, 0xFF, 0xFF, 0xFF, 0xFF, 0x4C, 0x00,
	0x00, 0x00, 0x00, 0x6B, 0xFF, 0xFF, 0xFF, 0xFF, 0xFF, 0xFF, 0xFF, 0xFF,
	0x4C, 0x00, 0x00, 0x00, 0x00, 0x07, 0xC8, 0xFF, 0xFF, 0xFF, 0xFF, 0xFF,
	0xFF, 0xFF, 0x4C, 0x00, 0x00, 0x00, 0x00, 0x00, 0x09, 0x76, 0xC7, 0xEE,
	0xFD, 0xFF, 0xFF, 0xFF, 0x4C, 0x64, 0xFF, 0xFF, 0xFF, 0xF4, 0x64, 0xFF,
	0xFF, 0xFF, 0xF4, 0x64, 0xFF, 0xFF, 0xFF, 0xF4, 0x64, 0xFF, 0xFF, 0xFF,
	0xF4, 0x64, 0xFF, 0xFF, 0xFF, 0xF4, 0x64, 0xFF, 0xFF, 0xFF, 0xF4, 0x64,
	0xFF, 0xFF, 0xFF, 0xF4, 0x64, 0xFF, 0xFF, 0xFF, 0xF4, 0x64, 0xFF, 0xFF,
	0xFF, 0xF4, 0x64, 0xFF, 0xFF, 0xFF, 0xF4, 0x64, 0xFF, 0xFF, 0xFF, 0xF4,
	0x64, 0xFF, 0xFF, 0xFF, 0xF4, 0x64, 0xFF, 0xFF, 0xFF, 0xF4, 0x64, 0xFF,
	0xFF, 0xFF, 0xF4, 0x64, 0xFF, 0xFF, 0xFF, 0xF4, 0x64, 0xFF, 0xFF, 0xFF,
	0xF4, 0x64, 0xFF, 0xFF, 0xFF, 0xF4, 0x64, 0xFF, 0xFF, 0xFF, 0xF4, 0x64,
	0xFF, 0xFF, 0xFF, 0xF4, 0x64, 0xFF, 0xFF, 0xFF, 0xF4, 0x64, 0xFF, 0xFF,
	0xFF, 0xF4, 0x64, 0xFF, 0xFF, 0xFF, 0xF4, 0x64, 0xFF, 0xFF, 0xFF, 0xF4,
	0x64, 0xFF, 0xFF, 0xFF, 0xF4, 0x64, 0xFF, 0xFF, 0xFF, 0xF4, 0x64, 0xFF,
	0xFF, 0xFF, 0xF4, 0x64, 0xFF, 0xFF, 0xFF, 0xF4, 0x64, 0xFF, 0xFF, 0xFF,
	0xF4, 0x64, 0xFF, 0xFF, 0xFF, 0xF4, 0x64, 0xFF, 0xFF, 0xFF, 0xF4, 0xCC,
	0xFF, 0xFF, 0xFF, 0xF5, 0xDB, 0x9C, 0x2C, 0x00, 0x00, 0x00, 0x00, 0x00,
	0x00, 0xCC, 0xFF, 0xFF, 0xFF, 0xFF, 0xFF, 0xFF, 0xF8, 0x49, 0x00, 0x00,
	0x00, 0x00, 0x00, 0xCC, 0xFF, 0xFF, 0xFF, 0xFF, 0xFF, 0xFF, 0xFF, 0xE4,
	0x04, 0x00, 0x00, 0x00, 0x00, 0xCC, 0xFF, 0xFF, 0xFF, 0xFF, 0xFF, 0xFF,
	0xFF, 0xFF, 0x35, 0x00, 0x00, 0x00, 0x00, 0x00, 0x00, 0x00, 0x07, 0x4D,
	0xFB, 0xFF, 0xFF, 0xFF, 0x55, 0x00, 0x00, 0x00, 0x00, 0x00, 0x00, 0x00,
	0x00, 0x00, 0xBD, 0xFF, 0xFF, 0xFF, 0x5F, 0x00, 0x00, 0x00, 0x00, 0x00,
	0x00, 0x00, 0x00, 0x00, 0xA0, 0xFF, 0xFF, 0xFF, 0x60, 0x00, 0x00, 0x00,
	0x00, 0x00, 0x00, 0x00, 0x00, 0x00, 0x9C, 0xFF, 0xFF, 0xFF, 0x60, 0x00,
	0x00, 0x00, 0x00, 0x00, 0x00, 0x00, 0x00, 0x00, 0x9C, 0xFF, 0xFF, 0xFF,
	0x60, 0x00, 0x00, 0x00, 0x00, 0x00, 0x00, 0x00, 0x00, 0x00, 0x9C, 0xFF,
	0xFF, 0xFF, 0x60, 0x00, 0x00, 0x00, 0x00, 0x00, 0x00, 0x00, 0x00, 0x00,
	0x96, 0xFF, 0xFF, 0xFF, 0x68, 0x00, 0x00, 0x00, 0x00, 0x00, 0x00, 0x00,
	0x00, 0x00, 0x7B, 0xFF, 0xFF, 0xFF, 0x8D, 0x00, 0x00, 0x00, 0x00, 0x00,
	0x00, 0x00, 0x00, 0x00, 0x42, 0xFF, 0xFF, 0xFF, 0xEC, 0x3C, 0x03, 0x00,
	0x00, 0x00, 0x00, 0x00, 0x00, 0x00, 0x00, 0xC2, 0xFF, 0xFF, 0xFF, 0xFF,
	0xFF, 0xFF, 0x4C, 0x00, 0x00, 0x00, 0x00, 0x00, 0x00, 0x0D, 0x89, 0xE4,
	0xFF, 0xFF, 0xFF, 0xFF, 0x4C, 0x00, 0x00, 0x00, 0x00, 0x00, 0x00, 0x08,
	0x7E, 0xE0, 0xFF, 0xFF, 0xFF, 0xFF, 0x4C, 0x00, 0x00, 0x00, 0x00, 0x00,
	0x00, 0xB8, 0xFF, 0xFF, 0xFF, 0xFF, 0xFF, 0xFF, 0x4C, 0x00, 0x00, 0x00,
	0x00, 0x00, 0x3C, 0xFF, 0xFF, 0xFF, 0xED, 0x3D, 0x03, 0x00, 0x00, 0x00,
	0x00, 0x00, 0x00, 0x00, 0x7A, 0xFF, 0xFF, 0xFF, 0x8D, 0x00, 0x00, 0x00,
	0x00, 0x00, 0x00, 0x00, 0x00, 0x00, 0x94, 0xFF, 0xFF, 0xFF, 0x68, 0x00,
	0x00, 0x00, 0x00, 0x00, 0x00, 0x00, 0x00, 0x00, 0x9C, 0xFF, 0xFF, 0xFF,
	0x60, 0x00, 0x00, 0x00, 0x00, 0x00, 0x00, 0x00, 0x00, 0x00, 0x9C, 0xFF,
	0xFF, 0xFF, 0x60, 0x00, 0x00, 0x00, 0x00, 0x00, 0x00, 0x00, 0x00, 0x00,
	0x9C, 0xFF, 0xFF, 0xFF, 0x60, 0x00, 0x00, 0x00, 0x00, 0x00, 0x00, 0x00,
	0x00, 0x00, 0xA0, 0xFF, 0xFF, 0xFF, 0x60, 0x00, 0x00, 0x00, 0x00, 0x00,
	0x00, 0x00, 0x00, 0x00, 0xBB, 0xFF, 0xFF, 0xFF, 0x5F, 0x00, 0x00, 0x00,
	0x00, 0x00, 0x00, 0x00, 0x06, 0x49, 0xFA, 0xFF, 0xFF, 0xFF, 0x55, 0x00,
	0x00, 0x00, 0x00, 0xCC, 0xFF, 0xFF, 0xFF, 0xFF, 0xFF, 0xFF, 0xFF, 0xFF,
	0x35, 0x00, 0x00, 0x00, 0x00, 0xCC, 0xFF, 0xFF, 0xFF, 0xFF, 0xFF, 0xFF,
	0xFF, 0xE5, 0x04, 0x00, 0x00, 0x00, 0x00, 0xCC, 0xFF, 0xFF, 0xFF, 0xFF,
	0xFF, 0xFF, 0xF9, 0x4C, 0x00, 0x00, 0x00, 0x00, 0x00, 0xCC, 0xFF, 0xFF,
	0xFF, 0xF6, 0xDD, 0xA0, 0x2E, 0x00, 0x00, 0x00, 0x00, 0x00, 0x00, 0x00,
	0x00, 0x00, 0x61, 0xD0, 0xF7, 0xE9, 0xA4, 0x3A, 0x00, 0x00, 0x00, 0x00,
	0x53, 0xD5, 0x94, 0x53, 0x01, 0x00, 0x00, 0x92, 0xFF, 0xFF, 0xFF, 0xFF,
	0xFF, 0xFF, 0xC7, 0x54, 0x0C, 0x22, 0xDB, 0xFF, 0xFF, 0xD7, 0x00, 0x00,
	0x3F, 0xFF, 0xFF, 0xFF, 0xFF, 0xFF, 0xFF, 0xFF, 0xFF, 0xFF, 0xFF, 0xFF,
	0xFF, 0xFF, 0xFF, 0x86, 0x00, 0x00, 0xC4, 0xFF, 0xFF, 0xFF, 0xFF, 0xFF,
	0xFF, 0xFF, 0xFF, 0xFF, 0xFF, 0xFF, 0xFF, 0xFF, 0xF3, 0x1B, 0x00, 0x15,
	0xFE, 0xFF, 0xFF, 0xAC, 0x0F, 0x19, 0x70, 0xE1, 0xFF, 0xFF, 0xFF, 0xFF,
	0xFF, 0xFD, 0x58, 0x00, 0x00, 0x0D, 0x5F, 0xA2, 0xE1, 0x1B, 0x00, 0x00,
	0x00, 0x04, 0x57, 0xBC, 0xF3, 0xF3, 0xC0, 0x41, 0x00, 0x00, 0x00, 0x40,
	0xFF, 0xFF, 0xFF, 0xFF, 0xFF, 0xFF, 0xFF, 0xFF, 0xFF, 0xFF, 0xFF, 0xFF,
	0xFF, 0xC0, 0x40, 0xFF, 0xFF, 0xFF, 0xFF, 0xFF, 0xFF, 0xFF, 0xFF, 0xFF,
	0xFF, 0xFF, 0xFF, 0xFF, 0xC0, 0x40, 0xFF, 0x80, 0x00, 0x00, 0x00, 0x00,
	0x00, 0x00, 0x00, 0x00, 0x00, 0x00, 0xFF, 0xC0, 0x40, 0xFF, 0x80, 0x00,
	0x00, 0x00, 0x00, 0x00, 0x00, 0x00, 0x00, 0x00, 0x00, 0xFF, 0xC0, 0x40,
	0xFF, 0x80, 0x00, 0x00, 0x00, 0x00, 0x00, 0x00, 0x00, 0x00, 0x00, 0x00,
	0xFF, 0xC0, 0x40, 0xFF, 0x80, 0x00, 0x00, 0x00, 0x00, 0x00, 0x00, 0x00,
	0x00, 0x00, 0x00, 0xFF, 0xC0, 0x40, 0xFF, 0x80, 0x00, 0x00, 0x00, 0x00,
	0x00, 0x00, 0x00, 0x00, 0x00, 0x00, 0xFF, 0xC0, 0x40, 0xFF, 0x80, 0x00,
	0x00, 0x00, 0x00, 0x00, 0x00, 0x00, 0x00, 0x00, 0x00, 0xFF, 0xC0, 0x40,
	0xFF, 0x80, 0x00, 0x00, 0x00, 0x00, 0x00, 0x00, 0x00, 0x00, 0x00, 0x00,
	0xFF, 0xC0, 0x40, 0xFF, 0x80, 0x00, 0x00, 0x00, 0x00, 0x00, 0x00, 0x00,
	0x00, 0x00, 0x00, 0xFF, 0xC0, 0x40, 0xFF, 0x80, 0x00, 0x00, 0x00, 0x00,
	0x00, 0x00, 0x00, 0x00, 0x00, 0x00, 0xFF, 0xC0, 0x40, 0xFF, 0x80, 0x00,
	0x00, 0x00, 0x00, 0x00, 0x00, 0x00, 0x00, 0x00, 0x00, 0xFF, 0xC0, 0x40,
	0xFF, 0x80, 0x00, 0x00, 0x00, 0x00, 0x00, 0x00, 0x00, 0x00, 0x00, 0x00,
	0xFF, 0xC0, 0x40, 0xFF, 0x80, 0x00, 0x00, 0x00, 0x00, 0x00, 0x00, 0x00,
	0x00, 0x00, 0x00, 0xFF, 0xC0, 0x40, 0xFF, 0x80, 0x00, 0x00, 0x00, 0x00,
	0x00, 0x00, 0x00, 0x00, 0x00, 0x00, 0xFF, 0xC0, 0x40, 0xFF, 0x80, 0x00,
	0x00, 0x00, 0x00, 0x00, 0x00, 0x00, 0x00, 0x00, 0x00, 0xFF, 0xC0, 0x40,
	0xFF, 0x80, 0x00, 0x00, 0x00, 0x00, 0x00, 0x00, 0x00, 0x00, 0x00, 0x00,
	0xFF, 0xC0, 0x40, 0xFF, 0x80, 0x00, 0x00, 0x00, 0x00, 0x00, 0x00, 0x00,
	0x00, 0x00, 0x00, 0xFF, 0xC0, 0x40, 0xFF, 0x80, 0x00, 0x00, 0x00, 0x00,
	0x00, 0x00, 0x00, 0x00, 0x00, 0x00, 0xFF, 0xC0, 0x40, 0xFF, 0x80, 0x00,
	0x00, 0x00, 0x00, 0x00, 0x00, 0x00, 0x00, 0x00, 0x00, 0xFF, 0xC0, 0x40,
	0xFF, 0x80, 0x00, 0x00, 0x00, 0x00, 0x00, 0x00, 0x00, 0x00, 0x00, 0x00,
	0xFF, 0xC0, 0x40, 0xFF, 0x80, 0x00, 0x00, 0x00, 0x00, 0x00, 0x00, 0x00,
	0x00, 0x00, 0x00, 0xFF, 0xC0, 0x40, 0xFF, 0x80, 0x00, 0x00, 0x00, 0x00,
	0x00, 0x00, 0x00, 0x00, 0x00, 0x00, 0xFF, 0xC0, 0x40, 0xFF, 0x80, 0x00,
	0x00, 0x00, 0x00, 0x00, 0x00, 0x00, 0x00, 0x00, 0x00, 0xFF, 0xC0, 0x40,
	0xFF, 0xFF, 0xFF, 0xFF, 0xFF, 0xFF, 0xFF, 0xFF, 0xFF, 0xFF, 0xFF, 0xFF,
	0xFF, 0xC0, 0x40, 0xFF, 0xFF, 0xFF, 0xFF, 0xFF, 0xFF, 0xFF, 0xFF, 0xFF,
	0xFF, 0xFF, 0xFF, 0xFF, 0xC0, 0x40, 0xFF, 0xFF, 0xFF, 0xFF, 0xFF, 0xFF,
	0xFF, 0xFF, 0xFF, 0xFF, 0xFF, 0xFF, 0xFF, 0xC0, 0x40, 0xFF, 0xFF, 0xFF,
	0xFF, 0xFF, 0xFF, 0xFF, 0xFF, 0xFF, 0xFF, 0xFF, 0xFF, 0xFF, 0xC0, 0x40,
	0xFF, 0x80, 0x00, 0x00, 0x00, 0x00, 0x00, 0x00, 0x00, 0x00, 0x00, 0x00,
	0xFF, 0xC0, 0x40, 0xFF, 0x80, 0x00, 0x00, 0x00, 0x00, 0x00, 0x00, 0x00,
	0x00, 0x00, 0x00, 0xFF, 0xC0, 0x40, 0xFF, 0x80, 0x00, 0x00, 0x00, 0x00,
	0x00, 0x00, 0x00, 0x00, 0x00, 0x00, 0xFF, 0xC0, 0x40, 0xFF, 0x80, 0x00,
	0x00, 0x00, 0x00, 0x00, 0x00, 0x00, 0x00, 0x00, 0x00, 0xFF, 0xC0, 0x40,
	0xFF, 0x80, 0x00, 0x00, 0x00, 0x00, 0x00, 0x00, 0x00, 0x00, 0x00, 0x00,
	0xFF, 0xC0, 0x40, 0xFF, 0x80, 0x00, 0x00, 0x00, 0x00, 0x00, 0x00, 0x00,
	0x00, 0x00, 0x00, 0xFF, 0xC0, 0x40, 0xFF, 0x80, 0x00, 0x00, 0x00, 0x00,
	0x00, 0x00, 0x00, 0x00, 0x00, 0x00, 0xFF, 0xC0, 0x40, 0xFF, 0x80, 0x00,
	0x00, 0x00, 0x00, 0x00, 0x00, 0x00, 0x00, 0x00, 0x00, 0xFF, 0xC0, 0x40,
	0xFF, 0x80, 0x00, 0x00, 0x00, 0x00, 0x00, 0x00, 0x00, 0x00, 0x00, 0x00,
	0xFF, 0xC0, 0x40, 0xFF, 0x80, 0x00, 0x00, 0x00, 0x00, 0x00, 0x00, 0x00,
	0x00, 0x00, 0x00, 0xFF, 0xC0, 0x40, 0xFF, 0x80, 0x00, 0x00, 0x00, 0x00,
	0x00, 0x00, 0x00, 0x00, 0x00, 0x00, 0xFF, 0xC0, 0x40, 0xFF, 0x80, 0x00,
	0x00, 0x00, 0x00, 0x00, 0x00, 0x00, 0x00, 0x00, 0x00, 0xFF, 0xC0, 0x40,
	0xFF, 0x80, 0x00, 0x00, 0x00, 0x00, 0x00, 0x00, 0x00, 0x00, 0x00, 0x00,
	0xFF, 0xC0, 0x40, 0xFF, 0x80, 0x00, 0x00, 0x00, 0x00, 0x00, 0x00, 0x00,
	0x00, 0x00, 0x00, 0xFF, 0xC0, 0x40, 0xFF, 0x80, 0x00, 0x00, 0x00, 0x00,
	0x00, 0x00, 0x00, 0x00, 0x00, 0x00, 0xFF, 0xC0, 0x40, 0xFF, 0x80, 0x00,
	0x00, 0x00, 0x00, 0x00, 0x00, 0x00, 0x00, 0x00, 0x00, 0xFF, 0xC0, 0x40,
	0xFF, 0x80, 0x00, 0x00, 0x00, 0x00, 0x00, 0x00, 0x00, 0x00, 0x00, 0x00,
	0xFF, 0xC0, 0x40, 0xFF, 0x80, 0x00, 0x00, 0x00, 0x00, 0x00, 0x00, 0x00,
	0x00, 0x00, 0x00, 0xFF, 0xC0, 0x40, 0xFF, 0x80, 0x00, 0x00, 0x00, 0x00,
	0x00, 0x00, 0x00, 0x00, 0x00, 0x00, 0xFF, 0xC0, 0x40, 0xFF, 0x80, 0x00,
	0x00, 0x00, 0x00, 0x00, 0x00, 0x00, 0x00, 0x00, 0x00, 0xFF, 0xC0, 0x40,
	0xFF, 0x80, 0x00, 0x00, 0x00, 0x00, 0x00, 0x00, 0x00, 0x00, 0x00, 0x00,
	0xFF, 0xC0, 0x40, 0xFF, 0x80, 0x00, 0x00, 0x00, 0x00, 0x00, 0x00, 0x00,
	0x00, 0x00, 0x00, 0xFF, 0xC0, 0x40, 0xFF, 0xFF, 0xFF, 0xFF, 0xFF, 0xFF,
	0xFF, 0xFF, 0xFF, 0xFF, 0xFF, 0xFF, 0xFF, 0xC0, 0x40, 0xFF, 0xFF, 0xFF,
	0xFF, 0xFF, 0xFF, 0xFF, 0xFF, 0xFF, 0xFF, 0xFF, 0xFF, 0xFF, 0xC0, 0x40,
	0xFF, 0xFF, 0xFF, 0xFF, 0xFF, 0xFF, 0xFF, 0xFF, 0xFF, 0xFF, 0xFF, 0xFF,
	0xFF, 0xC0, 0x40, 0xFF, 0xFF, 0xFF, 0xFF, 0xFF, 0xFF, 0xFF, 0xFF, 0xFF,
	0xFF, 0xFF, 0xFF, 0xFF, 0xC0, 0x40, 0xFF, 0x80, 0x00, 0x00, 0x00, 0x00,
	0x00, 0x00, 0x00, 0x00, 0x00, 0x00, 0xFF, 0xC0, 0x40, 0xFF, 0x80, 0x00,
	0x00, 0x00, 0x00, 0x00, 0x00, 0x00, 0x00, 0x00, 0x00, 0xFF, 0xC0, 0x40,
	0xFF, 0x80, 0x00, 0x00, 0x00, 0x00, 0x00, 0x00, 0x00, 0x00, 0x00, 0x00,
	0xFF, 0xC0, 0x40, 0xFF, 0x80, 0x00, 0x00, 0x00, 0x00, 0x00, 0x00, 0x00,
	0x00, 0x00, 0x00, 0xFF, 0xC0, 0x40, 0xFF, 0x80, 0x00, 0x00, 0x00, 0x00,
	0x00, 0x00, 0x00, 0x00, 0x00, 0x00, 0xFF, 0xC0, 0x40, 0xFF, 0x80, 0x00,
	0x00, 0x00, 0x00, 0x00, 0x00, 0x00, 0x00, 0x00, 0x00, 0xFF, 0xC0, 0x40,
	0xFF, 0x80, 0x00, 0x00, 0x00, 0x00, 0x00, 0x00, 0x00, 0x00, 0x00, 0x00,
	0xFF, 0xC0, 0x40, 0xFF, 0x80, 0x00, 0x00, 0x00, 0x00, 0x00, 0x00, 0x00,
	0x00, 0x00, 0x00, 0xFF, 0xC0, 0x40, 0xFF, 0x80, 0x00, 0x00, 0x00, 0x00,
	0x00, 0x00, 0x00, 0x00, 0x00, 0x00, 0xFF, 0xC0, 0x40, 0xFF, 0x80, 0x00,
	0x00, 0x00, 0x00, 0x00, 0x00, 0x00, 0x00, 0x00, 0x00, 0xFF, 0xC0, 0x40,
	0xFF, 0x80, 0x00, 0x00, 0x00, 0x00, 0x00, 0x00, 0x00, 0x00, 0x00, 0x00,
	0xFF, 0xC0, 0x40, 0xFF, 0x80, 0x00, 0x00, 0x00, 0x00, 0x00, 0x00, 0x00,
	0x00, 0x00, 0x00, 0xFF, 0xC0, 0x40, 0xFF, 0x80, 0x00, 0x00, 0x00, 0x00,
	0x00, 0x00, 0x00, 0x00, 0x00, 0x00, 0xFF, 0xC0, 0x40, 0xFF, 0x80, 0x00,
	0x00, 0x00, 0x00, 0x00, 0x00, 0x00, 0x00, 0x00, 0x00, 0xFF, 0xC0, 0x40,
	0xFF, 0x80, 0x00, 0x00, 0x00, 0x00, 0x00, 0x00, 0x00, 0x00, 0x00, 0x00,
	0xFF, 0xC0, 0x40, 0xFF, 0x80, 0x00, 0x00, 0x00, 0x00, 0x00, 0x00, 0x00,
	0x00, 0x00, 0x00, 0xFF, 0xC0, 0x40, 0xFF, 0x80, 0x00, 0x00, 0x00, 0x00,
	0x00, 0x00, 0x00, 0x00, 0x00, 0x00, 0xFF, 0xC0, 0x40, 0xFF, 0x80, 0x00,
	0x00, 0x00, 0x00, 0x00, 0x00, 0x00, 0x00, 0x00, 0x00, 0xFF, 0xC0, 0x40,
	0xFF, 0x80, 0x00, 0x00, 0x00, 0x00, 0x00, 0x00, 0x00, 0x00, 0x00, 0x00,
	0xFF, 0xC0, 0x40, 0xFF, 0x80, 0x00, 0x00, 0x00, 0x00, 0x00, 0x00, 0x00,
	0x00, 0x00, 0x00, 0xFF, 0xC0, 0x40, 0xFF, 0x80, 0x00, 0x00, 0x00, 0x00,
	0x00, 0x00, 0x00, 0x00, 0x00, 0x00, 0xFF, 0xC0, 0x40, 0xFF, 0x80, 0x00,
	0x00, 0x00, 0x00, 0x00, 0x00, 0x00, 0x00, 0x00, 0x00, 0xFF, 0xC0, 0x40,
	0xFF, 0xFF, 0xFF, 0xFF, 0xFF, 0xFF, 0xFF, 0xFF, 0xFF, 0xFF, 0xFF, 0xFF,
	0xFF, 0xC0, 0x40, 0xFF, 0xFF, 0xFF, 0xFF, 0xFF, 0xFF, 0xFF, 0xFF, 0xFF,
	0xFF, 0xFF, 0xFF, 0xFF, 0xC0, 0x40, 0xFF, 0xFF, 0xFF, 0xFF, 0xFF, 0xFF,
	0xFF, 0xFF, 0xFF, 0xFF, 0xFF, 0xFF, 0xFF, 0xC0, 0x40, 0xFF, 0xFF, 0xFF,
	0xFF, 0xFF, 0xFF, 0xFF, 0xFF, 0xFF, 0xFF, 0xFF, 0xFF, 0xFF, 0xC0, 0x40,
	0xFF, 0x80, 0x00, 0x00, 0x00, 0x00, 0x00, 0x00, 0x00, 0x00, 0x00, 0x00,
	0xFF, 0xC0, 0x40, 0xFF, 0x80, 0x00, 0x00, 0x00, 0x00, 0x00, 0x00, 0x00,
	0x00, 0x00, 0x00, 0xFF, 0xC0, 0x40, 0xFF, 0x80, 0x00, 0x00, 0x00, 0x00,
	0x00, 0x00, 0x00, 0x00, 0x00, 0x00, 0xFF, 0xC0, 0x40, 0xFF, 0x80, 0x00,
	0x00, 0x00, 0x00, 0x00, 0x00, 0x00, 0x00, 0x00, 0x00, 0xFF, 0xC0, 0x40,
	0xFF, 0x80, 0x00, 0x00, 0x00, 0x00, 0x00, 0x00, 0x00, 0x00, 0x00, 0x00,
	0xFF, 0xC0, 0x40, 0xFF, 0x80, 0x00, 0x00, 0x00, 0x00, 0x00, 0x00, 0x00,
	0x00, 0x00, 0x00, 0xFF, 0xC0, 0x40, 0xFF, 0x80, 0x00, 0x00, 0x00, 0x00,
	0x00, 0x00, 0x00, 0x00, 0x00, 0x00, 0xFF, 0xC0, 0x40, 0xFF, 0x80, 0x00,
	0x00, 0x00, 0x00, 0x00, 0x00, 0x00, 0x00, 0x00, 0x00, 0xFF, 0xC0, 0x40,
	0xFF, 0x80, 0x00, 0x00, 0x00, 0x00, 0x00, 0x00, 0x00, 0x00, 0x00, 0x00,
	0xFF, 0xC0, 0x40, 0xFF, 0x80, 0x00, 0x00, 0x00, 0x00, 0x00, 0x00, 0x00,
	0x00, 0x00, 0x00, 0xFF, 0xC0, 0x40, 0xFF, 0x80, 0x00, 0x00, 0x00, 0x00,
	0x00, 0x00, 0x00, 0x00, 0x00, 0x00, 0xFF, 0xC0, 0x40, 0xFF, 0x80, 0x00,
	0x00, 0x00, 0x00, 0x00, 0x00, 0x00, 0x00, 0x00, 0x00, 0xFF, 0xC0, 0x40,
	0xFF, 0x80, 0x00, 0x00, 0x00, 0x00, 0x00, 0x00, 0x00, 0x00, 0x00, 0x00,
	0xFF, 0xC0, 0x40, 0xFF, 0x80, 0x00, 0x00, 0x00, 0x00, 0x00, 0x00, 0x00,
	0x00, 0x00, 0x00, 0xFF, 0xC0, 0x40, 0xFF, 0x80, 0x00, 0x00, 0x00, 0x00,
	0x00, 0x00, 0x00, 0x00, 0x00, 0x00, 0xFF, 0xC0, 0x40, 0xFF, 0x80, 0x00,
	0x00, 0x00, 0x00, 0x00, 0x00, 0x00, 0x00, 0x00, 0x00, 0xFF, 0xC0, 0x40,
	0xFF, 0x80, 0x00, 0x00, 0x00, 0x00, 0x00, 0x00, 0x00, 0x00, 0x00, 0x00,
	0xFF, 0xC0, 0x40, 0xFF, 0x80, 0x00, 0x00, 0x00, 0x00, 0x00, 0x00, 0x00,
	0x00, 0x00, 0x00, 0xFF, 0xC0, 0x40, 0xFF, 0x80, 0x00, 0x00, 0x00, 0x00,
	0x00, 0x00, 0x00, 0x00, 0x00, 0x00, 0xFF, 0xC0, 0x40, 0xFF, 0x80, 0x00,
	0x00, 0x00, 0x00, 0x00, 0x00, 0x00, 0x00, 0x00, 0x00, 0xFF, 0xC0, 0x40,
	0xFF, 0x80, 0x00, 0x00, 0x00, 0x00, 0x00, 0x00, 0x00, 0x00, 0x00, 0x00,
	0xFF, 0xC0, 0x40, 0xFF, 0x80, 0x00, 0x00, 0x00, 0x00, 0x00, 0x00, 0x00,
	0x00, 0x00, 0x00, 0xFF, 0xC0, 0x40, 0xFF, 0xFF, 0xFF, 0xFF, 0xFF, 0xFF,
	0xFF, 0xFF, 0xFF, 0xFF, 0xFF, 0xFF, 0xFF, 0xC0, 0x40, 0xFF, 0xFF, 0xFF,
	0xFF, 0xFF, 0xFF, 0xFF, 0xFF, 0xFF, 0xFF, 0xFF, 0xFF, 0xFF, 0xC0, 0x40,
	0xFF, 0xFF, 0xFF, 0xFF, 0xFF, 0xFF, 0xFF, 0xFF, 0xFF, 0xFF, 0xFF, 0xFF,
	0xFF, 0xC0, 0x40, 0xFF, 0xFF, 0xFF, 0xFF, 0xFF, 0xFF, 0xFF, 0xFF, 0xFF,
	0xFF, 0xFF, 0xFF, 0xFF, 0xC0, 0x40, 0xFF, 0x80, 0x00, 0x00, 0x00, 0x00,
	0x00, 0x00, 0x00, 0x00, 0x00, 0x00, 0xFF, 0xC0, 0x40, 0xFF, 0x80, 0x00,
	0x00, 0x00, 0x00, 0x00, 0x00, 0x00, 0x00, 0x00, 0x00, 0xFF, 0xC0, 0x40,
	0xFF, 0x80, 0x00, 0x00, 0x00, 0x00, 0x00, 0x00, 0x00, 0x00, 0x00, 0x00,
	0xFF, 0xC0, 0x40, 0xFF, 0x80, 0x00, 0x00, 0x00, 0x00, 0x00, 0x00, 0x00,
	0x00, 0x00, 0x00, 0xFF, 0xC0, 0x40, 0xFF, 0x80, 0x00, 0x00, 0x00, 0x00,
	0x00, 0x00, 0x00, 0x00, 0x00, 0x00, 0xFF, 0xC0, 0x40, 0xFF, 0x80, 0x00,
	0x00, 0x00, 0x00, 0x00, 0x00, 0x00, 0x00, 0x00, 0x00, 0xFF, 0xC0, 0x40,
	0xFF, 0x80, 0x00, 0x00, 0x00, 0x00, 0x00, 0x00, 0x00, 0x00, 0x00, 0x00,
	0xFF, 0xC0, 0x40, 0xFF, 0x80, 0x00, 0x00, 0x00, 0x00, 0x00, 0x00, 0x00,
	0x00, 0x00, 0x00, 0xFF, 0xC0, 0x40, 0xFF, 0x80, 0x00, 0x00, 0x00, 0x00,
	0x00, 0x00, 0x00, 0x00, 0x00, 0x00, 0xFF, 0xC0, 0x40, 0xFF, 0x80, 0x00,
	0x00, 0x00, 0x00, 0x00, 0x00, 0x00, 0x00, 0x00, 0x00, 0xFF, 0xC0, 0x40,
	0xFF, 0x80, 0x00, 0x00, 0x00, 0x00, 0x00, 0x00, 0x00, 0x00, 0x00, 0x00,
	0xFF, 0xC0, 0x40, 0xFF, 0x80, 0x00, 0x00, 0x00, 0x00, 0x00, 0x00, 0x00,
	0x00, 0x00, 0x00, 0xFF, 0xC0, 0x40, 0xFF, 0x80, 0x00, 0x00, 0x00, 0x00,
	0x00, 0x00, 0x00, 0x00, 0x00, 0x00, 0xFF, 0xC0, 0x40, 0xFF, 0x80, 0x00,
	0x00, 0x00, 0x00, 0x00, 0x00, 0x00, 0x00, 0x00, 0x00, 0xFF, 0xC0, 0x40,
	0xFF, 0x80, 0x00, 0x00, 0x00, 0x00, 0x00, 0x00, 0x00, 0x00, 0x00, 0x00,
	0xFF, 0xC0, 0x40, 0xFF, 0x80, 0x00, 0x00, 0x00, 0x00, 0x00, 0x00, 0x00,
	0x00, 0x00, 0x00, 0xFF, 0xC0, 0x40, 0xFF, 0x80, 0x00, 0x00, 0x00, 0x00,
	0x00, 0x00, 0x00, 0x00, 0x00, 0x00, 0xFF, 0xC0, 0x40, 0xFF, 0x80, 0x00,
	0x00, 0x00, 0x00, 0x00, 0x00, 0x00, 0x00, 0x00, 0x00, 0xFF, 0xC0, 0x40,
	0xFF, 0x80, 0x00, 0x00, 0x00, 0x00, 0x00, 0x00, 0x00, 0x00, 0x00, 0x00,
	0xFF, 0xC0, 0x40, 0xFF, 0x80, 0x00, 0x00, 0x00, 0x00, 0x00, 0x00, 0x00,
	0x00, 0x00, 0x00, 0xFF, 0xC0, 0x40, 0xFF, 0x80, 0x00, 0x00, 0x00, 0x00,
	0x00, 0x00, 0x00, 0x00, 0x00, 0x00, 0xFF, 0xC0, 0x40, 0xFF, 0x80, 0x00,
	0x00, 0x00, 0x00, 0x00, 0x00, 0x00, 0x00, 0x00, 0x00, 0xFF, 0xC0, 0x40,
	0xFF, 0xFF, 0xFF, 0xFF, 0xFF, 0xFF, 0xFF, 0xFF, 0xFF, 0xFF, 0xFF, 0xFF,
	0xFF, 0xC0, 0x40, 0xFF, 0xFF, 0xFF, 0xFF, 0xFF, 0xFF, 0xFF, 0xFF, 0xFF,
	0xFF, 0xFF, 0xFF, 0xFF, 0xC0, 0x40, 0xFF, 0xFF, 0xFF, 0xFF, 0xFF, 0xFF,
	0xFF, 0xFF, 0xFF, 0xFF, 0xFF, 0xFF, 0xFF, 0xC0, 0x40, 0xFF, 0xFF, 0xFF,
	0xFF, 0xFF, 0xFF, 0xFF, 0xFF, 0xFF, 0xFF, 0xFF, 0xFF, 0xFF, 0xC0, 0x40,
	0xFF, 0x80, 0x00, 0x00, 0x00, 0x00, 0x00, 0x00, 0x00, 0x00, 0x00, 0x00,
	0xFF, 0xC0, 0x40, 0xFF, 0x80, 0x00, 0x00, 0x00, 0x00, 0x00, 0x00, 0x00,
	0x00, 0x00, 0x00, 0xFF, 0xC0, 0x40, 0xFF, 0x80, 0x00, 0x00, 0x00, 0x00,
	0x00, 0x00, 0x00, 0x00, 0x00, 0x00, 0xFF, 0xC0, 0x40, 0xFF, 0x80, 0x00,
	0x00, 0x00, 0x00, 0x00, 0x00, 0x00, 0x00, 0x00, 0x00, 0xFF, 0xC0, 0x40,
	0xFF, 0x80, 0x00, 0x00, 0x00, 0x00, 0x00, 0x00, 0x00, 0x00, 0x00, 0x00,
	0xFF, 0xC0, 0x40, 0xFF, 0x80, 0x00, 0x00, 0x00, 0x00, 0x00, 0x00, 0x00,
	0x00, 0x00, 0x00, 0xFF, 0xC0, 0x40, 0xFF, 0x80, 0x00, 0x00, 0x00, 0x00,
	0x00, 0x00, 0x00, 0x00, 0x00, 0x00, 0xFF, 0xC0, 0x40, 0xFF, 0x80, 0x00,
	0x00, 0x00, 0x00, 0x00, 0x00, 0x00, 0x00, 0x00, 0x00, 0xFF, 0xC0, 0x40,
	0xFF, 0x80, 0x00, 0x00, 0x00, 0x00, 0x00, 0x00, 0x00, 0x00, 0x00, 0x00,
	0xFF, 0xC0, 0x40, 0xFF, 0x80, 0x00, 0x00, 0x00, 0x00, 0x00, 0x00, 0x00,
	0x00, 0x00, 0x00, 0xFF, 0xC0, 0x40, 0xFF, 0x80, 0x00, 0x00, 0x00, 0x00,
	0x00, 0x00, 0x00, 0x00, 0x00, 0x00, 0xFF, 0xC0, 0x40, 0xFF, 0x80, 0x00,
	0x00, 0x00, 0x00, 0x00, 0x00, 0x00, 0x00, 0x00, 0x00, 0xFF, 0xC0, 0x40,
	0xFF, 0x80, 0x00, 0x00, 0x00, 0x00, 0x00, 0x00, 0x00, 0x00, 0x00, 0x00,
	0xFF, 0xC0, 0x40, 0xFF, 0x80, 0x00, 0x00, 0x00, 0x00, 0x00, 0x00, 0x00,
	0x00, 0x00, 0x00, 0xFF, 0xC0, 0x40, 0xFF, 0x80, 0x00, 0x00, 0x00, 0x00,
	0x00, 0x00, 0x00, 0x00, 0x00, 0x00, 0xFF, 0xC0, 0x40, 0xFF, 0x80, 0x00,
	0x00, 0x00, 0x00, 0x00, 0x00, 0x00, 0x00, 0x00, 0x00, 0xFF, 0xC0, 0x40,
	0xFF, 0x80, 0x00, 0x00, 0x00, 0x00, 0x00, 0x00, 0x00, 0x00, 0x00, 0x00,
	0xFF, 0xC0, 0x40, 0xFF, 0x80, 0x00, 0x00, 0x00, 0x00, 0x00, 0x00, 0x00,
	0x00, 0x00, 0x00, 0xFF, 0xC0, 0x40, 0xFF, 0x80, 0x00, 0x00, 0x00, 0x00,
	0x00, 0x00, 0x00, 0x00, 0x00, 0x00, 0xFF, 0xC0, 0x40, 0xFF, 0x80, 0x00,
	0x00, 0x00, 0x00, 0x00, 0x00, 0x00, 0x00, 0x00, 0x00, 0xFF, 0xC0, 0x40,
	0xFF, 0x80, 0x00, 0x00, 0x00, 0x00, 0x00, 0x00, 0x00, 0x00, 0x00, 0x00,
	0xFF, 0xC0, 0x40, 0xFF, 0x80, 0x00, 0x00, 0x00, 0x00, 0x00, 0x00, 0x00,
	0x00, 0x00, 0x00, 0xFF, 0xC0, 0x40, 0xFF, 0xFF, 0xFF, 0xFF, 0xFF, 0xFF,
	0xFF, 0xFF, 0xFF, 0xFF, 0xFF, 0xFF, 0xFF, 0xC0, 0x40, 0xFF, 0xFF, 0xFF,
	0xFF, 0xFF, 0xFF, 0xFF, 0xFF, 0xFF, 0xFF, 0xFF, 0xFF, 0xFF, 0xC0, 0x40,
	0xFF, 0xFF, 0xFF, 0xFF, 0xFF, 0xFF, 0xFF, 0xFF, 0xFF, 0xFF, 0xFF, 0xFF,
	0xFF, 0xC0, 0x40, 0xFF, 0xFF, 0xFF, 0xFF, 0xFF, 0xFF, 0xFF, 0xFF, 0xFF,
	0xFF, 0xFF, 0xFF, 0xFF, 0xC0, 0x40, 0xFF, 0x80, 0x00, 0x00, 0x00, 0x00,
	0x00, 0x00, 0x00, 0x00, 0x00, 0x00, 0xFF, 0xC0, 0x40, 0xFF, 0x80, 0x00,
	0x00, 0x00, 0x00, 0x00, 0x00, 0x00, 0x00, 0x00, 0x00, 0xFF, 0xC0, 0x40,
	0xFF, 0x80, 0x00, 0x00, 0x00, 0x00, 0x00, 0x00, 0x00, 0x00, 0x00, 0x00,
	0xFF, 0xC0, 0x40, 0xFF, 0x80, 0x00, 0x00, 0x00, 0x00, 0x00, 0x00, 0x00,
	0x00, 0x00, 0x00, 0xFF, 0xC0, 0x40, 0xFF, 0x80, 0x00, 0x00, 0x00, 0x00,
	0x00, 0x00, 0x00, 0x00, 0x00, 0x00, 0xFF, 0xC0, 0x40, 0xFF, 0x80, 0x00,
	0x00, 0x00, 0x00, 0x00, 0x00, 0x00, 0x00, 0x00, 0x00, 0xFF, 0xC0, 0x40,
	0xFF, 0x80, 0x00, 0x00, 0x00, 0x00, 0x00, 0x00, 0x00, 0x00, 0x00, 0x00,
	0xFF, 0xC0, 0x40, 0xFF, 0x80, 0x00, 0x00, 0x00, 0x00, 0x00, 0x00, 0x00,
	0x00, 0x00, 0x00, 0xFF, 0xC0, 0x40, 0xFF, 0x80, 0x00, 0x00, 0x00, 0x00,
	0x00, 0x00, 0x00, 0x00, 0x00, 0x00, 0xFF, 0xC0, 0x40, 0xFF, 0x80, 0x00,
	0x00, 0x00, 0x00, 0x00, 0x00, 0x00, 0x00, 0x00, 0x00, 0xFF, 0xC0, 0x40,
	0xFF, 0x80, 0x00, 0x00, 0x00, 0x00, 0x00, 0x00, 0x00, 0x00, 0x00, 0x00,
	0xFF, 0xC0, 0x40, 0xFF, 0x80, 0x00, 0x00, 0x00, 0x00, 0x00, 0x00, 0x00,
	0x00, 0x00, 0x00, 0xFF, 0xC0, 0x40, 0xFF, 0x80, 0x00, 0x00, 0x00, 0x00,
	0x00, 0x00, 0x00, 0x00, 0x00, 0x00, 0xFF, 0xC0, 0x40, 0xFF, 0x80, 0x00,
	0x00, 0x00, 0x00, 0x00, 0x00, 0x00, 0x00, 0x00, 0x00, 0xFF, 0xC0, 0x40,
	0xFF, 0x80, 0x00, 0x00, 0x00, 0x00, 0x00, 0x00, 0x00, 0x00, 0x00, 0x00,
	0xFF, 0xC0, 0x40, 0xFF, 0x80, 0x00, 0x00, 0x00, 0x00, 0x00, 0x00, 0x00,
	0x00, 0x00, 0x00, 0xFF, 0xC0, 0x40, 0xFF, 0x80, 0x00, 0x00, 0x00, 0x00,
	0x00, 0x00, 0x00, 0x00, 0x00, 0x00, 0xFF, 0xC0, 0x40, 0xFF, 0x80, 0x00,
	0x00, 0x00, 0x00, 0x00, 0x00, 0x00, 0x00, 0x00, 0x00, 0xFF, 0xC0, 0x40,
	0xFF, 0x80, 0x00, 0x00, 0x00, 0x00, 0x00, 0x00, 0x00, 0x00, 0x00, 0x00,
	0xFF, 0xC0, 0x40, 0xFF, 0x80, 0x00, 0x00, 0x00, 0x00, 0x00, 0x00, 0x00,
	0x00, 0x00, 0x00, 0xFF, 0xC0, 0x40, 0xFF, 0x80, 0x00, 0x00, 0x00, 0x00,
	0x00, 0x00, 0x00, 0x00, 0x00, 0x00, 0xFF, 0xC0, 0x40, 0xFF, 0x80, 0x00,
	0x00, 0x00, 0x00, 0x00, 0x00, 0x00, 0x00, 0x00, 0x00, 0xFF, 0xC0, 0x40,
	0xFF, 0xFF, 0xFF, 0xFF, 0xFF, 0xFF, 0xFF, 0xFF, 0xFF, 0xFF, 0xFF, 0xFF,
	0xFF, 0xC0, 0x40, 0xFF, 0xFF, 0xFF, 0xFF, 0xFF, 0xFF, 0xFF, 0xFF, 0xFF,
	0xFF, 0xFF, 0xFF, 0xFF, 0xC0, 0x40, 0xFF, 0xFF, 0xFF, 0xFF, 0xFF, 0xFF,
	0xFF, 0xFF, 0xFF, 0xFF, 0xFF, 0xFF, 0xFF, 0xC0, 0x40, 0xFF, 0xFF, 0xFF,
	0xFF, 0xFF, 0xFF, 0xFF, 0xFF, 0xFF, 0xFF, 0xFF, 0xFF, 0xFF, 0xC0, 0x40,
	0xFF, 0x80, 0x00, 0x00, 0x00, 0x00, 0x00, 0x00, 0x00, 0x00, 0x00, 0x00,
	0xFF, 0xC0, 0x40, 0xFF, 0x80, 0x00, 0x00, 0x00, 0x00, 0x00, 0x00, 0x00,
	0x00, 0x00, 0x00, 0xFF, 0xC0, 0x40, 0xFF, 0x80, 0x00, 0x00, 0x00, 0x00,
	0x00, 0x00, 0x00, 0x00, 0x00, 0x00, 0xFF, 0xC0, 0x40, 0xFF, 0x80, 0x00,
	0x00, 0x00, 0x00, 0x00, 0x00, 0x00, 0x00, 0x00, 0x00, 0xFF, 0xC0, 0x40,
	0xFF, 0x80, 0x00, 0x00, 0x00, 0x00, 0x00, 0x00, 0x00, 0x00, 0x00, 0x00,
	0xFF, 0xC0, 0x40, 0xFF, 0x80, 0x00, 0x00, 0x00, 0x00, 0x00, 0x00, 0x00,
	0x00, 0x00, 0x00, 0xFF, 0xC0, 0x40, 0xFF, 0x80, 0x00, 0x00, 0x00, 0x00,
	0x00, 0x00, 0x00, 0x00, 0x00, 0x00, 0xFF, 0xC0, 0x40, 0xFF, 0x80, 0x00,
	0x00, 0x00, 0x00, 0x00, 0x00, 0x00, 0x00, 0x00, 0x00, 0xFF, 0xC0, 0x40,
	0xFF, 0x80, 0x00, 0x00, 0x00, 0x00, 0x00, 0x00, 0x00, 0x00, 0x00, 0x00,
	0xFF, 0xC0, 0x40, 0xFF, 0x80, 0x00, 0x00, 0x00, 0x00, 0x00, 0x00, 0x00,
	0x00, 0x00, 0x00, 0xFF, 0xC0, 0x40, 0xFF, 0x80, 0x00, 0x00, 0x00, 0x00,
	0x00, 0x00, 0x00, 0x00, 0x00, 0x00, 0xFF, 0xC0, 0x40, 0xFF, 0x80, 0x00,
	0x00, 0x00, 0x00, 0x00, 0x00, 0x00, 0x00, 0x00, 0x00, 0xFF, 0xC0, 0x40,
	0xFF, 0x80, 0x00, 0x00, 0x00, 0x00, 0x00, 0x00, 0x00, 0x00, 0x00, 0x00,
	0xFF, 0xC0, 0x40, 0xFF, 0x80, 0x00, 0x00, 0x00, 0x00, 0x00, 0x00, 0x00,
	0x00, 0x00, 0x00, 0xFF, 0xC0, 0x40, 0xFF, 0x80, 0x00, 0x00, 0x00, 0x00,
	0x00, 0x00, 0x00, 0x00, 0x00, 0x00, 0xFF, 0xC0, 0x40, 0xFF, 0x80, 0x00,
	0x00, 0x00, 0x00, 0x00, 0x00, 0x00, 0x00, 0x00, 0x00, 0xFF, 0xC0, 0x40,
	0xFF, 0x80, 0x00, 0x00, 0x00, 0x00, 0x00, 0x00, 0x00, 0x00, 0x00, 0x00,
	0xFF, 0xC0, 0x40, 0xFF, 0x80, 0x00, 0x00, 0x00, 0x00, 0x00, 0x00, 0x00,
	0x00, 0x00, 0x00, 0xFF, 0xC0, 0x40, 0xFF, 0x80, 0x00, 0x00, 0x00, 0x00,
	0x00, 0x00, 0x00, 0x00, 0x00, 0x00, 0xFF, 0xC0, 0x40, 0xFF, 0x80, 0x00,
	0x00, 0x00, 0x00, 0x00, 0x00, 0x00, 0x00, 0x00, 0x00, 0xFF, 0xC0, 0x40,
	0xFF, 0x80, 0x00, 0x00, 0x00, 0x00, 0x00, 0x00, 0x00, 0x00, 0x00, 0x00,
	0xFF, 0xC0, 0x40, 0xFF, 0x80, 0x00, 0x00, 0x00, 0x00, 0x00, 0x00, 0x00,
	0x00, 0x00, 0x00, 0xFF, 0xC0, 0x40, 0xFF, 0xFF, 0xFF, 0xFF, 0xFF, 0xFF,
	0xFF, 0xFF, 0xFF, 0xFF, 0xFF, 0xFF, 0xFF, 0xC0, 0x40, 0xFF, 0xFF, 0xFF,
	0xFF, 0xFF, 0xFF, 0xFF, 0xFF, 0xFF, 0xFF, 0xFF, 0xFF, 0xFF, 0xC0, 0x40,
	0xFF, 0xFF, 0xFF, 0xFF, 0xFF, 0xFF, 0xFF, 0xFF, 0xFF, 0xFF, 0xFF, 0xFF,
	0xFF, 0xC0, 0x40, 0xFF, 0xFF, 0xFF, 0xFF, 0xFF, 0xFF, 0xFF, 0xFF, 0xFF,
	0xFF, 0xFF, 0xFF, 0xFF, 0xC0, 0x40, 0xFF, 0x80, 0x00, 0x00, 0x00, 0x00,
	0x00, 0x00, 0x00, 0x00, 0x00, 0x00, 0xFF, 0xC0, 0x40, 0xFF, 0x80, 0x00,
	0x00, 0x00, 0x00, 0x00, 0x00, 0x00, 0x00, 0x00, 0x00, 0xFF, 0xC0, 0x40,
	0xFF, 0x80, 0x00, 0x00, 0x00, 0x00, 0x00, 0x00, 0x00, 0x00, 0x00, 0x00,
	0xFF, 0xC0, 0x40, 0xFF, 0x80, 0x00, 0x00, 0x00, 0x00, 0x00, 0x00, 0x00,
	0x00, 0x00, 0x00, 0xFF, 0xC0, 0x40, 0xFF, 0x80, 0x00, 0x00, 0x00, 0x00,
	0x00, 0x00, 0x00, 0x00, 0x00, 0x00, 0xFF, 0xC0, 0x40, 0xFF, 0x80, 0x00,
	0x00, 0x00, 0x00, 0x00, 0x00, 0x00, 0x00, 0x00, 0x00, 0xFF, 0xC0, 0x40,
	0xFF, 0x80, 0x00, 0x00, 0x00, 0x00, 0x00, 0x00, 0x00, 0x00, 0x00, 0x00,
	0xFF, 0xC0, 0x40, 0xFF, 0x80, 0x00, 0x00, 0x00, 0x00, 0x00, 0x00, 0x00,
	0x00, 0x00, 0x00, 0xFF, 0xC0, 0x40, 0xFF, 0x80, 0x00, 0x00, 0x00, 0x00,
	0x00, 0x00, 0x00, 0x00, 0x00, 0x00, 0xFF, 0xC0, 0x40, 0xFF, 0x80, 0x00,
	0x00, 0x00, 0x00, 0x00, 0x00, 0x00, 0x00, 0x00, 0x00, 0xFF, 0xC0, 0x40,
	0xFF, 0x80, 0x00, 0x00, 0x00, 0x00, 0x00, 0x00, 0x00, 0x00, 0x00, 0x00,
	0xFF, 0xC0, 0x40, 0xFF, 0x80, 0x00, 0x00, 0x00, 0x00, 0x00, 0x00, 0x00,
	0x00, 0x00, 0x00, 0xFF, 0xC0, 0x40, 0xFF, 0x80, 0x00, 0x00, 0x00, 0x00,
	0x00, 0x00, 0x00, 0x00, 0x00, 0x00, 0xFF, 0xC0, 0x40, 0xFF, 0x80, 0x00,
	0x00, 0x00, 0x00, 0x00, 0x00, 0x00, 0x00, 0x00, 0x00, 0xFF, 0xC0, 0x40,
	0xFF, 0x80, 0x00, 0x00, 0x00, 0x00, 0x00, 0x00, 0x00, 0x00, 0x00, 0x00,
	0xFF, 0xC0, 0x40, 0xFF, 0x80, 0x00, 0x00, 0x00, 0x00, 0x00, 0x00, 0x00,
	0x00, 0x00, 0x00, 0xFF, 0xC0, 0x40, 0xFF, 0x80, 0x00, 0x00, 0x00, 0x00,
	0x00, 0x00, 0x00, 0x00, 0x00, 0x00, 0xFF, 0xC0, 0x40, 0xFF, 0x80, 0x00,
	0x00, 0x00, 0x00, 0x00, 0x00, 0x00, 0x00, 0x00, 0x00, 0xFF, 0xC0, 0x40,
	0xFF, 0x80, 0x00, 0x00, 0x00, 0x00, 0x00, 0x00, 0x00, 0x00, 0x00, 0x00,
	0xFF, 0xC0, 0x40, 0xFF, 0x80, 0x00, 0x00, 0x00, 0x00, 0x00, 0x00, 0x00,
	0x00, 0x00, 0x00, 0xFF, 0xC0, 0x40, 0xFF, 0x80, 0x00, 0x00, 0x00, 0x00,
	0x00, 0x00, 0x00, 0x00, 0x00, 0x00, 0xFF, 0xC0, 0x40, 0xFF, 0x80, 0x00,
	0x00, 0x00, 0x00, 0x00, 0x00, 0x00, 0x00, 0x00, 0x00, 0xFF, 0xC0, 0x40,
	0xFF, 0xFF, 0xFF, 0xFF, 0xFF, 0xFF, 0xFF, 0xFF, 0xFF, 0xFF, 0xFF, 0xFF,
	0xFF, 0xC0, 0x40, 0xFF, 0xFF, 0xFF, 0xFF, 0xFF, 0xFF, 0xFF, 0xFF, 0xFF,
	0xFF, 0xFF, 0xFF, 0xFF, 0xC0, 0x40, 0xFF, 0xFF, 0xFF, 0xFF, 0xFF, 0xFF,
	0xFF, 0xFF, 0xFF, 0xFF, 0xFF, 0xFF, 0xFF, 0xC0, 0x40, 0xFF, 0xFF, 0xFF,
	0xFF, 0xFF, 0xFF, 0xFF, 0xFF, 0xFF, 0xFF, 0xFF, 0xFF, 0xFF, 0xC0, 0x40,
	0xFF, 0x80, 0x00, 0x00, 0x00, 0x00, 0x00, 0x00, 0x00, 0x00, 0x00, 0x00,
	0xFF, 0xC0, 0x40, 0xFF, 0x80, 0x00, 0x00, 0x00, 0x00, 0x00, 0x00, 0x00,
	0x00, 0x00, 0x00, 0xFF, 0xC0, 0x40, 0xFF, 0x80, 0x00, 0x00, 0x00, 0x00,
	0x00, 0x00, 0x00, 0x00, 0x00, 0x00, 0xFF, 0xC0, 0x40, 0xFF, 0x80, 0x00,
	0x00, 0x00, 0x00, 0x00, 0x00, 0x00, 0x00, 0x00, 0x00, 0xFF, 0xC0, 0x40,
	0xFF, 0x80, 0x00, 0x00, 0x00, 0x00, 0x00, 0x00, 0x00, 0x00, 0x00, 0x00,
	0xFF, 0xC0, 0x40, 0xFF, 0x80, 0x00, 0x00, 0x00, 0x00, 0x00, 0x00, 0x00,
	0x00, 0x00, 0x00, 0xFF, 0xC0, 0x40, 0xFF, 0x80, 0x00, 0x00, 0x00, 0x00,
	0x00, 0x00, 0x00, 0x00, 0x00, 0x00, 0xFF, 0xC0, 0x40, 0xFF, 0x80, 0x00,
	0x00, 0x00, 0x00, 0x00, 0x00, 0x00, 0x00, 0x00, 0x00, 0xFF, 0xC0, 0x40,
	0xFF, 0x80, 0x00, 0x00, 0x00, 0x00, 0x00, 0x00, 0x00, 0x00, 0x00, 0x00,
	0xFF, 0xC0, 0x40, 0xFF, 0x80, 0x00, 0x00, 0x00, 0x00, 0x00, 0x00, 0x00,
	0x00, 0x00, 0x00, 0xFF, 0xC0, 0x40, 0xFF, 0x80, 0x00, 0x00, 0x00, 0x00,
	0x00, 0x00, 0x00, 0x00, 0x00, 0x00, 0xFF, 0xC0, 0x40, 0xFF, 0x80, 0x00,
	0x00, 0x00, 0x00, 0x00, 0x00, 0x00, 0x00, 0x00, 0x00, 0xFF, 0xC0, 0x40,
	0xFF, 0x80, 0x00, 0x00, 0x00, 0x00, 0x00, 0x00, 0x00, 0x00, 0x00, 0x00,
	0xFF, 0xC0, 0x40, 0xFF, 0x80, 0x00, 0x00, 0x00, 0x00, 0x00, 0x00, 0x00,
	0x00, 0x00, 0x00, 0xFF, 0xC0, 0x40, 0xFF, 0x80, 0x00, 0x00, 0x00, 0x00,
	0x00, 0x00, 0x00, 0x00, 0x00, 0x00, 0xFF, 0xC0, 0x40, 0xFF, 0x80, 0x00,
	0x00, 0x00, 0x00, 0x00, 0x00, 0x00, 0x00, 0x00, 0x00, 0xFF, 0xC0, 0x40,
	0xFF, 0x80, 0x00, 0x00, 0x00, 0x00, 0x00, 0x00, 0x00, 0x00, 0x00, 0x00,
	0xFF, 0xC0, 0x40, 0xFF, 0x80, 0x00, 0x00, 0x00, 0x00, 0x00, 0x00, 0x00,
	0x00, 0x00, 0x00, 0xFF, 0xC0, 0x40, 0xFF, 0x80, 0x00, 0x00, 0x00, 0x00,
	0x00, 0x00, 0x00, 0x00, 0x00, 0x00, 0xFF, 0xC0, 0x40, 0xFF, 0x80, 0x00,
	0x00, 0x00, 0x00, 0x00, 0x00, 0x00, 0x00, 0x00, 0x00, 0xFF, 0xC0, 0x40,
	0xFF, 0x80, 0x00, 0x00, 0x00, 0x00, 0x00, 0x00, 0x00, 0x00, 0x00, 0x00,
	0xFF, 0xC0, 0x40, 0xFF, 0x80, 0x00, 0x00, 0x00, 0x00, 0x00, 0x00, 0x00,
	0x00, 0x00, 0x00, 0xFF, 0xC0, 0x40, 0xFF, 0xFF, 0xFF, 0xFF, 0xFF, 0xFF,
	0xFF, 0xFF, 0xFF, 0xFF, 0xFF, 0xFF, 0xFF, 0xC0, 0x40, 0xFF, 0xFF, 0xFF,
	0xFF, 0xFF, 0xFF, 0xFF, 0xFF, 0xFF, 0xFF, 0xFF, 0xFF, 0xFF, 0xC0, 0x40,
	0xFF, 0xFF, 0xFF, 0xFF, 0xFF, 0xFF, 0xFF, 0xFF, 0xFF, 0xFF, 0xFF, 0xFF,
	0xFF, 0xC0, 0x40, 0xFF, 0xFF, 0xFF, 0xFF, 0xFF, 0xFF, 0xFF, 0xFF, 0xFF,
	0xFF, 0xFF, 0xFF, 0xFF, 0xC0, 0x40, 0xFF, 0x80, 0x00, 0x00, 0x00, 0x00,
	0x00, 0x00, 0x00, 0x00, 0x00, 0x00, 0xFF, 0xC0, 0x40, 0xFF, 0x80, 0x00,
	0x00, 0x00, 0x00, 0x00, 0x00, 0x00, 0x00, 0x00, 0x00, 0xFF, 0xC0, 0x40,
	0xFF, 0x80, 0x00, 0x00, 0x00, 0x00, 0x00, 0x00, 0x00, 0x00, 0x00, 0x00,
	0xFF, 0xC0, 0x40, 0xFF, 0x80, 0x00, 0x00, 0x00, 0x00, 0x00, 0x00, 0x00,
	0x00, 0x00, 0x00, 0xFF, 0xC0, 0x40, 0xFF, 0x80, 0x00, 0x00, 0x00, 0x00,
	0x00, 0x00, 0x00, 0x00, 0x00, 0x00, 0xFF, 0xC0, 0x40, 0xFF, 0x80, 0x00,
	0x00, 0x00, 0x00, 0x00, 0x00, 0x00, 0x00, 0x00, 0x00, 0xFF, 0xC0, 0x40,
	0xFF, 0x80, 0x00, 0x00, 0x00, 0x00, 0x00, 0x00, 0x00, 0x00, 0x00, 0x00,
	0xFF, 0xC0, 0x40, 0xFF, 0x80, 0x00, 0x00, 0x00, 0x00, 0x00, 0x00, 0x00,
	0x00, 0x00, 0x00, 0xFF, 0xC0, 0x40, 0xFF, 0x80, 0x00, 0x00, 0x00, 0x00,
	0x00, 0x00, 0x00, 0x00, 0x00, 0x00, 0xFF, 0xC0, 0x40, 0xFF, 0x80, 0x00,
	0x00, 0x00, 0x00, 0x00, 0x00, 0x00, 0x00, 0x00, 0x00, 0xFF, 0xC0, 0x40,
	0xFF, 0x80, 0x00, 0x00, 0x00, 0x00, 0x00, 0x00, 0x00, 0x00, 0x00, 0x00,
	0xFF, 0xC0, 0x40, 0xFF, 0x80, 0x00, 0x00, 0x00, 0x00, 0x00, 0x00, 0x00,
	0x00, 0x00, 0x00, 0xFF, 0xC0, 0x40, 0xFF, 0x80, 0x00, 0x00, 0x00, 0x00,
	0x00, 0x00, 0x00, 0x00, 0x00, 0x00, 0xFF, 0xC0, 0x40, 0xFF, 0x80, 0x00,
	0x00, 0x00, 0x00, 0x00, 0x00, 0x00, 0x00, 0x00, 0x00, 0xFF, 0xC0, 0x40,
	0xFF, 0x80, 0x00, 0x00, 0x00, 0x00, 0x00, 0x00, 0x00, 0x00, 0x00, 0x00,
	0xFF, 0xC0, 0x40, 0xFF, 0x80, 0x00, 0x00, 0x00, 0x00, 0x00, 0x00, 0x00,
	0x00, 0x00, 0x00, 0xFF, 0xC0, 0x40, 0xFF, 0x80, 0x00, 0x00, 0x00, 0x00,
	0x00, 0x00, 0x00, 0x00, 0x00, 0x00, 0xFF, 0xC0, 0x40, 0xFF, 0x80, 0x00,
	0x00, 0x00, 0x00, 0x00, 0x00, 0x00, 0x00, 0x00, 0x00, 0xFF, 0xC0, 0x40,
	0xFF, 0x80, 0x00, 0x00, 0x00, 0x00, 0x00, 0x00, 0x00, 0x00, 0x00, 0x00,
	0xFF, 0xC0, 0x40, 0xFF, 0x80, 0x00, 0x00, 0x00, 0x00, 0x00, 0x00, 0x00,
	0x00, 0x00, 0x00, 0xFF, 0xC0, 0x40, 0xFF, 0x80, 0x00, 0x00, 0x00, 0x00,
	0x00, 0x00, 0x00, 0x00, 0x00, 0x00, 0xFF, 0xC0, 0x40, 0xFF, 0x80, 0x00,
	0x00, 0x00, 0x00, 0x00, 0x00, 0x00, 0x00, 0x00, 0x00, 0xFF, 0xC0, 0x40,
	0xFF, 0xFF, 0xFF, 0xFF, 0xFF, 0xFF, 0xFF, 0xFF, 0xFF, 0xFF, 0xFF, 0xFF,
	0xFF, 0xC0, 0x40, 0xFF, 0xFF, 0xFF, 0xFF, 0xFF, 0xFF, 0xFF, 0xFF, 0xFF,
	0xFF, 0xFF, 0xFF, 0xFF, 0xC0, 0x40, 0xFF, 0xFF, 0xFF, 0xFF, 0xFF, 0xFF,
	0xFF, 0xFF, 0xFF, 0xFF, 0xFF, 0xFF, 0xFF, 0xC0, 0x40, 0xFF, 0xFF, 0xFF,
	0xFF, 0xFF, 0xFF, 0xFF, 0xFF, 0xFF, 0xFF, 0xFF, 0xFF, 0xFF, 0xC0, 0x40,
	0xFF, 0x80, 0x00, 0x00, 0x00, 0x00, 0x00, 0x00, 0x00, 0x00, 0x00, 0x00,
	0xFF, 0xC0, 0x40, 0xFF, 0x80, 0x00, 0x00, 0x00, 0x00, 0x00, 0x00, 0x00,
	0x00, 0x00, 0x00, 0xFF, 0xC0, 0x40, 0xFF, 0x80, 0x00, 0x00, 0x00, 0x00,
	0x00, 0x00, 0x00, 0x00, 0x00, 0x00, 0xFF, 0xC0, 0x40, 0xFF, 0x80, 0x00,
	0x00, 0x00, 0x00, 0x00, 0x00, 0x00, 0x00, 0x00, 0x00, 0xFF, 0xC0, 0x40,
	0xFF, 0x80, 0x00, 0x00, 0x00, 0x00, 0x00, 0x00, 0x00, 0x00, 0x00, 0x00,
	0xFF, 0xC0, 0x40, 0xFF, 0x80, 0x00, 0x00, 0x00, 0x00, 0x00, 0x00, 0x00,
	0x00, 0x00, 0x00, 0xFF, 0xC0, 0x40, 0xFF, 0x80, 0x00, 0x00, 0x00, 0x00,
	0x00, 0x00, 0x00, 0x00, 0x00, 0x00, 0xFF, 0xC0, 0x40, 0xFF, 0x80, 0x00,
	0x00, 0x00, 0x00, 0x00, 0x00, 0x00, 0x00, 0x00, 0x00, 0xFF, 0xC0, 0x40,
	0xFF, 0x80, 0x00, 0x00, 0x00, 0x00, 0x00, 0x00, 0x00, 0x00, 0x00, 0x00,
	0xFF, 0xC0, 0x40, 0xFF, 0x80, 0x00, 0x00, 0x00, 0x00, 0x00, 0x00, 0x00,
	0x00, 0x00, 0x00, 0xFF, 0xC0, 0x40, 0xFF, 0x80, 0x00, 0x00, 0x00, 0x00,
	0x00, 0x00, 0x00, 0x00, 0x00, 0x00, 0xFF, 0xC0, 0x40, 0xFF, 0x80, 0x00,
	0x00, 0x00, 0x00, 0x00, 0x00, 0x00, 0x00, 0x00, 0x00, 0xFF, 0xC0, 0x40,
	0xFF, 0x80, 0x00, 0x00, 0x00, 0x00, 0x00, 0x00, 0x00, 0x00, 0x00, 0x00,
	0xFF, 0xC0, 0x40, 0xFF, 0x80, 0x00, 0x00, 0x00, 0x00, 0x00, 0x00, 0x00,
	0x00, 0x00, 0x00, 0xFF, 0xC0, 0x40, 0xFF, 0x80, 0x00, 0x00, 0x00, 0x00,
	0x00, 0x00, 0x00, 0x00, 0x00, 0x00, 0xFF, 0xC0, 0x40, 0xFF, 0x80, 0x00,
	0x00, 0x00, 0x00, 0x00, 0x00, 0x00, 0x00, 0x00, 0x00, 0xFF, 0xC0, 0x40,
	0xFF, 0x80, 0x00, 0x00, 0x00, 0x00, 0x00, 0x00, 0x00, 0x00, 0x00, 0x00,
	0xFF, 0xC0, 0x40, 0xFF, 0x80, 0x00, 0x00, 0x00, 0x00, 0x00, 0x00, 0x00,
	0x00, 0x00, 0x00, 0xFF, 0xC0, 0x40, 0xFF, 0x80, 0x00, 0x00, 0x00, 0x00,
	0x00, 0x00, 0x00, 0x00, 0x00, 0x00, 0xFF, 0xC0, 0x40, 0xFF, 0x80, 0x00,
	0x00, 0x00, 0x00, 0x00, 0x00, 0x00, 0x00, 0x00, 0x00, 0xFF, 0xC0, 0x40,
	0xFF, 0x80, 0x00, 0x00, 0x00, 0x00, 0x00, 0x00, 0x00, 0x00, 0x00, 0x00,
	0xFF, 0xC0, 0x40, 0xFF, 0x80, 0x00, 0x00, 0x00, 0x00, 0x00, 0x00, 0x00,
	0x00, 0x00, 0x00, 0xFF, 0xC0, 0x40, 0xFF, 0xFF, 0xFF, 0xFF, 0xFF, 0xFF,
	0xFF, 0xFF, 0xFF, 0xFF, 0xFF, 0xFF, 0xFF, 0xC0, 0x40, 0xFF, 0xFF, 0xFF,
	0xFF, 0xFF, 0xFF, 0xFF, 0xFF, 0xFF, 0xFF, 0xFF, 0xFF, 0xFF, 0xC0, 0x40,
	0xFF, 0xFF, 0xFF, 0xFF, 0xFF, 0xFF, 0xFF, 0xFF, 0xFF, 0xFF, 0xFF, 0xFF,
	0xFF, 0xC0, 0x40, 0xFF, 0xFF, 0xFF, 0xFF, 0xFF, 0xFF, 0xFF, 0xFF, 0xFF,
	0xFF, 0xFF, 0xFF, 0xFF, 0xC0, 0x40, 0xFF, 0x80, 0x00, 0x00, 0x00, 0x00,
	0x00, 0x00, 0x00, 0x00, 0x00, 0x00, 0xFF, 0xC0, 0x40, 0xFF, 0x80, 0x00,
	0x00, 0x00, 0x00, 0x00, 0x00, 0x00, 0x00, 0x00, 0x00, 0xFF, 0xC0, 0x40,
	0xFF, 0x80, 0x00, 0x00, 0x00, 0x00, 0x00, 0x00, 0x00, 0x00, 0x00, 0x00,
	0xFF, 0xC0, 0x40, 0xFF, 0x80, 0x00, 0x00, 0x00, 0x00, 0x00, 0x00, 0x00,
	0x00, 0x00, 0x00, 0xFF, 0xC0, 0x40, 0xFF, 0x80, 0x00, 0x00, 0x00, 0x00,
	0x00, 0x00, 0x00, 0x00, 0x00, 0x00, 0xFF, 0xC0, 0x40, 0xFF, 0x80, 0x00,
	0x00, 0x00, 0x00, 0x00, 0x00, 0x00, 0x00, 0x00, 0x00, 0xFF, 0xC0, 0x40,
	0xFF, 0x80, 0x00, 0x00, 0x00, 0x00, 0x00, 0x00, 0x00, 0x00, 0x00, 0x00,
	0xFF, 0xC0, 0x40, 0xFF, 0x80, 0x00, 0x00, 0x00, 0x00, 0x00, 0x00, 0x00,
	0x00, 0x00, 0x00, 0xFF, 0xC0, 0x40, 0xFF, 0x80, 0x00, 0x00, 0x00, 0x00,
	0x00, 0x00, 0x00, 0x00, 0x00, 0x00, 0xFF, 0xC0, 0x40, 0xFF, 0x80, 0x00,
	0x00, 0x00, 0x00, 0x00, 0x00, 0x00, 0x00, 0x00, 0x00, 0xFF, 0xC0, 0x40,
	0xFF, 0x80, 0x00, 0x00, 0x00, 0x00, 0x00, 0x00, 0x00, 0x00, 0x00, 0x00,
	0xFF, 0xC0, 0x40, 0xFF, 0x80, 0x00, 0x00, 0x00, 0x00, 0x00, 0x00, 0x00,
	0x00, 0x00, 0x00, 0xFF, 0xC0, 0x40, 0xFF, 0x80, 0x00, 0x00, 0x00, 0x00,
	0x00, 0x00, 0x00, 0x00, 0x00, 0x00, 0xFF, 0xC0, 0x40, 0xFF, 0x80, 0x00,
	0x00, 0x00, 0x00, 0x00, 0x00, 0x00, 0x00, 0x00, 0x00, 0xFF, 0xC0, 0x40,
	0xFF, 0x80, 0x00, 0x00, 0x00, 0x00, 0x00, 0x00, 0x00, 0x00, 0x00, 0x00,
	0xFF, 0xC0, 0x40, 0xFF, 0x80, 0x00, 0x00, 0x00, 0x00, 0x00, 0x00, 0x00,
	0x00, 0x00, 0x00, 0xFF, 0xC0, 0x40, 0xFF, 0x80, 0x00, 0x00, 0x00, 0x00,
	0x00, 0x00, 0x00, 0x00, 0x00, 0x00, 0xFF, 0xC0, 0x40, 0xFF, 0x80, 0x00,
	0x00, 0x00, 0x00, 0x00, 0x00, 0x00, 0x00, 0x00, 0x00, 0xFF, 0xC0, 0x40,
	0xFF, 0x80, 0x00, 0x00, 0x00, 0x00, 0x00, 0x00, 0x00, 0x00, 0x00, 0x00,
	0xFF, 0xC0, 0x40, 0xFF, 0x80, 0x00, 0x00, 0x00, 0x00, 0x00, 0x00, 0x00,
	0x00, 0x00, 0x00, 0xFF, 0xC0, 0x40, 0xFF, 0x80, 0x00, 0x00, 0x00, 0x00,
	0x00, 0x00, 0x00, 0x00, 0x00, 0x00, 0xFF, 0xC0, 0x40, 0xFF, 0x80, 0x00,
	0x00, 0x00, 0x00, 0x00, 0x00, 0x00, 0x00, 0x00, 0x00, 0xFF, 0xC0, 0x40,
	0xFF, 0xFF, 0xFF, 0xFF, 0xFF, 0xFF, 0xFF, 0xFF, 0xFF, 0xFF, 0xFF, 0xFF,
	0xFF, 0xC0, 0x40, 0xFF, 0xFF, 0xFF, 0xFF, 0xFF, 0xFF, 0xFF, 0xFF, 0xFF,
	0xFF, 0xFF, 0xFF, 0xFF, 0xC0, 0x40, 0xFF, 0xFF, 0xFF, 0xFF, 0xFF, 0xFF,
	0xFF, 0xFF, 0xFF, 0xFF, 0xFF, 0xFF, 0xFF, 0xC0, 0x40, 0xFF, 0xFF, 0xFF,
	0xFF, 0xFF, 0xFF, 0xFF, 0xFF, 0xFF, 0xFF, 0xFF, 0xFF, 0xFF, 0xC0, 0x40,
	0xFF, 0x80, 0x00, 0x00, 0x00, 0x00, 0x00, 0x00, 0x00, 0x00, 0x00, 0x00,
	0xFF, 0xC0, 0x40, 0xFF, 0x80, 0x00, 0x00, 0x00, 0x00, 0x00, 0x00, 0x00,
	0x00, 0x00, 0x00, 0xFF, 0xC0, 0x40, 0xFF, 0x80, 0x00, 0x00, 0x00, 0x00,
	0x00, 0x00, 0x00, 0x00, 0x00, 0x00, 0xFF, 0xC0, 0x40, 0xFF, 0x80, 0x00,
	0x00, 0x00, 0x00, 0x00, 0x00, 0x00, 0x00, 0x00, 0x00, 0xFF, 0xC0, 0x40,
	0xFF, 0x80, 0x00, 0x00, 0x00, 0x00, 0x00, 0x00, 0x00, 0x00, 0x00, 0x00,
	0xFF, 0xC0, 0x40, 0xFF, 0x80, 0x00, 0x00, 0x00, 0x00, 0x00, 0x00, 0x00,
	0x00, 0x00, 0x00, 0xFF, 0xC0, 0x40, 0xFF, 0x80, 0x00, 0x00, 0x00, 0x00,
	0x00, 0x00, 0x00, 0x00, 0x00, 0x00, 0xFF, 0xC0, 0x40, 0xFF, 0x80, 0x00,
	0x00, 0x00, 0x00, 0x00, 0x00, 0x00, 0x00, 0x00, 0x00, 0xFF, 0xC0, 0x40,
	0xFF, 0x80, 0x00, 0x00, 0x00, 0x00, 0x00, 0x00, 0x00, 0x00, 0x00, 0x00,
	0xFF, 0xC0, 0x40, 0xFF, 0x80, 0x00, 0x00, 0x00, 0x00, 0x00, 0x00, 0x00,
	0x00, 0x00, 0x00, 0xFF, 0xC0, 0x40, 0xFF, 0x80, 0x00, 0x00, 0x00, 0x00,
	0x00, 0x00, 0x00, 0x00, 0x00, 0x00, 0xFF, 0xC0, 0x40, 0xFF, 0x80, 0x00,
	0x00, 0x00, 0x00, 0x00, 0x00, 0x00, 0x00, 0x00, 0x00, 0xFF, 0xC0, 0x40,
	0xFF, 0x80, 0x00, 0x00, 0x00, 0x00, 0x00, 0x00, 0x00, 0x00, 0x00, 0x00,
	0xFF, 0xC0, 0x40, 0xFF, 0x80, 0x00, 0x00, 0x00, 0x00, 0x00, 0x00, 0x00,
	0x00, 0x00, 0x00, 0xFF, 0xC0, 0x40, 0xFF, 0x80, 0x00, 0x00, 0x00, 0x00,
	0x00, 0x00, 0x00, 0x00, 0x00, 0x00, 0xFF, 0xC0, 0x40, 0xFF, 0x80, 0x00,
	0x00, 0x00, 0x00, 0x00, 0x00, 0x00, 0x00, 0x00, 0x00, 0xFF, 0xC0, 0x40,
	0xFF, 0x80, 0x00, 0x00, 0x00, 0x00, 0x00, 0x00, 0x00, 0x00, 0x00, 0x00,
	0xFF, 0xC0, 0x40, 0xFF, 0x80, 0x00, 0x00, 0x00, 0x00, 0x00, 0x00, 0x00,
	0x00, 0x00, 0x00, 0xFF, 0xC0, 0x40, 0xFF, 0x80, 0x00, 0x00, 0x00, 0x00,
	0x00, 0x00, 0x00, 0x00, 0x00, 0x00, 0xFF, 0xC0, 0x40, 0xFF, 0x80, 0x00,
	0x00, 0x00, 0x00, 0x00, 0x00, 0x00, 0x00, 0x00, 0x00, 0xFF, 0xC0, 0x40,
	0xFF, 0x80, 0x00, 0x00, 0x00, 0x00, 0x00, 0x00, 0x00, 0x00, 0x00, 0x00,
	0xFF, 0xC0, 0x40, 0xFF, 0x80, 0x00, 0x00, 0x00, 0x00, 0x00, 0x00, 0x00,
	0x00, 0x00, 0x00, 0xFF, 0xC0, 0x40, 0xFF, 0xFF, 0xFF, 0xFF, 0xFF, 0xFF,
	0xFF, 0xFF, 0xFF, 0xFF, 0xFF, 0xFF, 0xFF, 0xC0, 0x40, 0xFF, 0xFF, 0xFF,
	0xFF, 0xFF, 0xFF, 0xFF, 0xFF, 0xFF, 0xFF, 0xFF, 0xFF, 0xFF, 0xC0, 0x40,
	0xFF, 0xFF, 0xFF, 0xFF, 0xFF, 0xFF, 0xFF, 0xFF, 0xFF, 0xFF, 0xFF, 0xFF,
	0xFF, 0xC0, 0x40, 0xFF, 0xFF, 0xFF, 0xFF, 0xFF, 0xFF, 0xFF, 0xFF, 0xFF,
	0xFF, 0xFF, 0xFF, 0xFF, 0xC0, 0x40, 0xFF, 0x80, 0x00, 0x00, 0x00, 0x00,
	0x00, 0x00, 0x00, 0x00, 0x00, 0x00, 0xFF, 0xC0, 0x40, 0xFF, 0x80, 0x00,
	0x00, 0x00, 0x00, 0x00, 0x00, 0x00, 0x00, 0x00, 0x00, 0xFF, 0xC0, 0x40,
	0xFF, 0x80, 0x00, 0x00, 0x00, 0x00, 0x00, 0x00, 0x00, 0x00, 0x00, 0x00,
	0xFF, 0xC0, 0x40, 0xFF, 0x80, 0x00, 0x00, 0x00, 0x00, 0x00, 0x00, 0x00,
	0x00, 0x00, 0x00, 0xFF, 0xC0, 0x40, 0xFF, 0x80, 0x00, 0x00, 0x00, 0x00,
	0x00, 0x00, 0x00, 0x00, 0x00, 0x00, 0xFF, 0xC0, 0x40, 0xFF, 0x80, 0x00,
	0x00, 0x00, 0x00, 0x00, 0x00, 0x00, 0x00, 0x00, 0x00, 0xFF, 0xC0, 0x40,
	0xFF, 0x80, 0x00, 0x00, 0x00, 0x00, 0x00, 0x00, 0x00, 0x00, 0x00, 0x00,
	0xFF, 0xC0, 0x40, 0xFF, 0x80, 0x00, 0x00, 0x00, 0x00, 0x00, 0x00, 0x00,
	0x00, 0x00, 0x00, 0xFF, 0xC0, 0x40, 0xFF, 0x80, 0x00, 0x00, 0x00, 0x00,
	0x00, 0x00, 0x00, 0x00, 0x00, 0x00, 0xFF, 0xC0, 0x40, 0xFF, 0x80, 0x00,
	0x00, 0x00, 0x00, 0x00, 0x00, 0x00, 0x00, 0x00, 0x00, 0xFF, 0xC0, 0x40,
	0xFF, 0x80, 0x00, 0x00, 0x00, 0x00, 0x00, 0x00, 0x00, 0x00, 0x00, 0x00,
	0xFF, 0xC0, 0x40, 0xFF, 0x80, 0x00, 0x00, 0x00, 0x00, 0x00, 0x00, 0x00,
	0x00, 0x00, 0x00, 0xFF, 0xC0, 0x40, 0xFF, 0x80, 0x00, 0x00, 0x00, 0x00,
	0x00, 0x00, 0x00, 0x00, 0x00, 0x00, 0xFF, 0xC0, 0x40, 0xFF, 0x80, 0x00,
	0x00, 0x00, 0x00, 0x00, 0x00, 0x00, 0x00, 0x00, 0x00, 0xFF, 0xC0, 0x40,
	0xFF, 0x80, 0x00, 0x00, 0x00, 0x00, 0x00, 0x00, 0x00, 0x00, 0x00, 0x00,
	0xFF, 0xC0, 0x40, 0xFF, 0x80, 0x00, 0x00, 0x00, 0x00, 0x00, 0x00, 0x00,
	0x00, 0x00, 0x00, 0xFF, 0xC0, 0x40, 0xFF, 0x80, 0x00, 0x00, 0x00, 0x00,
	0x00, 0x00, 0x00, 0x00, 0x00, 0x00, 0xFF, 0xC0, 0x40, 0xFF, 0x80, 0x00,
	0x00, 0x00, 0x00, 0x00, 0x00, 0x00, 0x00, 0x00, 0x00, 0xFF, 0xC0, 0x40,
	0xFF, 0x80, 0x00, 0x00, 0x00, 0x00, 0x00, 0x00, 0x00, 0x00, 0x00, 0x00,
	0xFF, 0xC0, 0x40, 0xFF, 0x80, 0x00, 0x00, 0x00, 0x00, 0x00, 0x00, 0x00,
	0x00, 0x00, 0x00, 0xFF, 0xC0, 0x40, 0xFF, 0x80, 0x00, 0x00, 0x00, 0x00,
	0x00, 0x00, 0x00, 0x00, 0x00, 0x00, 0xFF, 0xC0, 0x40, 0xFF, 0x80, 0x00,
	0x00, 0x00, 0x00, 0x00, 0x00, 0x00, 0x00, 0x00, 0x00, 0xFF, 0xC0, 0x40,
	0xFF, 0xFF, 0xFF, 0xFF, 0xFF, 0xFF, 0xFF, 0xFF, 0xFF, 0xFF, 0xFF, 0xFF,
	0xFF, 0xC0, 0x40, 0xFF, 0xFF, 0xFF, 0xFF, 0xFF, 0xFF, 0xFF, 0xFF, 0xFF,
	0xFF, 0xFF, 0xFF, 0xFF, 0xC0, 0x40, 0xFF, 0xFF, 0xFF, 0xFF, 0xFF, 0xFF,
	0xFF, 0xFF, 0xFF, 0xFF, 0xFF, 0xFF, 0xFF, 0xC0, 0x40, 0xFF, 0xFF, 0xFF,
	0xFF, 0xFF, 0xFF, 0xFF, 0xFF, 0xFF, 0xFF, 0xFF, 0xFF, 0xFF, 0xC0, 0x40,
	0xFF, 0x80, 0x00, 0x00, 0x00, 0x00, 0x00, 0x00, 0x00, 0x00, 0x00, 0x00,
	0xFF, 0xC0, 0x40, 0xFF, 0x80, 0x00, 0x00, 0x00, 0x00, 0x00, 0x00, 0x00,
	0x00, 0x00, 0x00, 0xFF, 0xC0, 0x40, 0xFF, 0x80, 0x00, 0x00, 0x00, 0x00,
	0x00, 0x00, 0x00, 0x00, 0x00, 0x00, 0xFF, 0xC0, 0x40, 0xFF, 0x80, 0x00,
	0x00, 0x00, 0x00, 0x00, 0x00, 0x00, 0x00, 0x00, 0x00, 0xFF, 0xC0, 0x40,
	0xFF, 0x80, 0x00, 0x00, 0x00, 0x00, 0x00, 0x00, 0x00, 0x00, 0x00, 0x00,
	0xFF, 0xC0, 0x40, 0xFF, 0x80, 0x00, 0x00, 0x00, 0x00, 0x00, 0x00, 0x00,
	0x00, 0x00, 0x00, 0xFF, 0xC0, 0x40, 0xFF, 0x80, 0x00, 0x00, 0x00, 0x00,
	0x00, 0x00, 0x00, 0x00, 0x00, 0x00, 0xFF, 0xC0, 0x40, 0xFF, 0x80, 0x00,
	0x00, 0x00, 0x00, 0x00, 0x00, 0x00, 0x00, 0x00, 0x00, 0xFF, 0xC0, 0x40,
	0xFF, 0x80, 0x00, 0x00, 0x00, 0x00, 0x00, 0x00, 0x00, 0x00, 0x00, 0x00,
	0xFF, 0xC0, 0x40, 0xFF, 0x80, 0x00, 0x00, 0x00, 0x00, 0x00, 0x00, 0x00,
	0x00, 0x00, 0x00, 0xFF, 0xC0, 0x40, 0xFF, 0x80, 0x00, 0x00, 0x00, 0x00,
	0x00, 0x00, 0x00, 0x00, 0x00, 0x00, 0xFF, 0xC0, 0x40, 0xFF, 0x80, 0x00,
	0x00, 0x00, 0x00, 0x00, 0x00, 0x00, 0x00, 0x00, 0x00, 0xFF, 0xC0, 0x40,
	0xFF, 0x80, 0x00, 0x00, 0x00, 0x00, 0x00, 0x00, 0x00, 0x00, 0x00, 0x00,
	0xFF, 0xC0, 0x40, 0xFF, 0x80, 0x00, 0x00, 0x00, 0x00, 0x00, 0x00, 0x00,
	0x00, 0x00, 0x00, 0xFF, 0xC0, 0x40, 0xFF, 0x80, 0x00, 0x00, 0x00, 0x00,
	0x00, 0x00, 0x00, 0x00, 0x00, 0x00, 0xFF, 0xC0, 0x40, 0xFF, 0x80, 0x00,
	0x00, 0x00, 0x00, 0x00, 0x00, 0x00, 0x00, 0x00, 0x00, 0xFF, 0xC0, 0x40,
	0xFF, 0x80, 0x00, 0x00, 0x00, 0x00, 0x00, 0x00, 0x00, 0x00, 0x00, 0x00,
	0xFF, 0xC0, 0x40, 0xFF, 0x80, 0x00, 0x00, 0x00, 0x00, 0x00, 0x00, 0x00,
	0x00, 0x00, 0x00, 0xFF, 0xC0, 0x40, 0xFF, 0x80, 0x00, 0x00, 0x00, 0x00,
	0x00, 0x00, 0x00, 0x00, 0x00, 0x00, 0xFF, 0xC0, 0x40, 0xFF, 0x80, 0x00,
	0x00, 0x00, 0x00, 0x00, 0x00, 0x00, 0x00, 0x00, 0x00, 0xFF, 0xC0, 0x40,
	0xFF, 0x80, 0x00, 0x00, 0x00, 0x00, 0x00, 0x00, 0x00, 0x00, 0x00, 0x00,
	0xFF, 0xC0, 0x40, 0xFF, 0x80, 0x00, 0x00, 0x00, 0x00, 0x00, 0x00, 0x00,
	0x00, 0x00, 0x00, 0xFF, 0xC0, 0x40, 0xFF, 0xFF, 0xFF, 0xFF, 0xFF, 0xFF,
	0xFF, 0xFF, 0xFF, 0xFF, 0xFF, 0xFF, 0xFF, 0xC0, 0x40, 0xFF, 0xFF, 0xFF,
	0xFF, 0xFF, 0xFF, 0xFF, 0xFF, 0xFF, 0xFF, 0xFF, 0xFF, 0xFF, 0xC0, 0x40,
	0xFF, 0xFF, 0xFF, 0xFF, 0xFF, 0xFF, 0xFF, 0xFF, 0xFF, 0xFF, 0xFF, 0xFF,
	0xFF, 0xC0, 0x40, 0xFF, 0xFF, 0xFF, 0xFF, 0xFF, 0xFF, 0xFF, 0xFF, 0xFF,
	0xFF, 0xFF, 0xFF, 0xFF, 0xC0, 0x40, 0xFF, 0x80, 0x00, 0x00, 0x00, 0x00,
	0x00, 0x00, 0x00, 0x00, 0x00, 0x00, 0xFF, 0xC0, 0x40, 0xFF, 0x80, 0x00,
	0x00, 0x00, 0x00, 0x00, 0x00, 0x00, 0x00, 0x00, 0x00, 0xFF, 0xC0, 0x40,
	0xFF, 0x80, 0x00, 0x00, 0x00, 0x00, 0x00, 0x00, 0x00, 0x00, 0x00, 0x00,
	0xFF, 0xC0, 0x40, 0xFF, 0x80, 0x00, 0x00, 0x00, 0x00, 0x00, 0x00, 0x00,
	0x00, 0x00, 0x00, 0xFF, 0xC0, 0x40, 0xFF, 0x80, 0x00, 0x00, 0x00, 0x00,
	0x00, 0x00, 0x00, 0x00, 0x00, 0x00, 0xFF, 0xC0, 0x40, 0xFF, 0x80, 0x00,
	0x00, 0x00, 0x00, 0x00, 0x00, 0x00, 0x00, 0x00, 0x00, 0xFF, 0xC0, 0x40,
	0xFF, 0x80, 0x00, 0x00, 0x00, 0x00, 0x00, 0x00, 0x00, 0x00, 0x00, 0x00,
	0xFF, 0xC0, 0x40, 0xFF, 0x80, 0x00, 0x00, 0x00, 0x00, 0x00, 0x00, 0x00,
	0x00, 0x00, 0x00, 0xFF, 0xC0, 0x40, 0xFF, 0x80, 0x00, 0x00, 0x00, 0x00,
	0x00, 0x00, 0x00, 0x00, 0x00, 0x00, 0xFF, 0xC0, 0x40, 0xFF, 0x80, 0x00,
	0x00, 0x00, 0x00, 0x00, 0x00, 0x00, 0x00, 0x00, 0x00, 0xFF, 0xC0, 0x40,
	0xFF, 0x80, 0x00, 0x00, 0x00, 0x00, 0x00, 0x00, 0x00, 0x00, 0x00, 0x00,
	0xFF, 0xC0, 0x40, 0xFF, 0x80, 0x00, 0x00, 0x00, 0x00, 0x00, 0x00, 0x00,
	0x00, 0x00, 0x00, 0xFF, 0xC0, 0x40, 0xFF, 0x80, 0x00, 0x00, 0x00, 0x00,
	0x00, 0x00, 0x00, 0x00, 0x00, 0x00, 0xFF, 0xC0, 0x40, 0xFF, 0x80, 0x00,
	0x00, 0x00, 0x00, 0x00, 0x00, 0x00, 0x00, 0x00, 0x00, 0xFF, 0xC0, 0x40,
	0xFF, 0x80, 0x00, 0x00, 0x00, 0x00, 0x00, 0x00, 0x00, 0x00, 0x00, 0x00,
	0xFF, 0xC0, 0x40, 0xFF, 0x80, 0x00, 0x00, 0x00, 0x00, 0x00, 0x00, 0x00,
	0x00, 0x00, 0x00, 0xFF, 0xC0, 0x40, 0xFF, 0x80, 0x00, 0x00, 0x00, 0x00,
	0x00, 0x00, 0x00, 0x00, 0x00, 0x00, 0xFF, 0xC0, 0x40, 0xFF, 0x80, 0x00,
	0x00, 0x00, 0x00, 0x00, 0x00, 0x00, 0x00, 0x00, 0x00, 0xFF, 0xC0, 0x40,
	0xFF, 0x80, 0x00, 0x00, 0x00, 0x00, 0x00, 0x00, 0x00, 0x00, 0x00, 0x00,
	0xFF, 0xC0, 0x40, 0xFF, 0x80, 0x00, 0x00, 0x00, 0x00, 0x00, 0x00, 0x00,
	0x00, 0x00, 0x00, 0xFF, 0xC0, 0x40, 0xFF, 0x80, 0x00, 0x00, 0x00, 0x00,
	0x00, 0x00, 0x00, 0x00, 0x00, 0x00, 0xFF, 0xC0, 0x40, 0xFF, 0x80, 0x00,
	0x00, 0x00, 0x00, 0x00, 0x00, 0x00, 0x00, 0x00, 0x00, 0xFF, 0xC0, 0x40,
	0xFF, 0xFF, 0xFF, 0xFF, 0xFF, 0xFF, 0xFF, 0xFF, 0xFF, 0xFF, 0xFF, 0xFF,
	0xFF, 0xC0, 0x40, 0xFF, 0xFF, 0xFF, 0xFF, 0xFF, 0xFF, 0xFF, 0xFF, 0xFF,
	0xFF, 0xFF, 0xFF, 0xFF, 0xC0, 0x40, 0xFF, 0xFF, 0xFF, 0xFF, 0xFF, 0xFF,
	0xFF, 0xFF, 0xFF, 0xFF, 0xFF, 0xFF, 0xFF, 0xC0, 0x40, 0xFF, 0xFF, 0xFF,
	0xFF, 0xFF, 0xFF, 0xFF, 0xFF, 0xFF, 0xFF, 0xFF, 0xFF, 0xFF, 0xC0, 0x40,
	0xFF, 0x80, 0x00, 0x00, 0x00, 0x00, 0x00, 0x00, 0x00, 0x00, 0x00, 0x00,
	0xFF, 0xC0, 0x40, 0xFF, 0x80, 0x00, 0x00, 0x00, 0x00, 0x00, 0x00, 0x00,
	0x00, 0x00, 0x00, 0xFF, 0xC0, 0x40, 0xFF, 0x80, 0x00, 0x00, 0x00, 0x00,
	0x00, 0x00, 0x00, 0x00, 0x00, 0x00, 0xFF, 0xC0, 0x40, 0xFF, 0x80, 0x00,
	0x00, 0x00, 0x00, 0x00, 0x00, 0x00, 0x00, 0x00, 0x00, 0xFF, 0xC0, 0x40,
	0xFF, 0x80, 0x00, 0x00, 0x00, 0x00, 0x00, 0x00, 0x00, 0x00, 0x00, 0x00,
	0xFF, 0xC0, 0x40, 0xFF, 0x80, 0x00, 0x00, 0x00, 0x00, 0x00, 0x00, 0x00,
	0x00, 0x00, 0x00, 0xFF, 0xC0, 0x40, 0xFF, 0x80, 0x00, 0x00, 0x00, 0x00,
	0x00, 0x00, 0x00, 0x00, 0x00, 0x00, 0xFF, 0xC0, 0x40, 0xFF, 0x80, 0x00,
	0x00, 0x00, 0x00, 0x00, 0x00, 0x00, 0x00, 0x00, 0x00, 0xFF, 0xC0, 0x40,
	0xFF, 0x80, 0x00, 0x00, 0x00, 0x00, 0x00, 0x00, 0x00, 0x00, 0x00, 0x00,
	0xFF, 0xC0, 0x40, 0xFF, 0x80, 0x00, 0x00, 0x00, 0x00, 0x00, 0x00, 0x00,
	0x00, 0x00, 0x00, 0xFF, 0xC0, 0x40, 0xFF, 0x80, 0x00, 0x00, 0x00, 0x00,
	0x00, 0x00, 0x00, 0x00, 0x00, 0x00, 0xFF, 0xC0, 0x40, 0xFF, 0x80, 0x00,
	0x00, 0x00, 0x00, 0x00, 0x00, 0x00, 0x00, 0x00, 0x00, 0xFF, 0xC0, 0x40,
	0xFF, 0x80, 0x00, 0x00, 0x00, 0x00, 0x00, 0x00, 0x00, 0x00, 0x00, 0x00,
	0xFF, 0xC0, 0x40, 0xFF, 0x80, 0x00, 0x00, 0x00, 0x00, 0x00, 0x00, 0x00,
	0x00, 0x00, 0x00, 0xFF, 0xC0, 0x40, 0xFF, 0x80, 0x00, 0x00, 0x00, 0x00,
	0x00, 0x00, 0x00, 0x00, 0x00, 0x00, 0xFF, 0xC0, 0x40, 0xFF, 0x80, 0x00,
	0x00, 0x00, 0x00, 0x00, 0x00, 0x00, 0x00, 0x00, 0x00, 0xFF, 0xC0, 0x40,
	0xFF, 0x80, 0x00, 0x00, 0x00, 0x00, 0x00, 0x00, 0x00, 0x00, 0x00, 0x00,
	0xFF, 0xC0, 0x40, 0xFF, 0x80, 0x00, 0x00, 0x00, 0x00, 0x00, 0x00, 0x00,
	0x00, 0x00, 0x00, 0xFF, 0xC0, 0x40, 0xFF, 0x80, 0x00, 0x00, 0x00, 0x00,
	0x00, 0x00, 0x00, 0x00, 0x00, 0x00, 0xFF, 0xC0, 0x40, 0xFF, 0x80, 0x00,
	0x00, 0x00, 0x00, 0x00, 0x00, 0x00, 0x00, 0x00, 0x00, 0xFF, 0xC0, 0x40,
	0xFF, 0x80, 0x00, 0x00, 0x00, 0x00, 0x00, 0x00, 0x00, 0x00, 0x00, 0x00,
	0xFF, 0xC0, 0x40, 0xFF, 0x80, 0x00, 0x00, 0x00, 0x00, 0x00, 0x00, 0x00,
	0x00, 0x00, 0x00, 0xFF, 0xC0, 0x40, 0xFF, 0xFF, 0xFF, 0xFF, 0xFF, 0xFF,
	0xFF, 0xFF, 0xFF, 0xFF, 0xFF, 0xFF, 0xFF, 0xC0, 0x40, 0xFF, 0xFF, 0xFF,
	0xFF, 0xFF, 0xFF, 0xFF, 0xFF, 0xFF, 0xFF, 0xFF, 0xFF, 0xFF, 0xC0, 0x40,
	0xFF, 0xFF, 0xFF, 0xFF, 0xFF, 0xFF, 0xFF, 0xFF, 0xFF, 0xFF, 0xFF, 0xFF,
	0xFF, 0xC0, 0x40, 0xFF, 0xFF, 0xFF, 0xFF, 0xFF, 0xFF, 0xFF, 0xFF, 0xFF,
	0xFF, 0xFF, 0xFF, 0xFF, 0xC0, 0x40, 0xFF, 0x80, 0x00, 0x00, 0x00, 0x00,
	0x00, 0x00, 0x00, 0x00, 0x00, 0x00, 0xFF, 0xC0, 0x40, 0xFF, 0x80, 0x00,
	0x00, 0x00, 0x00, 0x00, 0x00, 0x00, 0x00, 0x00, 0x00, 0xFF, 0xC0, 0x40,
	0xFF, 0x80, 0x00, 0x00, 0x00, 0x00, 0x00, 0x00, 0x00, 0x00, 0x00, 0x00,
	0xFF, 0xC0, 0x40, 0xFF, 0x80, 0x00, 0x00, 0x00, 0x00, 0x00, 0x00, 0x00,
	0x00, 0x00, 0x00, 0xFF, 0xC0, 0x40, 0xFF, 0x80, 0x00, 0x00, 0x00, 0x00,
	0x00, 0x00, 0x00, 0x00, 0x00, 0x00, 0xFF, 0xC0, 0x40, 0xFF, 0x80, 0x00,
	0x00, 0x00, 0x00, 0x00, 0x00, 0x00, 0x00, 0x00, 0x00, 0xFF, 0xC0, 0x40,
	0xFF, 0x80, 0x00, 0x00, 0x00, 0x00, 0x00, 0x00, 0x00, 0x00, 0x00, 0x00,
	0xFF, 0xC0, 0x40, 0xFF, 0x80, 0x00, 0x00, 0x00, 0x00, 0x00, 0x00, 0x00,
	0x00, 0x00, 0x00, 0xFF, 0xC0, 0x40, 0xFF, 0x80, 0x00, 0x00, 0x00, 0x00,
	0x00, 0x00, 0x00, 0x00, 0x00, 0x00, 0xFF, 0xC0, 0x40, 0xFF, 0x80, 0x00,
	0x00, 0x00, 0x00, 0x00, 0x00, 0x00, 0x00, 0x00, 0x00, 0xFF, 0xC0, 0x40,
	0xFF, 0x80, 0x00, 0x00, 0x00, 0x00, 0x00, 0x00, 0x00, 0x00, 0x00, 0x00,
	0xFF, 0xC0, 0x40, 0xFF, 0x80, 0x00, 0x00, 0x00, 0x00, 0x00, 0x00, 0x00,
	0x00, 0x00, 0x00, 0xFF, 0xC0, 0x40, 0xFF, 0x80, 0x00, 0x00, 0x00, 0x00,
	0x00, 0x00, 0x00, 0x00, 0x00, 0x00, 0xFF, 0xC0, 0x40, 0xFF, 0x80, 0x00,
	0x00, 0x00, 0x00, 0x00, 0x00, 0x00, 0x00, 0x00, 0x00, 0xFF, 0xC0, 0x40,
	0xFF, 0x80, 0x00, 0x00, 0x00, 0x00, 0x00, 0x00, 0x00, 0x00, 0x00, 0x00,
	0xFF, 0xC0, 0x40, 0xFF, 0x80, 0x00, 0x00, 0x00, 0x00, 0x00, 0x00, 0x00,
	0x00, 0x00, 0x00, 0xFF, 0xC0, 0x40, 0xFF, 0x80, 0x00, 0x00, 0x00, 0x00,
	0x00, 0x00, 0x00, 0x00, 0x00, 0x00, 0xFF, 0xC0, 0x40, 0xFF, 0x80, 0x00,
	0x00, 0x00, 0x00, 0x00, 0x00, 0x00, 0x00, 0x00, 0x00, 0xFF, 0xC0, 0x40,
	0xFF, 0x80, 0x00, 0x00, 0x00, 0x00, 0x00, 0x00, 0x00, 0x00, 0x00, 0x00,
	0xFF, 0xC0, 0x40, 0xFF, 0x80, 0x00, 0x00, 0x00, 0x00, 0x00, 0x00, 0x00,
	0x00, 0x00, 0x00, 0xFF, 0xC0, 0x40, 0xFF, 0x80, 0x00, 0x00, 0x00, 0x00,
	0x00, 0x00, 0x00, 0x00, 0x00, 0x00, 0xFF, 0xC0, 0x40, 0xFF, 0x80, 0x00,
	0x00, 0x00, 0x00, 0x00, 0x00, 0x00, 0x00, 0x00, 0x00, 0xFF, 0xC0, 0x40,
	0xFF, 0xFF, 0xFF, 0xFF, 0xFF, 0xFF, 0xFF, 0xFF, 0xFF, 0xFF, 0xFF, 0xFF,
	0xFF, 0xC0, 0x40, 0xFF, 0xFF, 0xFF, 0xFF, 0xFF, 0xFF, 0xFF, 0xFF, 0xFF,
	0xFF, 0xFF, 0xFF, 0xFF, 0xC0, 0x40, 0xFF, 0xFF, 0xFF, 0xFF, 0xFF, 0xFF,
	0xFF, 0xFF, 0xFF, 0xFF, 0xFF, 0xFF, 0xFF, 0xC0, 0x40, 0xFF, 0xFF, 0xFF,
	0xFF, 0xFF, 0xFF, 0xFF, 0xFF, 0xFF, 0xFF, 0xFF, 0xFF, 0xFF, 0xC0, 0x40,
	0xFF, 0x80, 0x00, 0x00, 0x00, 0x00, 0x00, 0x00, 0x00, 0x00, 0x00, 0x00,
	0xFF, 0xC0, 0x40, 0xFF, 0x80, 0x00, 0x00, 0x00, 0x00, 0x00, 0x00, 0x00,
	0x00, 0x00, 0x00, 0xFF, 0xC0, 0x40, 0xFF, 0x80, 0x00, 0x00, 0x00, 0x00,
	0x00, 0x00, 0x00, 0x00, 0x00, 0x00, 0xFF, 0xC0, 0x40, 0xFF, 0x80, 0x00,
	0x00, 0x00, 0x00, 0x00, 0x00, 0x00, 0x00, 0x00, 0x00, 0xFF, 0xC0, 0x40,
	0xFF, 0x80, 0x00, 0x00, 0x00, 0x00, 0x00, 0x00, 0x00, 0x00, 0x00, 0x00,
	0xFF, 0xC0, 0x40, 0xFF, 0x80, 0x00, 0x00, 0x00, 0x00, 0x00, 0x00, 0x00,
	0x00, 0x00, 0x00, 0xFF, 0xC0, 0x40, 0xFF, 0x80, 0x00, 0x00, 0x00, 0x00,
	0x00, 0x00, 0x00, 0x00, 0x00, 0x00, 0xFF, 0xC0, 0x40, 0xFF, 0x80, 0x00,
	0x00, 0x00, 0x00, 0x00, 0x00, 0x00, 0x00, 0x00, 0x00, 0xFF, 0xC0, 0x40,
	0xFF, 0x80, 0x00, 0x00, 0x00, 0x00, 0x00, 0x00, 0x00, 0x00, 0x00, 0x00,
	0xFF, 0xC0, 0x40, 0xFF, 0x80, 0x00, 0x00, 0x00, 0x00, 0x00, 0x00, 0x00,
	0x00, 0x00, 0x00, 0xFF, 0xC0, 0x40, 0xFF, 0x80, 0x00, 0x00, 0x00, 0x00,
	0x00, 0x00, 0x00, 0x00, 0x00, 0x00, 0xFF, 0xC0, 0x40, 0xFF, 0x80, 0x00,
	0x00, 0x00, 0x00, 0x00, 0x00, 0x00, 0x00, 0x00, 0x00, 0xFF, 0xC0, 0x40,
	0xFF, 0x80, 0x00, 0x00, 0x00, 0x00, 0x00, 0x00, 0x00, 0x00, 0x00, 0x00,
	0xFF, 0xC0, 0x40, 0xFF, 0x80, 0x00, 0x00, 0x00, 0x00, 0x00, 0x00, 0x00,
	0x00, 0x00, 0x00, 0xFF, 0xC0, 0x40, 0xFF, 0x80, 0x00, 0x00, 0x00, 0x00,
	0x00, 0x00, 0x00, 0x00, 0x00, 0x00, 0xFF, 0xC0, 0x40, 0xFF, 0x80, 0x00,
	0x00, 0x00, 0x00, 0x00, 0x00, 0x00, 0x00, 0x00, 0x00, 0xFF, 0xC0, 0x40,
	0xFF, 0x80, 0x00, 0x00, 0x00, 0x00, 0x00, 0x00, 0x00, 0x00, 0x00, 0x00,
	0xFF, 0xC0, 0x40, 0xFF, 0x80, 0x00, 0x00, 0x00, 0x00, 0x00, 0x00, 0x00,
	0x00, 0x00, 0x00, 0xFF, 0xC0, 0x40, 0xFF, 0x80, 0x00, 0x00, 0x00, 0x00,
	0x00, 0x00, 0x00, 0x00, 0x00, 0x00, 0xFF, 0xC0, 0x40, 0xFF, 0x80, 0x00,
	0x00, 0x00, 0x00, 0x00, 0x00, 0x00, 0x00, 0x00, 0x00, 0xFF, 0xC0, 0x40,
	0xFF, 0x80, 0x00, 0x00, 0x00, 0x00, 0x00, 0x00, 0x00, 0x00, 0x00, 0x00,
	0xFF, 0xC0, 0x40, 0xFF, 0x80, 0x00, 0x00, 0x00, 0x00, 0x00, 0x00, 0x00,
	0x00, 0x00, 0x00, 0xFF, 0xC0, 0x40, 0xFF, 0xFF, 0xFF, 0xFF, 0xFF, 0xFF,
	0xFF, 0xFF, 0xFF, 0xFF, 0xFF, 0xFF, 0xFF, 0xC0, 0x40, 0xFF, 0xFF, 0xFF,
	0xFF, 0xFF, 0xFF, 0xFF, 0xFF, 0xFF, 0xFF, 0xFF, 0xFF, 0xFF, 0xC0, 0x40,
	0xFF, 0xFF, 0xFF, 0xFF, 0xFF, 0xFF, 0xFF, 0xFF, 0xFF, 0xFF, 0xFF, 0xFF,
	0xFF, 0xC0, 0x40, 0xFF, 0xFF, 0xFF, 0xFF, 0xFF, 0xFF, 0xFF, 0xFF, 0xFF,
	0xFF, 0xFF, 0xFF, 0xFF, 0xC0, 0x40, 0xFF, 0x80, 0x00, 0x00, 0x00, 0x00,
	0x00, 0x00, 0x00, 0x00, 0x00, 0x00, 0xFF, 0xC0, 0x40, 0xFF, 0x80, 0x00,
	0x00, 0x00, 0x00, 0x00, 0x00, 0x00, 0x00, 0x00, 0x00, 0xFF, 0xC0, 0x40,
	0xFF, 0x80, 0x00, 0x00, 0x00, 0x00, 0x00, 0x00, 0x00, 0x00, 0x00, 0x00,
	0xFF, 0xC0, 0x40, 0xFF, 0x80, 0x00, 0x00, 0x00, 0x00, 0x00, 0x00, 0x00,
	0x00, 0x00, 0x00, 0xFF, 0xC0, 0x40, 0xFF, 0x80, 0x00, 0x00, 0x00, 0x00,
	0x00, 0x00, 0x00, 0x00, 0x00, 0x00, 0xFF, 0xC0, 0x40, 0xFF, 0x80, 0x00,
	0x00, 0x00, 0x00, 0x00, 0x00, 0x00, 0x00, 0x00, 0x00, 0xFF, 0xC0, 0x40,
	0xFF, 0x80, 0x00, 0x00, 0x00, 0x00, 0x00, 0x00, 0x00, 0x00, 0x00, 0x00,
	0xFF, 0xC0, 0x40, 0xFF, 0x80, 0x00, 0x00, 0x00, 0x00, 0x00, 0x00, 0x00,
	0x00, 0x00, 0x00, 0xFF, 0xC0, 0x40, 0xFF, 0x80, 0x00, 0x00, 0x00, 0x00,
	0x00, 0x00, 0x00, 0x00, 0x00, 0x00, 0xFF, 0xC0, 0x40, 0xFF, 0x80, 0x00,
	0x00, 0x00, 0x00, 0x00, 0x00, 0x00, 0x00, 0x00, 0x00, 0xFF, 0xC0, 0x40,
	0xFF, 0x80, 0x00, 0x00, 0x00, 0x00, 0x00, 0x00, 0x00, 0x00, 0x00, 0x00,
	0xFF, 0xC0, 0x40, 0xFF, 0x80, 0x00, 0x00, 0x00, 0x00, 0x00, 0x00, 0x00,
	0x00, 0x00, 0x00, 0xFF, 0xC0, 0x40, 0xFF, 0x80, 0x00, 0x00, 0x00, 0x00,
	0x00, 0x00, 0x00, 0x00, 0x00, 0x00, 0xFF, 0xC0, 0x40, 0xFF, 0x80, 0x00,
	0x00, 0x00, 0x00, 0x00, 0x00, 0x00, 0x00, 0x00, 0x00, 0xFF, 0xC0, 0x40,
	0xFF, 0x80, 0x00, 0x00, 0x00, 0x00, 0x00, 0x00, 0x00, 0x00, 0x00, 0x00,
	0xFF, 0xC0, 0x40, 0xFF, 0x80, 0x00, 0x00, 0x00, 0x00, 0x00, 0x00, 0x00,
	0x00, 0x00, 0x00, 0xFF, 0xC0, 0x40, 0xFF, 0x80, 0x00, 0x00, 0x00, 0x00,
	0x00, 0x00, 0x00, 0x00, 0x00, 0x00, 0xFF, 0xC0, 0x40, 0xFF, 0x80, 0x00,
	0x00, 0x00, 0x00, 0x00, 0x00, 0x00, 0x00, 0x00, 0x00, 0xFF, 0xC0, 0x40,
	0xFF, 0x80, 0x00, 0x00, 0x00, 0x00, 0x00, 0x00, 0x00, 0x00, 0x00, 0x00,
	0xFF, 0xC0, 0x40, 0xFF, 0x80, 0x00, 0x00, 0x00, 0x00, 0x00, 0x00, 0x00,
	0x00, 0x00, 0x00, 0xFF, 0xC0, 0x40, 0xFF, 0x80, 0x00, 0x00, 0x00, 0x00,
	0x00, 0x00, 0x00, 0x00, 0x00, 0x00, 0xFF, 0xC0, 0x40, 0xFF, 0x80, 0x00,
	0x00, 0x00, 0x00, 0x00, 0x00, 0x00, 0x00, 0x00, 0x00, 0xFF, 0xC0, 0x40,
	0xFF, 0xFF, 0xFF, 0xFF, 0xFF, 0xFF, 0xFF, 0xFF, 0xFF, 0xFF, 0xFF, 0xFF,
	0xFF, 0xC0, 0x40, 0xFF, 0xFF, 0xFF, 0xFF, 0xFF, 0xFF, 0xFF, 0xFF, 0xFF,
	0xFF, 0xFF, 0xFF, 0xFF, 0xC0, 0x40, 0xFF, 0xFF, 0xFF, 0xFF, 0xFF, 0xFF,
	0xFF, 0xFF, 0xFF, 0xFF, 0xFF, 0xFF, 0xFF, 0xC0, 0x40, 0xFF, 0xFF, 0xFF,
	0xFF, 0xFF, 0xFF, 0xFF, 0xFF, 0xFF, 0xFF, 0xFF, 0xFF, 0xFF, 0xC0, 0x40,
	0xFF, 0x80, 0x00, 0x00, 0x00, 0x00, 0x00, 0x00, 0x00, 0x00, 0x00, 0x00,
	0xFF, 0xC0, 0x40, 0xFF, 0x80, 0x00, 0x00, 0x00, 0x00, 0x00, 0x00, 0x00,
	0x00, 0x00, 0x00, 0xFF, 0xC0, 0x40, 0xFF, 0x80, 0x00, 0x00, 0x00, 0x00,
	0x00, 0x00, 0x00, 0x00, 0x00, 0x00, 0xFF, 0xC0, 0x40, 0xFF, 0x80, 0x00,
	0x00, 0x00, 0x00, 0x00, 0x00, 0x00, 0x00, 0x00, 0x00, 0xFF, 0xC0, 0x40,
	0xFF, 0x80, 0x00, 0x00, 0x00, 0x00, 0x00, 0x00, 0x00, 0x00, 0x00, 0x00,
	0xFF, 0xC0, 0x40, 0xFF, 0x80, 0x00, 0x00, 0x00, 0x00, 0x00, 0x00, 0x00,
	0x00, 0x00, 0x00, 0xFF, 0xC0, 0x40, 0xFF, 0x80, 0x00, 0x00, 0x00, 0x00,
	0x00, 0x00, 0x00, 0x00, 0x00, 0x00, 0xFF, 0xC0, 0x40, 0xFF, 0x80, 0x00,
	0x00, 0x00, 0x00, 0x00, 0x00, 0x00, 0x00, 0x00, 0x00, 0xFF, 0xC0, 0x40,
	0xFF, 0x80, 0x00, 0x00, 0x00, 0x00, 0x00, 0x00, 0x00, 0x00, 0x00, 0x00,
	0xFF, 0xC0, 0x40, 0xFF, 0x80, 0x00, 0x00, 0x00, 0x00, 0x00, 0x00, 0x00,
	0x00, 0x00, 0x00, 0xFF, 0xC0, 0x40, 0xFF, 0x80, 0x00, 0x00, 0x00, 0x00,
	0x00, 0x00, 0x00, 0x00, 0x00, 0x00, 0xFF, 0xC0, 0x40, 0xFF, 0x80, 0x00,
	0x00, 0x00, 0x00, 0x00, 0x00, 0x00, 0x00, 0x00, 0x00, 0xFF, 0xC0, 0x40,
	0xFF, 0x80, 0x00, 0x00, 0x00, 0x00, 0x00, 0x00, 0x00, 0x00, 0x00, 0x00,
	0xFF, 0xC0, 0x40, 0xFF, 0x80, 0x00, 0x00, 0x00, 0x00, 0x00, 0x00, 0x00,
	0x00, 0x00, 0x00, 0xFF, 0xC0, 0x40, 0xFF, 0x80, 0x00, 0x00, 0x00, 0x00,
	0x00, 0x00, 0x00, 0x00, 0x00, 0x00, 0xFF, 0xC0, 0x40, 0xFF, 0x80, 0x00,
	0x00, 0x00, 0x00, 0x00, 0x00, 0x00, 0x00, 0x00, 0x00, 0xFF, 0xC0, 0x40,
	0xFF, 0x80, 0x00, 0x00, 0x00, 0x00, 0x00, 0x00, 0x00, 0x00, 0x00, 0x00,
	0xFF, 0xC0, 0x40, 0xFF, 0x80, 0x00, 0x00, 0x00, 0x00, 0x00, 0x00, 0x00,
	0x00, 0x00, 0x00, 0xFF, 0xC0, 0x40, 0xFF, 0x80, 0x00, 0x00, 0x00, 0x00,
	0x00, 0x00, 0x00, 0x00, 0x00, 0x00, 0xFF, 0xC0, 0x40, 0xFF, 0x80, 0x00,
	0x00, 0x00, 0x00, 0x00, 0x00, 0x00, 0x00, 0x00, 0x00, 0xFF, 0xC0, 0x40,
	0xFF, 0x80, 0x00, 0x00, 0x00, 0x00, 0x00, 0x00, 0x00, 0x00, 0x00, 0x00,
	0xFF, 0xC0, 0x40, 0xFF, 0x80, 0x00, 0x00, 0x00, 0x00, 0x00, 0x00, 0x00,
	0x00, 0x00, 0x00, 0xFF, 0xC0, 0x40, 0xFF, 0xFF, 0xFF, 0xFF, 0xFF, 0xFF,
	0xFF, 0xFF, 0xFF, 0xFF, 0xFF, 0xFF, 0xFF, 0xC0, 0x40, 0xFF, 0xFF, 0xFF,
	0xFF, 0xFF, 0xFF, 0xFF, 0xFF, 0xFF, 0xFF, 0xFF, 0xFF, 0xFF, 0xC0, 0x40,
	0xFF, 0xFF, 0xFF, 0xFF, 0xFF, 0xFF, 0xFF, 0xFF, 0xFF, 0xFF, 0xFF, 0xFF,
	0xFF, 0xC0, 0x40, 0xFF, 0xFF, 0xFF, 0xFF, 0xFF, 0xFF, 0xFF, 0xFF, 0xFF,
	0xFF, 0xFF, 0xFF, 0xFF, 0xC0, 0x40, 0xFF, 0x80, 0x00, 0x00, 0x00, 0x00,
	0x00, 0x00, 0x00, 0x00, 0x00, 0x00, 0xFF, 0xC0, 0x40, 0xFF, 0x80, 0x00,
	0x00, 0x00, 0x00, 0x00, 0x00, 0x00, 0x00, 0x00, 0x00, 0xFF, 0xC0, 0x40,
	0xFF, 0x80, 0x00, 0x00, 0x00, 0x00, 0x00, 0x00, 0x00, 0x00, 0x00, 0x00,
	0xFF, 0xC0, 0x40, 0xFF, 0x80, 0x00, 0x00, 0x00, 0x00, 0x00, 0x00, 0x00,
	0x00, 0x00, 0x00, 0xFF, 0xC0, 0x40, 0xFF, 0x80, 0x00, 0x00, 0x00, 0x00,
	0x00, 0x00, 0x00, 0x00, 0x00, 0x00, 0xFF, 0xC0, 0x40, 0xFF, 0x80, 0x00,
	0x00, 0x00, 0x00, 0x00, 0x00, 0x00, 0x00, 0x00, 0x00, 0xFF, 0xC0, 0x40,
	0xFF, 0x80, 0x00, 0x00, 0x00, 0x00, 0x00, 0x00, 0x00, 0x00, 0x00, 0x00,
	0xFF, 0xC0, 0x40, 0xFF, 0x80, 0x00, 0x00, 0x00, 0x00, 0x00, 0x00, 0x00,
	0x00, 0x00, 0x00, 0xFF, 0xC0, 0x40, 0xFF, 0x80, 0x00, 0x00, 0x00, 0x00,
	0x00, 0x00, 0x00, 0x00, 0x00, 0x00, 0xFF, 0xC0, 0x40, 0xFF, 0x80, 0x00,
	0x00, 0x00, 0x00, 0x00, 0x00, 0x00, 0x00, 0x00, 0x00, 0xFF, 0xC0, 0x40,
	0xFF, 0x80, 0x00, 0x00, 0x00, 0x00, 0x00, 0x00, 0x00, 0x00, 0x00, 0x00,
	0xFF, 0xC0, 0x40, 0xFF, 0x80, 0x00, 0x00, 0x00, 0x00, 0x00, 0x00, 0x00,
	0x00, 0x00, 0x00, 0xFF, 0xC0, 0x40, 0xFF, 0x80, 0x00, 0x00, 0x00, 0x00,
	0x00, 0x00, 0x00, 0x00, 0x00, 0x00, 0xFF, 0xC0, 0x40, 0xFF, 0x80, 0x00,
	0x00, 0x00, 0x00, 0x00, 0x00, 0x00, 0x00, 0x00, 0x00, 0xFF, 0xC0, 0x40,
	0xFF, 0x80, 0x00, 0x00, 0x00, 0x00, 0x00, 0x00, 0x00, 0x00, 0x00, 0x00,
	0xFF, 0xC0, 0x40, 0xFF, 0x80, 0x00, 0x00, 0x00, 0x00, 0x00, 0x00, 0x00,
	0x00, 0x00, 0x00, 0xFF, 0xC0, 0x40, 0xFF, 0x80, 0x00, 0x00, 0x00, 0x00,
	0x00, 0x00, 0x00, 0x00, 0x00, 0x00, 0xFF, 0xC0, 0x40, 0xFF, 0x80, 0x00,
	0x00, 0x00, 0x00, 0x00, 0x00, 0x00, 0x00, 0x00, 0x00, 0xFF, 0xC0, 0x40,
	0xFF, 0x80, 0x00, 0x00, 0x00, 0x00, 0x00, 0x00, 0x00, 0x00, 0x00, 0x00,
	0xFF, 0xC0, 0x40, 0xFF, 0x80, 0x00, 0x00, 0x00, 0x00, 0x00, 0x00, 0x00,
	0x00, 0x00, 0x00, 0xFF, 0xC0, 0x40, 0xFF, 0x80, 0x00, 0x00, 0x00, 0x00,
	0x00, 0x00, 0x00, 0x00, 0x00, 0x00, 0xFF, 0xC0, 0x40, 0xFF, 0x80, 0x00,
	0x00, 0x00, 0x00, 0x00, 0x00, 0x00, 0x00, 0x00, 0x00, 0xFF, 0xC0, 0x40,
	0xFF, 0xFF, 0xFF, 0xFF, 0xFF, 0xFF, 0xFF, 0xFF, 0xFF, 0xFF, 0xFF, 0xFF,
	0xFF, 0xC0, 0x40, 0xFF, 0xFF, 0xFF, 0xFF, 0xFF, 0xFF, 0xFF, 0xFF, 0xFF,
	0xFF, 0xFF, 0xFF, 0xFF, 0xC0, 0x40, 0xFF, 0xFF, 0xFF, 0xFF, 0xFF, 0xFF,
	0xFF, 0xFF, 0xFF, 0xFF, 0xFF, 0xFF, 0xFF, 0xC0, 0x40, 0xFF, 0xFF, 0xFF,
	0xFF, 0xFF, 0xFF, 0xFF, 0xFF, 0xFF, 0xFF, 0xFF, 0xFF, 0xFF, 0xC0, 0x40,
	0xFF, 0x80, 0x00, 0x00, 0x00, 0x00, 0x00, 0x00, 0x00, 0x00, 0x00, 0x00,
	0xFF, 0xC0, 0x40, 0xFF, 0x80, 0x00, 0x00, 0x00, 0x00, 0x00, 0x00, 0x00,
	0x00, 0x00, 0x00, 0xFF, 0xC0, 0x40, 0xFF, 0x80, 0x00, 0x00, 0x00, 0x00,
	0x00, 0x00, 0x00, 0x00, 0x00, 0x00, 0xFF, 0xC0, 0x40, 0xFF, 0x80, 0x00,
	0x00, 0x00, 0x00, 0x00, 0x00, 0x00, 0x00, 0x00, 0x00, 0xFF, 0xC0, 0x40,
	0xFF, 0x80, 0x00, 0x00, 0x00, 0x00, 0x00, 0x00, 0x00, 0x00, 0x00, 0x00,
	0xFF, 0xC0, 0x40, 0xFF, 0x80, 0x00, 0x00, 0x00, 0x00, 0x00, 0x00, 0x00,
	0x00, 0x00, 0x00, 0xFF, 0xC0, 0x40, 0xFF, 0x80, 0x00, 0x00, 0x00, 0x00,
	0x00, 0x00, 0x00, 0x00, 0x00, 0x00, 0xFF, 0xC0, 0x40, 0xFF, 0x80, 0x00,
	0x00, 0x00, 0x00, 0x00, 0x00, 0x00, 0x00, 0x00, 0x00, 0xFF, 0xC0, 0x40,
	0xFF, 0x80, 0x00, 0x00, 0x00, 0x00, 0x00, 0x00, 0x00, 0x00, 0x00, 0x00,
	0xFF, 0xC0, 0x40, 0xFF, 0x80, 0x00, 0x00, 0x00, 0x00, 0x00, 0x00, 0x00,
	0x00, 0x00, 0x00, 0xFF, 0xC0, 0x40, 0xFF, 0x80, 0x00, 0x00, 0x00, 0x00,
	0x00, 0x00, 0x00, 0x00, 0x00, 0x00, 0xFF, 0xC0, 0x40, 0xFF, 0x80, 0x00,
	0x00, 0x00, 0x00, 0x00, 0x00, 0x00, 0x00, 0x00, 0x00, 0xFF, 0xC0, 0x40,
	0xFF, 0x80, 0x00, 0x00, 0x00, 0x00, 0x00, 0x00, 0x00, 0x00, 0x00, 0x00,
	0xFF, 0xC0, 0x40, 0xFF, 0x80, 0x00, 0x00, 0x00, 0x00, 0x00, 0x00, 0x00,
	0x00, 0x00, 0x00, 0xFF, 0xC0, 0x40, 0xFF, 0x80, 0x00, 0x00, 0x00, 0x00,
	0x00, 0x00, 0x00, 0x00, 0x00, 0x00, 0xFF, 0xC0, 0x40, 0xFF, 0x80, 0x00,
	0x00, 0x00, 0x00, 0x00, 0x00, 0x00, 0x00, 0x00, 0x00, 0xFF, 0xC0, 0x40,
	0xFF, 0x80, 0x00, 0x00, 0x00, 0x00, 0x00, 0x00, 0x00, 0x00, 0x00, 0x00,
	0xFF, 0xC0, 0x40, 0xFF, 0x80, 0x00, 0x00, 0x00, 0x00, 0x00, 0x00, 0x00,
	0x00, 0x00, 0x00, 0xFF, 0xC0, 0x40, 0xFF, 0x80, 0x00, 0x00, 0x00, 0x00,
	0x00, 0x00, 0x00, 0x00, 0x00, 0x00, 0xFF, 0xC0, 0x40, 0xFF, 0x80, 0x00,
	0x00, 0x00, 0x00, 0x00, 0x00, 0x00, 0x00, 0x00, 0x00, 0xFF, 0xC0, 0x40,
	0xFF, 0x80, 0x00, 0x00, 0x00, 0x00, 0x00, 0x00, 0x00, 0x00, 0x00, 0x00,
	0xFF, 0xC0, 0x40, 0xFF, 0x80, 0x00, 0x00, 0x00, 0x00, 0x00, 0x00, 0x00,
	0x00, 0x00, 0x00, 0xFF, 0xC0, 0x40, 0xFF, 0xFF, 0xFF, 0xFF, 0xFF, 0xFF,
	0xFF, 0xFF, 0xFF, 0xFF, 0xFF, 0xFF, 0xFF, 0xC0, 0x40, 0xFF, 0xFF, 0xFF,
	0xFF, 0xFF, 0xFF, 0xFF, 0xFF, 0xFF, 0xFF, 0xFF, 0xFF, 0xFF, 0xC0, 0x40,
	0xFF, 0xFF, 0xFF, 0xFF, 0xFF, 0xFF, 0xFF, 0xFF, 0xFF, 0xFF, 0xFF, 0xFF,
	0xFF, 0xC0, 0x40, 0xFF, 0xFF, 0xFF, 0xFF, 0xFF, 0xFF, 0xFF, 0xFF, 0xFF,
	0xFF, 0xFF, 0xFF, 0xFF, 0xC0, 0x40, 0xFF, 0x80, 0x00, 0x00, 0x00, 0x00,
	0x00, 0x00, 0x00, 0x00, 0x00, 0x00, 0xFF, 0xC0, 0x40, 0xFF, 0x80, 0x00,
	0x00, 0x00, 0x00, 0x00, 0x00, 0x00, 0x00, 0x00, 0x00, 0xFF, 0xC0, 0x40,
	0xFF, 0x80, 0x00, 0x00, 0x00, 0x00, 0x00, 0x00, 0x00, 0x00, 0x00, 0x00,
	0xFF, 0xC0, 0x40, 0xFF, 0x80, 0x00, 0x00, 0x00, 0x00, 0x00, 0x00, 0x00,
	0x00, 0x00, 0x00, 0xFF, 0xC0, 0x40, 0xFF, 0x80, 0x00, 0x00, 0x00, 0x00,
	0x00, 0x00, 0x00, 0x00, 0x00, 0x00, 0xFF, 0xC0, 0x40, 0xFF, 0x80, 0x00,
	0x00, 0x00, 0x00, 0x00, 0x00, 0x00, 0x00, 0x00, 0x00, 0xFF, 0xC0, 0x40,
	0xFF, 0x80, 0x00, 0x00, 0x00, 0x00, 0x00, 0x00, 0x00, 0x00, 0x00, 0x00,
	0xFF, 0xC0, 0x40, 0xFF, 0x80, 0x00, 0x00, 0x00, 0x00, 0x00, 0x00, 0x00,
	0x00, 0x00, 0x00, 0xFF, 0xC0, 0x40, 0xFF, 0x80, 0x00, 0x00, 0x00, 0x00,
	0x00, 0x00, 0x00, 0x00, 0x00, 0x00, 0xFF, 0xC0, 0x40, 0xFF, 0x80, 0x00,
	0x00, 0x00, 0x00, 0x00, 0x00, 0x00, 0x00, 0x00, 0x00, 0xFF, 0xC0, 0x40,
	0xFF, 0x80, 0x00, 0x00, 0x00, 0x00, 0x00, 0x00, 0x00, 0x00, 0x00, 0x00,
	0xFF, 0xC0, 0x40, 0xFF, 0x80, 0x00, 0x00, 0x00, 0x00, 0x00, 0x00, 0x00,
	0x00, 0x00, 0x00, 0xFF, 0xC0, 0x40, 0xFF, 0x80, 0x00, 0x00, 0x00, 0x00,
	0x00, 0x00, 0x00, 0x00, 0x00, 0x00, 0xFF, 0xC0, 0x40, 0xFF, 0x80, 0x00,
	0x00, 0x00, 0x00, 0x00, 0x00, 0x00, 0x00, 0x00, 0x00, 0xFF, 0xC0, 0x40,
	0xFF, 0x80, 0x00, 0x00, 0x00, 0x00, 0x00, 0x00, 0x00, 0x00, 0x00, 0x00,
	0xFF, 0xC0, 0x40, 0xFF, 0x80, 0x00, 0x00, 0x00, 0x00, 0x00, 0x00, 0x00,
	0x00, 0x00, 0x00, 0xFF, 0xC0, 0x40, 0xFF, 0x80, 0x00, 0x00, 0x00, 0x00,
	0x00, 0x00, 0x00, 0x00, 0x00, 0x00, 0xFF, 0xC0, 0x40, 0xFF, 0x80, 0x00,
	0x00, 0x00, 0x00, 0x00, 0x00, 0x00, 0x00, 0x00, 0x00, 0xFF, 0xC0, 0x40,
	0xFF, 0x80, 0x00, 0x00, 0x00, 0x00, 0x00, 0x00, 0x00, 0x00, 0x00, 0x00,
	0xFF, 0xC0, 0x40, 0xFF, 0x80, 0x00, 0x00, 0x00, 0x00, 0x00, 0x00, 0x00,
	0x00, 0x00, 0x00, 0xFF, 0xC0, 0x40, 0xFF, 0x80, 0x00, 0x00, 0x00, 0x00,
	0x00, 0x00, 0x00, 0x00, 0x00, 0x00, 0xFF, 0xC0, 0x40, 0xFF, 0x80, 0x00,
	0x00, 0x00, 0x00, 0x00, 0x00, 0x00, 0x00, 0x00, 0x00, 0xFF, 0xC0, 0x40,
	0xFF, 0xFF, 0xFF, 0xFF, 0xFF, 0xFF, 0xFF, 0xFF, 0xFF, 0xFF, 0xFF, 0xFF,
	0xFF, 0xC0, 0x40, 0xFF, 0xFF, 0xFF, 0xFF, 0xFF, 0xFF, 0xFF, 0xFF, 0xFF,
	0xFF, 0xFF, 0xFF, 0xFF, 0xC0, 0x40, 0xFF, 0xFF, 0xFF, 0xFF, 0xFF, 0xFF,
	0xFF, 0xFF, 0xFF, 0xFF, 0xFF, 0xFF, 0xFF, 0xC0, 0x40, 0xFF, 0xFF, 0xFF,
	0xFF, 0xFF, 0xFF, 0xFF, 0xFF, 0xFF, 0xFF, 0xFF, 0xFF, 0xFF, 0xC0, 0x40,
	0xFF, 0x80, 0x00, 0x00, 0x00, 0x00, 0x00, 0x00, 0x00, 0x00, 0x00, 0x00,
	0xFF, 0xC0, 0x40, 0xFF, 0x80, 0x00, 0x00, 0x00, 0x00, 0x00, 0x00, 0x00,
	0x00, 0x00, 0x00, 0xFF, 0xC0, 0x40, 0xFF, 0x80, 0x00, 0x00, 0x00, 0x00,
	0x00, 0x00, 0x00, 0x00, 0x00, 0x00, 0xFF, 0xC0, 0x40, 0xFF, 0x80, 0x00,
	0x00, 0x00, 0x00, 0x00, 0x00, 0x00, 0x00, 0x00, 0x00, 0xFF, 0xC0, 0x40,
	0xFF, 0x80, 0x00, 0x00, 0x00, 0x00, 0x00, 0x00, 0x00, 0x00, 0x00, 0x00,
	0xFF, 0xC0, 0x40, 0xFF, 0x80, 0x00, 0x00, 0x00, 0x00, 0x00, 0x00, 0x00,
	0x00, 0x00, 0x00, 0xFF, 0xC0, 0x40, 0xFF, 0x80, 0x00, 0x00, 0x00, 0x00,
	0x00, 0x00, 0x00, 0x00, 0x00, 0x00, 0xFF, 0xC0, 0x40, 0xFF, 0x80, 0x00,
	0x00, 0x00, 0x00, 0x00, 0x00, 0x00, 0x00, 0x00, 0x00, 0xFF, 0xC0, 0x40,
	0xFF, 0x80, 0x00, 0x00, 0x00, 0x00, 0x00, 0x00, 0x00, 0x00, 0x00, 0x00,
	0xFF, 0xC0, 0x40, 0xFF, 0x80, 0x00, 0x00, 0x00, 0x00, 0x00, 0x00, 0x00,
	0x00, 0x00, 0x00, 0xFF, 0xC0, 0x40, 0xFF, 0x80, 0x00, 0x00, 0x00, 0x00,
	0x00, 0x00, 0x00, 0x00, 0x00, 0x00, 0xFF, 0xC0, 0x40, 0xFF, 0x80, 0x00,
	0x00, 0x00, 0x00, 0x00, 0x00, 0x00, 0x00, 0x00, 0x00, 0xFF, 0xC0, 0x40,
	0xFF, 0x80, 0x00, 0x00, 0x00, 0x00, 0x00, 0x00, 0x00, 0x00, 0x00, 0x00,
	0xFF, 0xC0, 0x40, 0xFF, 0x80, 0x00, 0x00, 0x00, 0x00, 0x00, 0x00, 0x00,
	0x00, 0x00, 0x00, 0xFF, 0xC0, 0x40, 0xFF, 0x80, 0x00, 0x00, 0x00, 0x00,
	0x00, 0x00, 0x00, 0x00, 0x00, 0x00, 0xFF, 0xC0, 0x40, 0xFF, 0x80, 0x00,
	0x00, 0x00, 0x00, 0x00, 0x00, 0x00, 0x00, 0x00, 0x00, 0xFF, 0xC0, 0x40,
	0xFF, 0x80, 0x00, 0x00, 0x00, 0x00, 0x00, 0x00, 0x00, 0x00, 0x00, 0x00,
	0xFF, 0xC0, 0x40, 0xFF, 0x80, 0x00, 0x00, 0x00, 0x00, 0x00, 0x00, 0x00,
	0x00, 0x00, 0x00, 0xFF, 0xC0, 0x40, 0xFF, 0x80, 0x00, 0x00, 0x00, 0x00,
	0x00, 0x00, 0x00, 0x00, 0x00, 0x00, 0xFF, 0xC0, 0x40, 0xFF, 0x80, 0x00,
	0x00, 0x00, 0x00, 0x00, 0x00, 0x00, 0x00, 0x00, 0x00, 0xFF, 0xC0, 0x40,
	0xFF, 0x80, 0x00, 0x00, 0x00, 0x00, 0x00, 0x00, 0x00, 0x00, 0x00, 0x00,
	0xFF, 0xC0, 0x40, 0xFF, 0x80, 0x00, 0x00, 0x00, 0x00, 0x00, 0x00, 0x00,
	0x00, 0x00, 0x00, 0xFF, 0xC0, 0x40, 0xFF, 0xFF, 0xFF, 0xFF, 0xFF, 0xFF,
	0xFF, 0xFF, 0xFF, 0xFF, 0xFF, 0xFF, 0xFF, 0xC0, 0x40, 0xFF, 0xFF, 0xFF,
	0xFF, 0xFF, 0xFF, 0xFF, 0xFF, 0xFF, 0xFF, 0xFF, 0xFF, 0xFF, 0xC0, 0x40,
	0xFF, 0xFF, 0xFF, 0xFF, 0xFF, 0xFF, 0xFF, 0xFF, 0xFF, 0xFF, 0xFF, 0xFF,
	0xFF, 0xC0, 0x40, 0xFF, 0xFF, 0xFF, 0xFF, 0xFF, 0xFF, 0xFF, 0xFF, 0xFF,
	0xFF, 0xFF, 0xFF, 0xFF, 0xC0, 0x40, 0xFF, 0x80, 0x00, 0x00, 0x00, 0x00,
	0x00, 0x00, 0x00, 0x00, 0x00, 0x00, 0xFF, 0xC0, 0x40, 0xFF, 0x80, 0x00,
	0x00, 0x00, 0x00, 0x00, 0x00, 0x00, 0x00, 0x00, 0x00, 0xFF, 0xC0, 0x40,
	0xFF, 0x80, 0x00, 0x00, 0x00, 0x00, 0x00, 0x00, 0x00, 0x00, 0x00, 0x00,
	0xFF, 0xC0, 0x40, 0xFF, 0x80, 0x00, 0x00, 0x00, 0x00, 0x00, 0x00, 0x00,
	0x00, 0x00, 0x00, 0xFF, 0xC0, 0x40, 0xFF, 0x80, 0x00, 0x00, 0x00, 0x00,
	0x00, 0x00, 0x00, 0x00, 0x00, 0x00, 0xFF, 0xC0, 0x40, 0xFF, 0x80, 0x00,
	0x00, 0x00, 0x00, 0x00, 0x00, 0x00, 0x00, 0x00, 0x00, 0xFF, 0xC0, 0x40,
	0xFF, 0x80, 0x00, 0x00, 0x00, 0x00, 0x00, 0x00, 0x00, 0x00, 0x00, 0x00,
	0xFF, 0xC0, 0x40, 0xFF, 0x80, 0x00, 0x00, 0x00, 0x00, 0x00, 0x00, 0x00,
	0x00, 0x00, 0x00, 0xFF, 0xC0, 0x40, 0xFF, 0x80, 0x00, 0x00, 0x00, 0x00,
	0x00, 0x00, 0x00, 0x00, 0x00, 0x00, 0xFF, 0xC0, 0x40, 0xFF, 0x80, 0x00,
	0x00, 0x00, 0x00, 0x00, 0x00, 0x00, 0x00, 0x00, 0x00, 0xFF, 0xC0, 0x40,
	0xFF, 0x80, 0x00, 0x00, 0x00, 0x00, 0x00, 0x00, 0x00, 0x00, 0x00, 0x00,
	0xFF, 0xC0, 0x40, 0xFF, 0x80, 0x00, 0x00, 0x00, 0x00, 0x00, 0x00, 0x00,
	0x00, 0x00, 0x00, 0xFF, 0xC0, 0x40, 0xFF, 0x80, 0x00, 0x00, 0x00, 0x00,
	0x00, 0x00, 0x00, 0x00, 0x00, 0x00, 0xFF, 0xC0, 0x40, 0xFF, 0x80, 0x00,
	0x00, 0x00, 0x00, 0x00, 0x00, 0x00, 0x00, 0x00, 0x00, 0xFF, 0xC0, 0x40,
	0xFF, 0x80, 0x00, 0x00, 0x00, 0x00, 0x00, 0x00, 0x00, 0x00, 0x00, 0x00,
	0xFF, 0xC0, 0x40, 0xFF, 0x80, 0x00, 0x00, 0x00, 0x00, 0x00, 0x00, 0x00,
	0x00, 0x00, 0x00, 0xFF, 0xC0, 0x40, 0xFF, 0x80, 0x00, 0x00, 0x00, 0x00,
	0x00, 0x00, 0x00, 0x00, 0x00, 0x00, 0xFF, 0xC0, 0x40, 0xFF, 0x80, 0x00,
	0x00, 0x00, 0x00, 0x00, 0x00, 0x00, 0x00, 0x00, 0x00, 0xFF, 0xC0, 0x40,
	0xFF, 0x80, 0x00, 0x00, 0x00, 0x00, 0x00, 0x00, 0x00, 0x00, 0x00, 0x00,
	0xFF, 0xC0, 0x40, 0xFF, 0x80, 0x00, 0x00, 0x00, 0x00, 0x00, 0x00, 0x00,
	0x00, 0x00, 0x00, 0xFF, 0xC0, 0x40, 0xFF, 0x80, 0x00, 0x00, 0x00, 0x00,
	0x00, 0x00, 0x00, 0x00, 0x00, 0x00, 0xFF, 0xC0, 0x40, 0xFF, 0x80, 0x00,
	0x00, 0x00, 0x00, 0x00, 0x00, 0x00, 0x00, 0x00, 0x00, 0xFF, 0xC0, 0x40,
	0xFF, 0xFF, 0xFF, 0xFF, 0xFF, 0xFF, 0xFF, 0xFF, 0xFF, 0xFF, 0xFF, 0xFF,
	0xFF, 0xC0, 0x40, 0xFF, 0xFF, 0xFF, 0xFF, 0xFF, 0xFF, 0xFF, 0xFF, 0xFF,
	0xFF, 0xFF, 0xFF, 0xFF, 0xC0, 0x40, 0xFF, 0xFF, 0xFF, 0xFF, 0xFF, 0xFF,
	0xFF, 0xFF, 0xFF, 0xFF, 0xFF, 0xFF, 0xFF, 0xC0, 0x40, 0xFF, 0xFF, 0xFF,
	0xFF, 0xFF, 0xFF, 0xFF, 0xFF, 0xFF, 0xFF, 0xFF, 0xFF, 0xFF, 0xC0, 0x40,
	0xFF, 0x80, 0x00, 0x00, 0x00, 0x00, 0x00, 0x00, 0x00, 0x00, 0x00, 0x00,
	0xFF, 0xC0, 0x40, 0xFF, 0x80, 0x00, 0x00, 0x00, 0x00, 0x00, 0x00, 0x00,
	0x00, 0x00, 0x00, 0xFF, 0xC0, 0x40, 0xFF, 0x80, 0x00, 0x00, 0x00, 0x00,
	0x00, 0x00, 0x00, 0x00, 0x00, 0x00, 0xFF, 0xC0, 0x40, 0xFF, 0x80, 0x00,
	0x00, 0x00, 0x00, 0x00, 0x00, 0x00, 0x00, 0x00, 0x00, 0xFF, 0xC0, 0x40,
	0xFF, 0x80, 0x00, 0x00, 0x00, 0x00, 0x00, 0x00, 0x00, 0x00, 0x00, 0x00,
	0xFF, 0xC0, 0x40, 0xFF, 0x80, 0x00, 0x00, 0x00, 0x00, 0x00, 0x00, 0x00,
	0x00, 0x00, 0x00, 0xFF, 0xC0, 0x40, 0xFF, 0x80, 0x00, 0x00, 0x00, 0x00,
	0x00, 0x00, 0x00, 0x00, 0x00, 0x00, 0xFF, 0xC0, 0x40, 0xFF, 0x80, 0x00,
	0x00, 0x00, 0x00, 0x00, 0x00, 0x00, 0x00, 0x00, 0x00, 0xFF, 0xC0, 0x40,
	0xFF, 0x80, 0x00, 0x00, 0x00, 0x00, 0x00, 0x00, 0x00, 0x00, 0x00, 0x00,
	0xFF, 0xC0, 0x40, 0xFF, 0x80, 0x00, 0x00, 0x00, 0x00, 0x00, 0x00, 0x00,
	0x00, 0x00, 0x00, 0xFF, 0xC0, 0x40, 0xFF, 0x80, 0x00, 0x00, 0x00, 0x00,
	0x00, 0x00, 0x00, 0x00, 0x00, 0x00, 0xFF, 0xC0, 0x40, 0xFF, 0x80, 0x00,
	0x00, 0x00, 0x00, 0x00, 0x00, 0x00, 0x00, 0x00, 0x00, 0xFF, 0xC0, 0x40,
	0xFF, 0x80, 0x00, 0x00, 0x00, 0x00, 0x00, 0x00, 0x00, 0x00, 0x00, 0x00,
	0xFF, 0xC0, 0x40, 0xFF, 0x80, 0x00, 0x00, 0x00, 0x00, 0x00, 0x00, 0x00,
	0x00, 0x00, 0x00, 0xFF, 0xC0, 0x40, 0xFF, 0x80, 0x00, 0x00, 0x00, 0x00,
	0x00, 0x00, 0x00, 0x00, 0x00, 0x00, 0xFF, 0xC0, 0x40, 0xFF, 0x80, 0x00,
	0x00, 0x00, 0x00, 0x00, 0x00, 0x00, 0x00, 0x00, 0x00, 0xFF, 0xC0, 0x40,
	0xFF, 0x80, 0x00, 0x00, 0x00, 0x00, 0x00, 0x00, 0x00, 0x00, 0x00, 0x00,
	0xFF, 0xC0, 0x40, 0xFF, 0x80, 0x00, 0x00, 0x00, 0x00, 0x00, 0x00, 0x00,
	0x00, 0x00, 0x00, 0xFF, 0xC0, 0x40, 0xFF, 0x80, 0x00, 0x00, 0x00, 0x00,
	0x00, 0x00, 0x00, 0x00, 0x00, 0x00, 0xFF, 0xC0, 0x40, 0xFF, 0x80, 0x00,
	0x00, 0x00, 0x00, 0x00, 0x00, 0x00, 0x00, 0x00, 0x00, 0xFF, 0xC0, 0x40,
	0xFF, 0x80, 0x00, 0x00, 0x00, 0x00, 0x00, 0x00, 0x00, 0x00, 0x00, 0x00,
	0xFF, 0xC0, 0x40, 0xFF, 0x80, 0x00, 0x00, 0x00, 0x00, 0x00, 0x00, 0x00,
	0x00, 0x00, 0x00, 0xFF, 0xC0, 0x40, 0xFF, 0xFF, 0xFF, 0xFF, 0xFF, 0xFF,
	0xFF, 0xFF, 0xFF, 0xFF, 0xFF, 0xFF, 0xFF, 0xC0, 0x40, 0xFF, 0xFF, 0xFF,
	0xFF, 0xFF, 0xFF, 0xFF, 0xFF, 0xFF, 0xFF, 0xFF, 0xFF, 0xFF, 0xC0, 0x40,
	0xFF, 0xFF, 0xFF, 0xFF, 0xFF, 0xFF, 0xFF, 0xFF, 0xFF, 0xFF, 0xFF, 0xFF,
	0xFF, 0xC0, 0x40, 0xFF, 0xFF, 0xFF, 0xFF, 0xFF, 0xFF, 0xFF, 0xFF, 0xFF,
	0xFF, 0xFF, 0xFF, 0xFF, 0xC0, 0x40, 0xFF, 0x80, 0x00, 0x00, 0x00, 0x00,
	0x00, 0x00, 0x00, 0x00, 0x00, 0x00, 0xFF, 0xC0, 0x40, 0xFF, 0x80, 0x00,
	0x00, 0x00, 0x00, 0x00, 0x00, 0x00, 0x00, 0x00, 0x00, 0xFF, 0xC0, 0x40,
	0xFF, 0x80, 0x00, 0x00, 0x00, 0x00, 0x00, 0x00, 0x00, 0x00, 0x00, 0x00,
	0xFF, 0xC0, 0x40, 0xFF, 0x80, 0x00, 0x00, 0x00, 0x00, 0x00, 0x00, 0x00,
	0x00, 0x00, 0x00, 0xFF, 0xC0, 0x40, 0xFF, 0x80, 0x00, 0x00, 0x00, 0x00,
	0x00, 0x00, 0x00, 0x00, 0x00, 0x00, 0xFF, 0xC0, 0x40, 0xFF, 0x80, 0x00,
	0x00, 0x00, 0x00, 0x00, 0x00, 0x00, 0x00, 0x00, 0x00, 0xFF, 0xC0, 0x40,
	0xFF, 0x80, 0x00, 0x00, 0x00, 0x00, 0x00, 0x00, 0x00, 0x00, 0x00, 0x00,
	0xFF, 0xC0, 0x40, 0xFF, 0x80, 0x00, 0x00, 0x00, 0x00, 0x00, 0x00, 0x00,
	0x00, 0x00, 0x00, 0xFF, 0xC0, 0x40, 0xFF, 0x80, 0x00, 0x00, 0x00, 0x00,
	0x00, 0x00, 0x00, 0x00, 0x00, 0x00, 0xFF, 0xC0, 0x40, 0xFF, 0x80, 0x00,
	0x00, 0x00, 0x00, 0x00, 0x00, 0x00, 0x00, 0x00, 0x00, 0xFF, 0xC0, 0x40,
	0xFF, 0x80, 0x00, 0x00, 0x00, 0x00, 0x00, 0x00, 0x00, 0x00, 0x00, 0x00,
	0xFF, 0xC0, 0x40, 0xFF, 0x80, 0x00, 0x00, 0x00, 0x00, 0x00, 0x00, 0x00,
	0x00, 0x00, 0x00, 0xFF, 0xC0, 0x40, 0xFF, 0x80, 0x00, 0x00, 0x00, 0x00,
	0x00, 0x00, 0x00, 0x00, 0x00, 0x00, 0xFF, 0xC0, 0x40, 0xFF, 0x80, 0x00,
	0x00, 0x00, 0x00, 0x00, 0x00, 0x00, 0x00, 0x00, 0x00, 0xFF, 0xC0, 0x40,
	0xFF, 0x80, 0x00, 0x00, 0x00, 0x00, 0x00, 0x00, 0x00, 0x00, 0x00, 0x00,
	0xFF, 0xC0, 0x40, 0xFF, 0x80, 0x00, 0x00, 0x00, 0x00, 0x00, 0x00, 0x00,
	0x00, 0x00, 0x00, 0xFF, 0xC0, 0x40, 0xFF, 0x80, 0x00, 0x00, 0x00, 0x00,
	0x00, 0x00, 0x00, 0x00, 0x00, 0x00, 0xFF, 0xC0, 0x40, 0xFF, 0x80, 0x00,
	0x00, 0x00, 0x00, 0x00, 0x00, 0x00, 0x00, 0x00, 0x00, 0xFF, 0xC0, 0x40,
	0xFF, 0x80, 0x00, 0x00, 0x00, 0x00, 0x00, 0x00, 0x00, 0x00, 0x00, 0x00,
	0xFF, 0xC0, 0x40, 0xFF, 0x80, 0x00, 0x00, 0x00, 0x00, 0x00, 0x00, 0x00,
	0x00, 0x00, 0x00, 0xFF, 0xC0, 0x40, 0xFF, 0x80, 0x00, 0x00, 0x00, 0x00,
	0x00, 0x00, 0x00, 0x00, 0x00, 0x00, 0xFF, 0xC0, 0x40, 0xFF, 0x80, 0x00,
	0x00, 0x00, 0x00, 0x00, 0x00, 0x00, 0x00, 0x00, 0x00, 0xFF, 0xC0, 0x40,
	0xFF, 0xFF, 0xFF, 0xFF, 0xFF, 0xFF, 0xFF, 0xFF, 0xFF, 0xFF, 0xFF, 0xFF,
	0xFF, 0xC0, 0x40, 0xFF, 0xFF, 0xFF, 0xFF, 0xFF, 0xFF, 0xFF, 0xFF, 0xFF,
	0xFF, 0xFF, 0xFF, 0xFF, 0xC0, 0x40, 0xFF, 0xFF, 0xFF, 0xFF, 0xFF, 0xFF,
	0xFF, 0xFF, 0xFF, 0xFF, 0xFF, 0xFF, 0xFF, 0xC0, 0x40, 0xFF, 0xFF, 0xFF,
	0xFF, 0xFF, 0xFF, 0xFF, 0xFF, 0xFF, 0xFF, 0xFF, 0xFF, 0xFF, 0xC0, 0x40,
	0xFF, 0x80, 0x00, 0x00, 0x00, 0x00, 0x00, 0x00, 0x00, 0x00, 0x00, 0x00,
	0xFF, 0xC0, 0x40, 0xFF, 0x80, 0x00, 0x00, 0x00, 0x00, 0x00, 0x00, 0x00,
	0x00, 0x00, 0x00, 0xFF, 0xC0, 0x40, 0xFF, 0x80, 0x00, 0x00, 0x00, 0x00,
	0x00, 0x00, 0x00, 0x00, 0x00, 0x00, 0xFF, 0xC0, 0x40, 0xFF, 0x80, 0x00,
	0x00, 0x00, 0x00, 0x00, 0x00, 0x00, 0x00, 0x00, 0x00, 0xFF, 0xC0, 0x40,
	0xFF, 0x80, 0x00, 0x00, 0x00, 0x00, 0x00, 0x00, 0x00, 0x00, 0x00, 0x00,
	0xFF, 0xC0, 0x40, 0xFF, 0x80, 0x00, 0x00, 0x00, 0x00, 0x00, 0x00, 0x00,
	0x00, 0x00, 0x00, 0xFF, 0xC0, 0x40, 0xFF, 0x80, 0x00, 0x00, 0x00, 0x00,
	0x00, 0x00, 0x00, 0x00, 0x00, 0x00, 0xFF, 0xC0, 0x40, 0xFF, 0x80, 0x00,
	0x00, 0x00, 0x00, 0x00, 0x00, 0x00, 0x00, 0x00, 0x00, 0xFF, 0xC0, 0x40,
	0xFF, 0x80, 0x00, 0x00, 0x00, 0x00, 0x00, 0x00, 0x00, 0x00, 0x00, 0x00,
	0xFF, 0xC0, 0x40, 0xFF, 0x80, 0x00, 0x00, 0x00, 0x00, 0x00, 0x00, 0x00,
	0x00, 0x00, 0x00, 0xFF, 0xC0, 0x40, 0xFF, 0x80, 0x00, 0x00, 0x00, 0x00,
	0x00, 0x00, 0x00, 0x00, 0x00, 0x00, 0xFF, 0xC0, 0x40, 0xFF, 0x80, 0x00,
	0x00, 0x00, 0x00, 0x00, 0x00, 0x00, 0x00, 0x00, 0x00, 0xFF, 0xC0, 0x40,
	0xFF, 0x80, 0x00, 0x00, 0x00, 0x00, 0x00, 0x00, 0x00, 0x00, 0x00, 0x00,
	0xFF, 0xC0, 0x40, 0xFF, 0x80, 0x00, 0x00, 0x00, 0x00, 0x00, 0x00, 0x00,
	0x00, 0x00, 0x00, 0xFF, 0xC0, 0x40, 0xFF, 0x80, 0x00, 0x00, 0x00, 0x00,
	0x00, 0x00, 0x00, 0x00, 0x00, 0x00, 0xFF, 0xC0, 0x40, 0xFF, 0x80, 0x00,
	0x00, 0x00, 0x00, 0x00, 0x00, 0x00, 0x00, 0x00, 0x00, 0xFF, 0xC0, 0x40,
	0xFF, 0x80, 0x00, 0x00, 0x00, 0x00, 0x00, 0x00, 0x00, 0x00, 0x00, 0x00,
	0xFF, 0xC0, 0x40, 0xFF, 0x80, 0x00, 0x00, 0x00, 0x00, 0x00, 0x00, 0x00,
	0x00, 0x00, 0x00, 0xFF, 0xC0, 0x40, 0xFF, 0x80, 0x00, 0x00, 0x00, 0x00,
	0x00, 0x00, 0x00, 0x00, 0x00, 0x00, 0xFF, 0xC0, 0x40, 0xFF, 0x80, 0x00,
	0x00, 0x00, 0x00, 0x00, 0x00, 0x00, 0x00, 0x00, 0x00, 0xFF, 0xC0, 0x40,
	0xFF, 0x80, 0x00, 0x00, 0x00, 0x00, 0x00, 0x00, 0x00, 0x00, 0x00, 0x00,
	0xFF, 0xC0, 0x40, 0xFF, 0x80, 0x00, 0x00, 0x00, 0x00, 0x00, 0x00, 0x00,
	0x00, 0x00, 0x00, 0xFF, 0xC0, 0x40, 0xFF, 0xFF, 0xFF, 0xFF, 0xFF, 0xFF,
	0xFF, 0xFF, 0xFF, 0xFF, 0xFF, 0xFF, 0xFF, 0xC0, 0x40, 0xFF, 0xFF, 0xFF,
	0xFF, 0xFF, 0xFF, 0xFF, 0xFF, 0xFF, 0xFF, 0xFF, 0xFF, 0xFF, 0xC0, 0x40,
	0xFF, 0xFF, 0xFF, 0xFF, 0xFF, 0xFF, 0xFF, 0xFF, 0xFF, 0xFF, 0xFF, 0xFF,
	0xFF, 0xC0, 0x40, 0xFF, 0xFF, 0xFF, 0xFF, 0xFF, 0xFF, 0xFF, 0xFF, 0xFF,
	0xFF, 0xFF, 0xFF, 0xFF, 0xC0, 0x40, 0xFF, 0x80, 0x00, 0x00, 0x00, 0x00,
	0x00, 0x00, 0x00, 0x00, 0x00, 0x00, 0xFF, 0xC0, 0x40, 0xFF, 0x80, 0x00,
	0x00, 0x00, 0x00, 0x00, 0x00, 0x00, 0x00, 0x00, 0x00, 0xFF, 0xC0, 0x40,
	0xFF, 0x80, 0x00, 0x00, 0x00, 0x00, 0x00, 0x00, 0x00, 0x00, 0x00, 0x00,
	0xFF, 0xC0, 0x40, 0xFF, 0x80, 0x00, 0x00, 0x00, 0x00, 0x00, 0x00, 0x00,
	0x00, 0x00, 0x00, 0xFF, 0xC0, 0x40, 0xFF, 0x80, 0x00, 0x00, 0x00, 0x00,
	0x00, 0x00, 0x00, 0x00, 0x00, 0x00, 0xFF, 0xC0, 0x40, 0xFF, 0x80, 0x00,
	0x00, 0x00, 0x00, 0x00, 0x00, 0x00, 0x00, 0x00, 0x00, 0xFF, 0xC0, 0x40,
	0xFF, 0x80, 0x00, 0x00, 0x00, 0x00, 0x00, 0x00, 0x00, 0x00, 0x00, 0x00,
	0xFF, 0xC0, 0x40, 0xFF, 0x80, 0x00, 0x00, 0x00, 0x00, 0x00, 0x00, 0x00,
	0x00, 0x00, 0x00, 0xFF, 0xC0, 0x40, 0xFF, 0x80, 0x00, 0x00, 0x00, 0x00,
	0x00, 0x00, 0x00, 0x00, 0x00, 0x00, 0xFF, 0xC0, 0x40, 0xFF, 0x80, 0x00,
	0x00, 0x00, 0x00, 0x00, 0x00, 0x00, 0x00, 0x00, 0x00, 0xFF, 0xC0, 0x40,
	0xFF, 0x80, 0x00, 0x00, 0x00, 0x00, 0x00, 0x00, 0x00, 0x00, 0x00, 0x00,
	0xFF, 0xC0, 0x40, 0xFF, 0x80, 0x00, 0x00, 0x00, 0x00, 0x00, 0x00, 0x00,
	0x00, 0x00, 0x00, 0xFF, 0xC0, 0x40, 0xFF, 0x80, 0x00, 0x00, 0x00, 0x00,
	0x00, 0x00, 0x00, 0x00, 0x00, 0x00, 0xFF, 0xC0, 0x40, 0xFF, 0x80, 0x00,
	0x00, 0x00, 0x00, 0x00, 0x00, 0x00, 0x00, 0x00, 0x00, 0xFF, 0xC0, 0x40,
	0xFF, 0x80, 0x00, 0x00, 0x00, 0x00, 0x00, 0x00, 0x00, 0x00, 0x00, 0x00,
	0xFF, 0xC0, 0x40, 0xFF, 0x80, 0x00, 0x00, 0x00, 0x00, 0x00, 0x00, 0x00,
	0x00, 0x00, 0x00, 0xFF, 0xC0, 0x40, 0xFF, 0x80, 0x00, 0x00, 0x00, 0x00,
	0x00, 0x00, 0x00, 0x00, 0x00, 0x00, 0xFF, 0xC0, 0x40, 0xFF, 0x80, 0x00,
	0x00, 0x00, 0x00, 0x00, 0x00, 0x00, 0x00, 0x00, 0x00, 0xFF, 0xC0, 0x40,
	0xFF, 0x80, 0x00, 0x00, 0x00, 0x00, 0x00, 0x00, 0x00, 0x00, 0x00, 0x00,
	0xFF, 0xC0, 0x40, 0xFF, 0x80, 0x00, 0x00, 0x00, 0x00, 0x00, 0x00, 0x00,
	0x00, 0x00, 0x00, 0xFF, 0xC0, 0x40, 0xFF, 0x80, 0x00, 0x00, 0x00, 0x00,
	0x00, 0x00, 0x00, 0x00, 0x00, 0x00, 0xFF, 0xC0, 0x40, 0xFF, 0x80, 0x00,
	0x00, 0x00, 0x00, 0x00, 0x00, 0x00, 0x00, 0x00, 0x00, 0xFF, 0xC0, 0x40,
	0xFF, 0xFF, 0xFF, 0xFF, 0xFF, 0xFF, 0xFF, 0xFF, 0xFF, 0xFF, 0xFF, 0xFF,
	0xFF, 0xC0, 0x40, 0xFF, 0xFF, 0xFF, 0xFF, 0xFF, 0xFF, 0xFF, 0xFF, 0xFF,
	0xFF, 0xFF, 0xFF, 0xFF, 0xC0, 0x40, 0xFF, 0xFF, 0xFF, 0xFF, 0xFF, 0xFF,
	0xFF, 0xFF, 0xFF, 0xFF, 0xFF, 0xFF, 0xFF, 0xC0, 0x40, 0xFF, 0xFF, 0xFF,
	0xFF, 0xFF, 0xFF, 0xFF, 0xFF, 0xFF, 0xFF, 0xFF, 0xFF, 0xFF, 0xC0, 0x40,
	0xFF, 0x80, 0x00, 0x00, 0x00, 0x00, 0x00, 0x00, 0x00, 0x00, 0x00, 0x00,
	0xFF, 0xC0, 0x40, 0xFF, 0x80, 0x00, 0x00, 0x00, 0x00, 0x00, 0x00, 0x00,
	0x00, 0x00, 0x00, 0xFF, 0xC0, 0x40, 0xFF, 0x80, 0x00, 0x00, 0x00, 0x00,
	0x00, 0x00, 0x00, 0x00, 0x00, 0x00, 0xFF, 0xC0, 0x40, 0xFF, 0x80, 0x00,
	0x00, 0x00, 0x00, 0x00, 0x00, 0x00, 0x00, 0x00, 0x00, 0xFF, 0xC0, 0x40,
	0xFF, 0x80, 0x00, 0x00, 0x00, 0x00, 0x00, 0x00, 0x00, 0x00, 0x00, 0x00,
	0xFF, 0xC0, 0x40, 0xFF, 0x80, 0x00, 0x00, 0x00, 0x00, 0x00, 0x00, 0x00,
	0x00, 0x00, 0x00, 0xFF, 0xC0, 0x40, 0xFF, 0x80, 0x00, 0x00, 0x00, 0x00,
	0x00, 0x00, 0x00, 0x00, 0x00, 0x00, 0xFF, 0xC0, 0x40, 0xFF, 0x80, 0x00,
	0x00, 0x00, 0x00, 0x00, 0x00, 0x00, 0x00, 0x00, 0x00, 0xFF, 0xC0, 0x40,
	0xFF, 0x80, 0x00, 0x00, 0x00, 0x00, 0x00, 0x00, 0x00, 0x00, 0x00, 0x00,
	0xFF, 0xC0, 0x40, 0xFF, 0x80, 0x00, 0x00, 0x00, 0x00, 0x00, 0x00, 0x00,
	0x00, 0x00, 0x00, 0xFF, 0xC0, 0x40, 0xFF, 0x80, 0x00, 0x00, 0x00, 0x00,
	0x00, 0x00, 0x00, 0x00, 0x00, 0x00, 0xFF, 0xC0, 0x40, 0xFF, 0x80, 0x00,
	0x00, 0x00, 0x00, 0x00, 0x00, 0x00, 0x00, 0x00, 0x00, 0xFF, 0xC0, 0x40,
	0xFF, 0x80, 0x00, 0x00, 0x00, 0x00, 0x00, 0x00, 0x00, 0x00, 0x00, 0x00,
	0xFF, 0xC0, 0x40, 0xFF, 0x80, 0x00, 0x00, 0x00, 0x00, 0x00, 0x00, 0x00,
	0x00, 0x00, 0x00, 0xFF, 0xC0, 0x40, 0xFF, 0x80, 0x00, 0x00, 0x00, 0x00,
	0x00, 0x00, 0x00, 0x00, 0x00, 0x00, 0xFF, 0xC0, 0x40, 0xFF, 0x80, 0x00,
	0x00, 0x00, 0x00, 0x00, 0x00, 0x00, 0x00, 0x00, 0x00, 0xFF, 0xC0, 0x40,
	0xFF, 0x80, 0x00, 0x00, 0x00, 0x00, 0x00, 0x00, 0x00, 0x00, 0x00, 0x00,
	0xFF, 0xC0, 0x40, 0xFF, 0x80, 0x00, 0x00, 0x00, 0x00, 0x00, 0x00, 0x00,
	0x00, 0x00, 0x00, 0xFF, 0xC0, 0x40, 0xFF, 0x80, 0x00, 0x00, 0x00, 0x00,
	0x00, 0x00, 0x00, 0x00, 0x00, 0x00, 0xFF, 0xC0, 0x40, 0xFF, 0x80, 0x00,
	0x00, 0x00, 0x00, 0x00, 0x00, 0x00, 0x00, 0x00, 0x00, 0xFF, 0xC0, 0x40,
	0xFF, 0x80, 0x00, 0x00, 0x00, 0x00, 0x00, 0x00, 0x00, 0x00, 0x00, 0x00,
	0xFF, 0xC0, 0x40, 0xFF, 0x80, 0x00, 0x00, 0x00, 0x00, 0x00, 0x00, 0x00,
	0x00, 0x00, 0x00, 0xFF, 0xC0, 0x40, 0xFF, 0xFF, 0xFF, 0xFF, 0xFF, 0xFF,
	0xFF, 0xFF, 0xFF, 0xFF, 0xFF, 0xFF, 0xFF, 0xC0, 0x40, 0xFF, 0xFF, 0xFF,
	0xFF, 0xFF, 0xFF, 0xFF, 0xFF, 0xFF, 0xFF, 0xFF, 0xFF, 0xFF, 0xC0, 0x40,
	0xFF, 0xFF, 0xFF, 0xFF, 0xFF, 0xFF, 0xFF, 0xFF, 0xFF, 0xFF, 0xFF, 0xFF,
	0xFF, 0xC0, 0x40, 0xFF, 0xFF, 0xFF, 0xFF, 0xFF, 0xFF, 0xFF, 0xFF, 0xFF,
	0xFF, 0xFF, 0xFF, 0xFF, 0xC0, 0x40, 0xFF, 0x80, 0x00, 0x00, 0x00, 0x00,
	0x00, 0x00, 0x00, 0x00, 0x00, 0x00, 0xFF, 0xC0, 0x40, 0xFF, 0x80, 0x00,
	0x00, 0x00, 0x00, 0x00, 0x00, 0x00, 0x00, 0x00, 0x00, 0xFF, 0xC0, 0x40,
	0xFF, 0x80, 0x00, 0x00, 0x00, 0x00, 0x00, 0x00, 0x00, 0x00, 0x00, 0x00,
	0xFF, 0xC0, 0x40, 0xFF, 0x80, 0x00, 0x00, 0x00, 0x00, 0x00, 0x00, 0x00,
	0x00, 0x00, 0x00, 0xFF, 0xC0, 0x40, 0xFF, 0x80, 0x00, 0x00, 0x00, 0x00,
	0x00, 0x00, 0x00, 0x00, 0x00, 0x00, 0xFF, 0xC0, 0x40, 0xFF, 0x80, 0x00,
	0x00, 0x00, 0x00, 0x00, 0x00, 0x00, 0x00, 0x00, 0x00, 0xFF, 0xC0, 0x40,
	0xFF, 0x80, 0x00, 0x00, 0x00, 0x00, 0x00, 0x00, 0x00, 0x00, 0x00, 0x00,
	0xFF, 0xC0, 0x40, 0xFF, 0x80, 0x00, 0x00, 0x00, 0x00, 0x00, 0x00, 0x00,
	0x00, 0x00, 0x00, 0xFF, 0xC0, 0x40, 0xFF, 0x80, 0x00, 0x00, 0x00, 0x00,
	0x00, 0x00, 0x00, 0x00, 0x00, 0x00, 0xFF, 0xC0, 0x40, 0xFF, 0x80, 0x00,
	0x00, 0x00, 0x00, 0x00, 0x00, 0x00, 0x00, 0x00, 0x00, 0xFF, 0xC0, 0x40,
	0xFF, 0x80, 0x00, 0x00, 0x00, 0x00, 0x00, 0x00, 0x00, 0x00, 0x00, 0x00,
	0xFF, 0xC0, 0x40, 0xFF, 0x80, 0x00, 0x00, 0x00, 0x00, 0x00, 0x00, 0x00,
	0x00, 0x00, 0x00, 0xFF, 0xC0, 0x40, 0xFF, 0x80, 0x00, 0x00, 0x00, 0x00,
	0x00, 0x00, 0x00, 0x00, 0x00, 0x00, 0xFF, 0xC0, 0x40, 0xFF, 0x80, 0x00,
	0x00, 0x00, 0x00, 0x00, 0x00, 0x00, 0x00, 0x00, 0x00, 0xFF, 0xC0, 0x40,
	0xFF, 0x80, 0x00, 0x00, 0x00, 0x00, 0x00, 0x00, 0x00, 0x00, 0x00, 0x00,
	0xFF, 0xC0, 0x40, 0xFF, 0x80, 0x00, 0x00, 0x00, 0x00, 0x00, 0x00, 0x00,
	0x00, 0x00, 0x00, 0xFF, 0xC0, 0x40, 0xFF, 0x80, 0x00, 0x00, 0x00, 0x00,
	0x00, 0x00, 0x00, 0x00, 0x00, 0x00, 0xFF, 0xC0, 0x40, 0xFF, 0x80, 0x00,
	0x00, 0x00, 0x00, 0x00, 0x00, 0x00, 0x00, 0x00, 0x00, 0xFF, 0xC0, 0x40,
	0xFF, 0x80, 0x00, 0x00, 0x00, 0x00, 0x00, 0x00, 0x00, 0x00, 0x00, 0x00,
	0xFF, 0xC0, 0x40, 0xFF, 0x80, 0x00, 0x00, 0x00, 0x00, 0x00, 0x00, 0x00,
	0x00, 0x00, 0x00, 0xFF, 0xC0, 0x40, 0xFF, 0x80, 0x00, 0x00, 0x00, 0x00,
	0x00, 0x00, 0x00, 0x00, 0x00, 0x00, 0xFF, 0xC0, 0x40, 0xFF, 0x80, 0x00,
	0x00, 0x00, 0x00, 0x00, 0x00, 0x00, 0x00, 0x00, 0x00, 0xFF, 0xC0, 0x40,
	0xFF, 0xFF, 0xFF, 0xFF, 0xFF, 0xFF, 0xFF, 0xFF, 0xFF, 0xFF, 0xFF, 0xFF,
	0xFF, 0xC0, 0x40, 0xFF, 0xFF, 0xFF, 0xFF, 0xFF, 0xFF, 0xFF, 0xFF, 0xFF,
	0xFF, 0xFF, 0xFF, 0xFF, 0xC0, 0x00, 0x28, 0xB8, 0xF3, 0xE0, 0x76, 0x00,
	0x01, 0xE0, 0xFF, 0xFF, 0xFF, 0xFF, 0x61, 0x1A, 0xFF, 0xFF, 0xFF, 0xFF,
	0xFF, 0x9A, 0x01, 0xE0, 0xFF, 0xFF, 0xFF, 0xFF, 0x61, 0x00, 0x29, 0xB9,
	0xF4, 0xE1, 0x76, 0x00, 0x00, 0x00, 0x00, 0x00, 0x00, 0x00, 0x00, 0x00,
	0x00, 0x00, 0x00, 0x00, 0x00, 0x00, 0x00, 0x00, 0x00, 0x00, 0x00, 0x00,
	0x00, 0x00, 0x21, 0xFF, 0xFF, 0xFF, 0x90, 0x00, 0x00, 0x41, 0xFF, 0xFF,
	0xFF, 0xB3, 0x00, 0x00, 0x61, 0xFF, 0xFF, 0xFF, 0xD5, 0x00, 0x00, 0x7F,
	0xFF, 0xFF, 0xFF, 0xF5, 0x00, 0x00, 0x97, 0xFF, 0xFF, 0xFF, 0xFF, 0x0F,
	0x00, 0xA9, 0xFF, 0xFF, 0xFF, 0xFF, 0x24, 0x00, 0xB5, 0xFF, 0xFF, 0xFF,
	0xFF, 0x32, 0x00, 0xBB, 0xFF, 0xFF, 0xFF, 0xFF, 0x39, 0x00, 0xBC, 0xFF,
	0xFF, 0xFF, 0xFF, 0x3B, 0x00, 0xBC, 0xFF, 0xFF, 0xFF, 0xFF, 0x3C, 0x00,
	0xBC, 0xFF, 0xFF, 0xFF, 0xFF, 0x3C, 0x00, 0xBC, 0xFF, 0xFF, 0xFF, 0xFF,
	0x3C, 0x00, 0xBC, 0xFF, 0xFF, 0xFF, 0xFF, 0x3C, 0x00, 0xBC, 0xFF, 0xFF,
	0xFF, 0xFF, 0x3C, 0x00, 0x00, 0x00, 0x00, 0x00, 0x00, 0x00, 0xEC, 0xFF,
	0xFF, 0xFF, 0x6C, 0x00, 0x00, 0x00, 0x00, 0x00, 0x00, 0x00, 0x00, 0x00,
	0x00, 0xEC, 0xFF, 0xFF, 0xFF, 0x6C, 0x00, 0x00, 0x00, 0x00, 0x00, 0x00,
	0x00, 0x00, 0x00, 0x00, 0xEC, 0xFF, 0xFF, 0xFF, 0x6C, 0x00, 0x00, 0x00,
	0x00, 0x00, 0x00, 0x00, 0x00, 0x00, 0x00, 0xEC, 0xFF, 0xFF, 0xFF, 0x7C,
	0x01, 0x00, 0x00, 0x00, 0x00, 0x00, 0x00, 0x13, 0x7F, 0xD2, 0xFF, 0xFF,
	0xFF, 0xFF, 0xFF, 0xF2, 0xAB, 0x38, 0x00, 0x00, 0x00, 0x5B, 0xF2, 0xFF,
	0xFF, 0xFF, 0xFF, 0xFF, 0xFF, 0xFF, 0xFF, 0xFF, 0x7B, 0x00, 0x00, 0x64,
	0xFF, 0xFF, 0xFF, 0xFF, 0xFF, 0xFF, 0xFF, 0xFF, 0xFF, 0xFF, 0xFF, 0x44,
	0x00, 0x22, 0xF9, 0xFF, 0xFF, 0xFF, 0xFF, 0xFF, 0xFF, 0xFF, 0xFF, 0xFF,
	0xFF, 0xFE, 0x0F, 0x00, 0x9E, 0xFF, 0xFF, 0xFF, 0xFF, 0xD5, 0x5F, 0x23,
	0x0A, 0x06, 0x22, 0x70, 0xB7, 0x00, 0x06, 0xF3, 0xFF, 0xFF, 0xFF, 0xD2,
	0x0A, 0x00, 0x00, 0x00, 0x00, 0x00, 0x00, 0x00, 0x00, 0x34, 0xFF, 0xFF,
	0xFF, 0xFF, 0x56, 0x00, 0x00, 0x00, 0x00, 0x00, 0x00, 0x00, 0x00, 0x00,
	0x55, 0xFF, 0xFF, 0xFF, 0xFF, 0x18, 0x00, 0x00, 0x00, 0x00, 0x00, 0x00,
	0x00, 0x00, 0x00, 0x60, 0xFF, 0xFF, 0xFF, 0xFF, 0x08, 0x00, 0x00, 0x00,
	0x00, 0x00, 0x00, 0x00, 0x00, 0x00, 0x54, 0xFF, 0xFF, 0xFF, 0xFF, 0x1B,
	0x00, 0x00, 0x00, 0x00, 0x00, 0x00, 0x00, 0x00, 0x00, 0x34, 0xFF, 0xFF,
	0xFF, 0xFF, 0x5F, 0x00, 0x00, 0x00, 0x00, 0x00, 0x00, 0x00, 0x00, 0x00,
	0x07, 0xF5, 0xFF, 0xFF, 0xFF, 0xDF, 0x14, 0x00, 0x00, 0x00, 0x00, 0x00,
	0x00, 0x00, 0x00, 0x00, 0xA2, 0xFF, 0xFF, 0xFF, 0xFF, 0xE3, 0x6E, 0x2A,
	0x0A, 0x04, 0x14, 0x2C, 0x61, 0x32, 0x00, 0x27, 0xFA, 0xFF, 0xFF, 0xFF,
	0xFF, 0xFF, 0xFF, 0xFF, 0xFF, 0xFF, 0xFF, 0xFF, 0x7C, 0x00, 0x00, 0x68,
	0xFF, 0xFF, 0xFF, 0xFF, 0xFF, 0xFF, 0xFF, 0xFF, 0xFF, 0xFF, 0xFF, 0xA2,
	0x00, 0x00, 0x00, 0x5E, 0xF5, 0xFF, 0xFF, 0xFF, 0xFF, 0xFF, 0xFF, 0xFF,
	0xFF, 0xFF, 0xC9, 0x00, 0x00, 0x00, 0x00, 0x17, 0x86, 0xD7, 0xFF, 0xFF,
	0xFF, 0xFF, 0xFF, 0xFE, 0xDA, 0x80, 0x00, 0x00, 0x00, 0x00, 0x00, 0x00,
	0x00, 0xEC, 0xFF, 0xFF, 0xFF, 0x7F, 0x08, 0x00, 0x00, 0x00, 0x00, 0x00,
	0x00, 0x00, 0x00, 0x00, 0xEC, 0xFF, 0xFF, 0xFF, 0x6C, 0x00, 0x00, 0x00,
	0x00, 0x00, 0x00, 0x00, 0x00, 0x00, 0x00, 0xEC, 0xFF, 0xFF, 0xFF, 0x6C,
	0x00, 0x00, 0x00, 0x00, 0x00, 0x00, 0x00, 0x00, 0x00, 0x00, 0xEC, 0xFF,
	0xFF, 0xFF, 0x6C, 0x00, 0x00, 0x00, 0x00, 0x00, 0x00, 0x00, 0x00, 0x00,
	0x00, 0xEC, 0xFF, 0xFF, 0xFF, 0x6C, 0x00, 0x00, 0x00, 0x00, 0x00, 0x00,
	0x00, 0x00, 0x01, 0x50, 0xAC, 0xDF, 0xF5, 0xF9, 0xE3, 0xAE, 0x54, 0x07,
	0x00, 0x00, 0x00, 0x00, 0x0A, 0xB2, 0xFF, 0xFF, 0xFF, 0xFF, 0xFF, 0xFF,
	0xFF, 0xFF, 0x79, 0x00, 0x00, 0x00, 0x00, 0x9B, 0xFF, 0xFF, 0xFF, 0xFF,
	0xFF, 0xFF, 0xFF, 0xFF, 0xFF, 0x30, 0x00, 0x00, 0x00, 0x26, 0xFE, 0xFF,
	0xFF, 0xFF, 0xFF, 0xFF, 0xFF, 0xFF, 0xFF, 0xE4, 0x00, 0x00, 0x00, 0x00,
	0x84, 0xFF, 0xFF, 0xFF, 0xFD, 0x78, 0x1F, 0x07, 0x1F, 0x71, 0x88, 0x00,
	0x00, 0x00, 0x00, 0xBC, 0xFF, 0xFF, 0xFF, 0x97, 0x00, 0x00, 0x00, 0x00,
	0x00, 0x00, 0x00, 0x00, 0x00, 0x00, 0xDF, 0xFF, 0xFF, 0xFF, 0x49, 0x00,
	0x00, 0x00, 0x00, 0x00, 0x00, 0x00, 0x00, 0x00, 0x00, 0xEE, 0xFF, 0xFF,
	0xFF, 0x32, 0x00, 0x00, 0x00, 0x00, 0x00, 0x00, 0x00, 0x00, 0x00, 0x00,
	0xF7, 0xFF, 0xFF, 0xFF, 0x30, 0x00, 0x00, 0x00, 0x00, 0x00, 0x00, 0x00,
	0x00, 0x00, 0x00, 0xF8, 0xFF, 0xFF, 0xFF, 0x30, 0x00, 0x00, 0x00, 0x00,
	0x00, 0x00, 0x00, 0xAC, 0xFF, 0xFF, 0xFF, 0xFF, 0xFF, 0xFF, 0xFF, 0xFF,
	0xFF, 0xFF, 0xFF, 0x60, 0x00, 0x00, 0xAC, 0xFF, 0xFF, 0xFF, 0xFF, 0xFF,
	0xFF, 0xFF, 0xFF, 0xFF, 0xFF, 0xFF, 0x60, 0x00, 0x00, 0xAC, 0xFF, 0xFF,
	0xFF, 0xFF, 0xFF, 0xFF, 0xFF, 0xFF, 0xFF, 0xFF, 0xFF, 0x60, 0x00, 0x00,
	0xAC, 0xFF, 0xFF, 0xFF, 0xFF, 0xFF, 0xFF, 0xFF, 0xFF, 0xFF, 0xFF, 0xFF,
	0x60, 0x00, 0x00, 0x00, 0x00, 0x01, 0xFD, 0xFF, 0xFF, 0xFF, 0x2B, 0x00,
	0x00, 0x00, 0x00, 0x00, 0x00, 0x00, 0x00, 0x00, 0x0D, 0xFF, 0xFF, 0xFF,
	0xFF, 0x1C, 0x00, 0x00, 0x00, 0x00, 0x00, 0x00, 0x00, 0x00, 0x00, 0x20,
	0xFF, 0xFF, 0xFF, 0xFC, 0x04, 0x00, 0x00, 0x00, 0x00, 0x00, 0x00, 0x00,
	0x00, 0x00, 0x35, 0xFF, 0xFF, 0xFF, 0xDB, 0x00, 0x00, 0x00, 0x00, 0x00,
	0x00, 0x00, 0x00, 0x00, 0x00, 0x54, 0xFF, 0xFF, 0xFF, 0xFF, 0xFF, 0xFF,
	0xFF, 0xFF, 0xFF, 0xFF, 0xFF, 0xEC, 0x00, 0x00, 0x75, 0xFF, 0xFF, 0xFF,
	0xFF, 0xFF, 0xFF, 0xFF, 0xFF, 0xFF, 0xFF, 0xFF, 0xEC, 0x00, 0x00, 0xA5,
	0xFF, 0xFF, 0xFF, 0xFF, 0xFF, 0xFF, 0xFF, 0xFF, 0xFF, 0xFF, 0xFF, 0xEC,
	0x00, 0x00, 0xDA, 0xFF, 0xFF, 0xFF, 0xFF, 0xFF, 0xFF, 0xFF, 0xFF, 0xFF,
	0xFF, 0xFF, 0xEC, 0x00, 0x00, 0x10, 0xB8, 0x29, 0x00, 0x00, 0x00, 0x00,
	0x00, 0x00, 0x00, 0x00, 0x7C, 0x77, 0x00, 0x00, 0x00, 0x10, 0xCB, 0xFF,
	0xE2, 0x1C, 0x00, 0x00, 0x00, 0x00, 0x00, 0x00, 0x63, 0xFF, 0xFF, 0x77,
	0x00, 0x0F, 0xCB, 0xFF, 0xFF, 0xFF, 0xD4, 0x9B, 0xDE, 0xF7, 0xEE, 0xC8,
	0x91, 0xFC, 0xFF, 0xFF, 0xFF, 0x75, 0x07, 0xB4, 0xFF, 0xFF, 0xFF, 0xFF,
	0xFF, 0xFF, 0xFF, 0xFF, 0xFF, 0xFF, 0xFF, 0xFF, 0xFF, 0xF9, 0x4C, 0x00,
	0x06, 0xB3, 0xFF, 0xFF, 0xFF, 0xFF, 0xFF, 0xFF, 0xFF, 0xFF, 0xFF, 0xFF,
	0xFF, 0xF8, 0x4A, 0x00, 0x00, 0x00, 0x35, 0xFF, 0xFF, 0xFF, 0xFF, 0xFF,
	0xFF, 0xFF, 0xFF, 0xFF, 0xFF, 0xFF, 0xC6, 0x00, 0x00, 0x00, 0x00, 0x87,
	0xFF, 0xFF, 0xFF, 0xE3, 0x48, 0x0B, 0x1A, 0x86, 0xFF, 0xFF, 0xFF, 0xFF,
	0x1A, 0x00, 0x00, 0x00, 0xAA, 0xFF, 0xFF, 0xFF, 0x59, 0x00, 0x00, 0x00,
	0x00, 0xC5, 0xFF, 0xFF, 0xFF, 0x3D, 0x00, 0x00, 0x00, 0xAB, 0xFF, 0xFF,
	0xFF, 0x59, 0x00, 0x00, 0x00, 0x00, 0xC6, 0xFF, 0xFF, 0xFF, 0x3C, 0x00,
	0x00, 0x00, 0x89, 0xFF, 0xFF, 0xFF, 0xE3, 0x47, 0x0A, 0x19, 0x86, 0xFF,
	0xFF, 0xFF, 0xFE, 0x19, 0x00, 0x00, 0x00, 0x36, 0xFF, 0xFF, 0xFF, 0xFF,
	0xFF, 0xFF, 0xFF, 0xFF, 0xFF, 0xFF, 0xFF, 0xC4, 0x00, 0x00, 0x00, 0x04,
	0xAC, 0xFF, 0xFF, 0xFF, 0xFF, 0xFF, 0xFF, 0xFF, 0xFF, 0xFF, 0xFF, 0xFF,
	0xF9, 0x50, 0x00, 0x05, 0xAD, 0xFF, 0xFF, 0xFF, 0xFF, 0xFF, 0xFF, 0xFF,
	0xFF, 0xFF, 0xFF, 0xFF, 0xFF, 0xFF, 0xFA, 0x52, 0x11, 0xD1, 0xFF, 0xFF,
	0xFF, 0xD0, 0x9F, 0xE2, 0xF9, 0xF1, 0xCA, 0x94, 0xFD, 0xFF, 0xFF, 0xFF,
	0x6F, 0x00, 0x13, 0xD1, 0xFF, 0xDE, 0x18, 0x00, 0x00, 0x00, 0x00, 0x00,
	0x00, 0x6B, 0xFF, 0xFF, 0x70, 0x00, 0x00, 0x00, 0x13, 0xBB, 0x25, 0x00,
	0x00, 0x00, 0x00, 0x00, 0x00, 0x00, 0x00, 0x83, 0x70, 0x00, 0x00, 0x59,
	0xFF, 0xFF, 0xFF, 0xFF, 0x41, 0x00, 0x00, 0x00, 0x00, 0x00, 0x00, 0x86,
	0xFF, 0xFF, 0xFF, 0xDE, 0x01, 0x06, 0xEB, 0xFF, 0xFF, 0xFF, 0x9C, 0x00,
	0x00, 0x00, 0x00, 0x00, 0x00, 0xD8, 0xFF, 0xFF, 0xFF, 0x7A, 0x00, 0x00,
	0x86, 0xFF, 0xFF, 0xFF, 0xF0, 0x07, 0x00, 0x00, 0x00, 0x00, 0x2F, 0xFF,
	0xFF, 0xFF, 0xF9, 0x17, 0x00, 0x00, 0x15, 0xF5, 0xFF, 0xFF, 0xFF, 0x53,
	0x00, 0x00, 0x00, 0x00, 0x90, 0xFF, 0xFF, 0xFF, 0x9F, 0x00, 0x00, 0x00,
	0x00, 0x8D, 0xFF, 0xFF, 0xFF, 0xB0, 0x00, 0x00, 0x00, 0x07, 0xEB, 0xFF,
	0xFF, 0xFF, 0x2F, 0x00, 0x00, 0x00, 0x00, 0x16, 0xF4, 0xFF, 0xFF, 0xFC,
	0x1D, 0x00, 0x00, 0x5E, 0xFF, 0xFF, 0xFF, 0xB5, 0x00, 0x00, 0x00, 0x00,
	0x00, 0x00, 0x85, 0xFF, 0xFF, 0xFF, 0x84, 0x00, 0x00, 0xCB, 0xFF, 0xFF,
	0xFF, 0x38, 0x00, 0x00, 0x00, 0x00, 0x00, 0x00, 0x10, 0xEE, 0xFF, 0xFF,
	0xEC, 0x0B, 0x40, 0xFF, 0xFF, 0xFF, 0xBA, 0x00, 0x00, 0x00, 0x00, 0x00,
	0x00, 0x00, 0x00, 0x72, 0xFF, 0xFF, 0xFF, 0x71, 0xBA, 0xFF, 0xFF, 0xFE,
	0x33, 0x00, 0x00, 0x00, 0x00, 0x00, 0x00, 0x00, 0x00, 0x06, 0xDD, 0xFF,
	0xFF, 0xEF, 0xFF, 0xFF, 0xFF, 0xA8, 0x00, 0x00, 0x00, 0x00, 0x00, 0x00,
	0x24, 0xFF, 0xFF, 0xFF, 0xFF, 0xFF, 0xFF, 0xFF, 0xFF, 0xFF, 0xFF, 0xFF,
	0xFF, 0xFF, 0xB0, 0x00, 0x00, 0x00, 0x24, 0xFF, 0xFF, 0xFF, 0xFF, 0xFF,
	0xFF, 0xFF, 0xFF, 0xFF, 0xFF, 0xFF, 0xFF, 0xFF, 0xB0, 0x00, 0x00, 0x00,
	0x24, 0xFF, 0xFF, 0xFF, 0xFF, 0xFF, 0xFF, 0xFF, 0xFF, 0xFF, 0xFF, 0xFF,
	0xFF, 0xFF, 0xB0, 0x00, 0x00, 0x00, 0x00, 0x00, 0x00, 0x00, 0x00, 0x64,
	0xFF, 0xFF, 0xFF, 0xF4, 0x00, 0x00, 0x00, 0x00, 0x00, 0x00, 0x00, 0x00,
	0x00, 0x00, 0x00, 0x00, 0x00, 0x64, 0xFF, 0xFF, 0xFF, 0xF4, 0x00, 0x00,
	0x00, 0x00, 0x00, 0x00, 0x00, 0x00, 0x24, 0xFF, 0xFF, 0xFF, 0xFF, 0xFF,
	0xFF, 0xFF, 0xFF, 0xFF, 0xFF, 0xFF, 0xFF, 0xFF, 0xB0, 0x00, 0x00, 0x00,
	0x24, 0xFF, 0xFF, 0xFF, 0xFF, 0xFF, 0xFF, 0xFF, 0xFF, 0xFF, 0xFF, 0xFF,
	0xFF, 0xFF, 0xB0, 0x00, 0x00, 0x00, 0x24, 0xFF, 0xFF, 0xFF, 0xFF, 0xFF,
	0xFF, 0xFF, 0xFF, 0xFF, 0xFF, 0xFF, 0xFF, 0xFF, 0xB0, 0x00, 0x00, 0x00,
	0x00, 0x00, 0x00, 0x00, 0x00, 0x64, 0xFF, 0xFF, 0xFF, 0xF4, 0x00, 0x00,
	0x00, 0x00, 0x00, 0x00, 0x00, 0x00, 0x00, 0x00, 0x00, 0x00, 0x00, 0x64,
	0xFF, 0xFF, 0xFF, 0xF4, 0x00, 0x00, 0x00, 0x00, 0x00, 0x00, 0x00, 0x00,
	0x00, 0x00, 0x00, 0x00, 0x00, 0x64, 0xFF, 0xFF, 0xFF, 0xF4, 0x00, 0x00,
	0x00, 0x00, 0x00, 0x00, 0x00, 0x00, 0x00, 0x00, 0x00, 0x00, 0x00, 0x64,
	0xFF, 0xFF, 0xFF, 0xF4, 0x00, 0x00, 0x00, 0x00, 0x00, 0x00, 0x00, 0x64,
	0xFF, 0xFF, 0xFF, 0xF4, 0x64, 0xFF, 0xFF, 0xFF, 0xF4, 0x64, 0xFF, 0xFF,
	0xFF, 0xF4, 0x64, 0xFF, 0xFF, 0xFF, 0xF4, 0x64, 0xFF, 0xFF, 0xFF, 0xF4,
	0x64, 0xFF, 0xFF, 0xFF, 0xF4, 0x64, 0xFF, 0xFF, 0xFF, 0xF4, 0x64, 0xFF,
	0xFF, 0xFF, 0xF4, 0x64, 0xFF, 0xFF, 0xFF, 0xF4, 0x64, 0xFF, 0xFF, 0xFF,
	0xF4, 0x64, 0xFF, 0xFF, 0xFF, 0xF4, 0x64, 0xFF, 0xFF, 0xFF, 0xF4, 0x00,
	0x00, 0x00, 0x00, 0x00, 0x00, 0x00, 0x00, 0x00, 0x00, 0x00, 0x00, 0x00,
	0x00, 0x00, 0x00, 0x00, 0x00, 0x00, 0x00, 0x00, 0x00, 0x00, 0x00, 0x00,
	0x00, 0x00, 0x00, 0x00, 0x00, 0x64, 0xFF, 0xFF, 0xFF, 0xF4, 0x64, 0xFF,
	0xFF, 0xFF, 0xF4, 0x64, 0xFF, 0xFF, 0xFF, 0xF4, 0x64, 0xFF, 0xFF, 0xFF,
	0xF4, 0x64, 0xFF, 0xFF, 0xFF, 0xF4, 0x64, 0xFF, 0xFF, 0xFF, 0xF4, 0x64,
	0xFF, 0xFF, 0xFF, 0xF4, 0x64, 0xFF, 0xFF, 0xFF, 0xF4, 0x64, 0xFF, 0xFF,
	0xFF, 0xF4, 0x64, 0xFF, 0xFF, 0xFF, 0xF4, 0x64, 0xFF, 0xFF, 0xFF, 0xF4,
	0x64, 0xFF, 0xFF, 0xFF, 0xF4, 0x00, 0x00, 0x00, 0x00, 0x2E, 0x90, 0xCC,
	0xEF, 0xFB, 0xF2, 0xD6, 0xA5, 0x62, 0x14, 0x00, 0x00, 0x00, 0x00, 0x85,
	0xFD, 0xFF, 0xFF, 0xFF, 0xFF, 0xFF, 0xFF, 0xFF, 0xFF, 0xF9, 0x2D, 0x00,
	0x00, 0x69, 0xFF, 0xFF, 0xFF, 0xFF, 0xFF, 0xFF, 0xFF, 0xFF, 0xFF, 0xFF,
	0xED, 0x04, 0x00, 0x00, 0xDD, 0xFF, 0xFF, 0xFF, 0xFF, 0xFF, 0xFF, 0xFF,
	0xFF, 0xFF, 0xFF, 0xA2, 0x00, 0x00, 0x0C, 0xFF, 0xFF, 0xFF, 0xFF, 0xC4,
	0x1E, 0x03, 0x0C, 0x2D, 0x6D, 0xC5, 0x52, 0x00, 0x00, 0x08, 0xFD, 0xFF,
	0xFF, 0xFF, 0x89, 0x00, 0x00, 0x00, 0x00, 0x00, 0x00, 0x00, 0x00, 0x00,
	0x00, 0xB2, 0xFF, 0xFF, 0xFF, 0xF6, 0x7F, 0x23, 0x00, 0x00, 0x00, 0x00,
	0x00, 0x00, 0x00, 0x00, 0x1C, 0xE3, 0xFF, 0xFF, 0xFF, 0xFF, 0xFF, 0xD0,
	0x76, 0x12, 0x00, 0x00, 0x00, 0x00, 0x00, 0x40, 0xF7, 0xFF, 0xFF, 0xFF,
	0xFF, 0xFF, 0xFF, 0xFF, 0xF0, 0x6A, 0x00, 0x00, 0x00, 0x1B, 0xEF, 0xFF,
	0xFF, 0xFF, 0xFF, 0xFF, 0xFF, 0xFF, 0xFF, 0xFF, 0xFF, 0x8E, 0x00, 0x00,
	0x9F, 0xFF, 0xFF, 0xFF, 0xA4, 0x1F, 0x6B, 0xC3, 0xFF, 0xFF, 0xFF, 0xFF,
	0xFF, 0x3F, 0x00, 0xF1, 0xFF, 0xFF, 0xE1, 0x04, 0x00, 0x00, 0x00, 0x2B,
	0xC4, 0xFF, 0xFF, 0xFF, 0x98, 0x0D, 0xFF, 0xFF, 0xFF, 0xD1, 0x00, 0x00,
	0x00, 0x00, 0x00, 0x2F, 0xFF, 0xFF, 0xFF, 0xB0, 0x00, 0xF2, 0xFF, 0xFF,
	0xFF, 0x77, 0x06, 0x00, 0x00, 0x00, 0x41, 0xFF, 0xFF, 0xFF, 0x93, 0x00,
	0x98, 0xFF, 0xFF, 0xFF, 0xFF, 0xE8, 0x91, 0x45, 0x22, 0xD8, 0xFF, 0xFF,
	0xFE, 0x37, 0x00, 0x0F, 0xD0, 0xFF, 0xFF, 0xFF, 0xFF, 0xFF, 0xFF, 0xFF,
	0xFF, 0xFF, 0xFF, 0x8B, 0x00, 0x00, 0x00, 0x0C, 0x88, 0xF9, 0xFF, 0xFF,
	0xFF, 0xFF, 0xFF, 0xFF, 0xFF, 0xC4, 0x01, 0x00, 0x00, 0x00, 0x00, 0x00,
	0x1F, 0x81, 0xDF, 0xFF, 0xFF, 0xFF, 0xFF, 0xFF, 0xFE, 0x5A, 0x00, 0x00,
	0x00, 0x00, 0x00, 0x00, 0x00, 0x01, 0x37, 0x94, 0xF9, 0xFF, 0xFF, 0xFF,
	0xED, 0x07, 0x00, 0x00, 0x00, 0x00, 0x00, 0x00, 0x00, 0x00, 0x00, 0x6B,
	0xFF, 0xFF, 0xFF, 0xFF, 0x34, 0x00, 0x49, 0xCB, 0x7D, 0x40, 0x1A, 0x08,
	0x05, 0x29, 0xBB, 0xFF, 0xFF, 0xFF, 0xFF, 0x39, 0x00, 0x9D, 0xFF, 0xFF,
	0xFF, 0xFF, 0xFF, 0xFF, 0xFF, 0xFF, 0xFF, 0xFF, 0xFF, 0xFD, 0x14, 0x04,
	0xEC, 0xFF, 0xFF, 0xFF, 0xFF, 0xFF, 0xFF, 0xFF, 0xFF, 0xFF, 0xFF, 0xFF,
	0xAC, 0x00, 0x1F, 0xE0, 0xFF, 0xFF, 0xFF, 0xFF, 0xFF, 0xFF, 0xFF, 0xFF,
	0xFF, 0xFF, 0xC5, 0x13, 0x00, 0x00, 0x03, 0x43, 0x8C, 0xBE, 0xE4, 0xF3,
	0xFC, 0xF5, 0xDB, 0xA9, 0x53, 0x01, 0x00, 0x00, 0x00, 0x34, 0xCF, 0xF2,
	0xA3, 0x09, 0x00, 0x00, 0x39, 0xD2, 0xF1, 0xA1, 0x08, 0x00, 0xDD, 0xFF,
	0xFF, 0xFF, 0x80, 0x00, 0x01, 0xE4, 0xFF, 0xFF, 0xFF, 0x79, 0x0D, 0xFF,
	0xFF, 0xFF, 0xFF, 0xB0, 0x00, 0x15, 0xFF, 0xFF, 0xFF, 0xFF, 0xA8, 0x00,
	0xE0, 0xFF, 0xFF, 0xFF, 0x83, 0x00, 0x01, 0xE7, 0xFF, 0xFF, 0xFF, 0x7C,
	0x00, 0x38, 0xD1, 0xF3, 0xA8, 0x0B, 0x00, 0x00, 0x3D, 0xD4, 0xF3, 0xA6,
	0x09, 0x00, 0x00, 0x00, 0x00, 0x04, 0x5A, 0xAD, 0xE3, 0xF8, 0xF0, 0xCE,
	0x8C, 0x26, 0x00, 0x00, 0x00, 0x00, 0x00, 0x00, 0x00, 0x31, 0xD8, 0xFF,
	0xFF, 0xFF, 0xFF, 0xFF, 0xFF, 0xFF, 0xFE, 0x91, 0x06, 0x00, 0x00, 0x00,
	0x00, 0x33, 0xF4, 0xFF, 0xF4, 0x87, 0x2D, 0x07, 0x14, 0x52, 0xC5, 0xFF,
	0xFF, 0xB1, 0x03, 0x00, 0x00, 0x08, 0xDF, 0xFF, 0xE4, 0x2A, 0x00, 0x00,
	0x00, 0x00, 0x00, 0x01, 0x8B, 0xFF, 0xFF, 0x74, 0x00, 0x00, 0x70, 0xFF,
	0xFE, 0x38, 0x00, 0x2D, 0xBB, 0xF3, 0xF5, 0xCE, 0x2B, 0x00, 0xB5, 0xFF,
	0xEF, 0x0B, 0x00, 0xC6, 0xFF, 0xB0, 0x00, 0x33, 0xF7, 0xFF, 0xFF, 0xFF,
	0xEF, 0x08, 0x00, 0x31, 0xFF, 0xFF, 0x53, 0x02, 0xFB, 0xFF, 0x63, 0x00,
	0xB9, 0xFF, 0xBD, 0x20, 0x08, 0x24, 0x00, 0x00, 0x00, 0xE3, 0xFF, 0x8D,
	0x15, 0xFF, 0xFF, 0x42, 0x00, 0xF1, 0xFF, 0x39, 0x00, 0x00, 0x00, 0x00,
	0x00, 0x00, 0xC2, 0xFF, 0xA4, 0x15, 0xFF, 0xFF, 0x43, 0x01, 0xF4, 0xFF,
	0x3E, 0x00, 0x00, 0x00, 0x00, 0x00, 0x00, 0xC4, 0xFF, 0xA4, 0x02, 0xFB,
	0xFF, 0x63, 0x00, 0xC1, 0xFF, 0xC7, 0x29, 0x06, 0x2C, 0x00, 0x00, 0x00,
	0xE3, 0xFF, 0x8D, 0x00, 0xC6, 0xFF, 0xAF, 0x00, 0x3C, 0xFB, 0xFF, 0xFF,
	0xFF, 0xFF, 0x1E, 0x00, 0x30, 0xFF, 0xFF, 0x53, 0x00, 0x6F, 0xFF, 0xFE,
	0x34, 0x00, 0x35, 0xC2, 0xF5, 0xF2, 0xC5, 0x33, 0x00, 0xB2, 0xFF, 0xEF,
	0x0B, 0x00, 0x07, 0xDD, 0xFF, 0xE0, 0x24, 0x00, 0x00, 0x00, 0x00, 0x00,
	0x01, 0x87, 0xFF, 0xFF, 0x72, 0x00, 0x00, 0x00, 0x2F, 0xF2, 0xFF, 0xF1,
	0x7F, 0x29, 0x07, 0x12, 0x4C, 0xC1, 0xFF, 0xFF, 0xAB, 0x02, 0x00, 0x00,
	0x00, 0x00, 0x2C, 0xD4, 0xFF, 0xFF, 0xFF, 0xFF, 0xFF, 0xFF, 0xFF, 0xFD,
	0x8B, 0x04, 0x00, 0x00, 0x00, 0x00, 0x00, 0x00, 0x03, 0x59, 0xAE, 0xE3,
	0xF9, 0xF1, 0xCF, 0x8C, 0x24, 0x00, 0x00, 0x00, 0x00, 0x00, 0x13, 0x96,
	0xC6, 0xE0, 0xF7, 0xF6, 0xDC, 0x9D, 0x2B, 0x00, 0x00, 0x00, 0x0F, 0xFF,
	0xFF, 0xFF, 0xFF, 0xFF, 0xFF, 0xFF, 0xF8, 0x42, 0x00, 0x00, 0x00, 0xE7,
	0xFF, 0xFF, 0xFF, 0xFF, 0xFF, 0xFF, 0xFF, 0xD1, 0x00, 0x00, 0x00, 0x4B,
	0x2F, 0x13, 0x05, 0x1D, 0xA2, 0xFF, 0xFF, 0xFF, 0x13, 0x00, 0x00, 0x00,
	0x27, 0x57, 0x6E, 0x6C, 0x72, 0xFF, 0xFF, 0xFF, 0x29, 0x00, 0x2F, 0xCA,
	0xFF, 0xFF, 0xFF, 0xFF, 0xFF, 0xFF, 0xFF, 0xFF, 0x2C, 0x09, 0xE6, 0xFF,
	0xFF, 0xED, 0xAE, 0x8E, 0xAD, 0xFF, 0xFF, 0xFF, 0x2C, 0x48, 0xFF, 0xFF,
	0xFF, 0x3C, 0x00, 0x00, 0x28, 0xFF, 0xFF, 0xFF, 0x2C, 0x53, 0xFF, 0xFF,
	0xFF, 0x83, 0x10, 0x03, 0x34, 0xFF, 0xFF, 0xFF, 0x2C, 0x26, 0xFF, 0xFF,
	0xFF, 0xFF, 0xFF, 0xFF, 0xFF, 0xFF, 0xFF, 0xFF, 0x2C, 0x00, 0x9D, 0xFF,
	0xFF, 0xFF, 0xFF, 0xFF, 0xFF, 0xFF, 0xFF, 0xFF, 0x2C, 0x00, 0x01, 0x5B,
	0xB7, 0xE7, 0xFB, 0xFC, 0xF2, 0xDA, 0xB6, 0x88, 0x12, 0x00, 0x00, 0x00,
	0x00, 0x05, 0xBC, 0x68, 0x02, 0x00, 0x00, 0x00, 0x07, 0xC0, 0x64, 0x02,
	0x00, 0x00, 0x00, 0x00, 0x83, 0xFF, 0xFF, 0x8D, 0x00, 0x00, 0x00, 0x8B,
	0xFF, 0xFF, 0x8D, 0x00, 0x00, 0x00, 0x35, 0xFB, 0xFF, 0xF9, 0x24, 0x00,
	0x00, 0x39, 0xFD, 0xFF, 0xFA, 0x25, 0x00, 0x00, 0x09, 0xD7, 0xFF, 0xFF,
	0x88, 0x00, 0x00, 0x09, 0xD9, 0xFF, 0xFF, 0x8C, 0x00, 0x00, 0x00, 0x90,
	0xFF, 0xFF, 0xE6, 0x0D, 0x00, 0x00, 0x8F, 0xFF, 0xFF, 0xE9, 0x0E, 0x00,
	0x00, 0x40, 0xFE, 0xFF, 0xFF, 0x5E, 0x00, 0x00, 0x3D, 0xFD, 0xFF, 0xFF,
	0x65, 0x00, 0x00, 0x0D, 0xE0, 0xFF, 0xFF, 0xC9, 0x01, 0x00, 0x0A, 0xDC,
	0xFF, 0xFF, 0xCF, 0x02, 0x00, 0x00, 0x09, 0xD9, 0xFF, 0xFF, 0xC8, 0x01,
	0x00, 0x07, 0xD4, 0xFF, 0xFF, 0xCF, 0x02, 0x00, 0x00, 0x00, 0x37, 0xFC,
	0xFF, 0xFF, 0x61, 0x00, 0x00, 0x33, 0xFB, 0xFF, 0xFF, 0x66, 0x00, 0x00,
	0x00, 0x00, 0x83, 0xFF, 0xFF, 0xE8, 0x0E, 0x00, 0x00, 0x81, 0xFF, 0xFF,
	0xEB, 0x10, 0x00, 0x00, 0x00, 0x05, 0xCE, 0xFF, 0xFF, 0x8D, 0x00, 0x00,
	0x05, 0xCE, 0xFF, 0xFF, 0x90, 0x00, 0x00, 0x00, 0x00, 0x2B, 0xF8, 0xFF,
	0xFA, 0x28, 0x00, 0x00, 0x2C, 0xF9, 0xFF, 0xFB, 0x29, 0x00, 0x00, 0x00,
	0x00, 0x74, 0xFF, 0xFF, 0x8C, 0x00, 0x00, 0x00, 0x79, 0xFF, 0xFF, 0x8B,
	0x00, 0x00, 0x00, 0x00, 0x02, 0xB3, 0x6A, 0x01, 0x00, 0x00, 0x00, 0x03,
	0xB7, 0x66, 0x01, 0x6C, 0xFF, 0xFF, 0xFF, 0xFF, 0xFF, 0xFF, 0xFF, 0xFF,
	0xFF, 0xFF, 0xFF, 0xFF, 0xFF, 0xB0, 0x6C, 0xFF, 0xFF, 0xFF, 0xFF, 0xFF,
	0xFF, 0xFF, 0xFF, 0xFF, 0xFF, 0xFF, 0xFF, 0xFF, 0xB0, 0x6C, 0xFF, 0xFF,
	0xFF, 0xFF, 0xFF, 0xFF, 0xFF, 0xFF, 0xFF, 0xFF, 0xFF, 0xFF, 0xFF, 0xB0,
	0x6C, 0xFF, 0xFF, 0xFF, 0xFF, 0xFF, 0xFF, 0xFF, 0xFF, 0xFF, 0xFF, 0xFF,
	0xFF, 0xFF, 0xB0, 0x00, 0x00, 0x00, 0x00, 0x00, 0x00, 0x00, 0x00, 0x00,
	0x00, 0x00, 0xFF, 0xFF, 0xFF, 0xB0, 0x00, 0x00, 0x00, 0x00, 0x00, 0x00,
	0x00, 0x00, 0x00, 0x00, 0x00, 0xFF, 0xFF, 0xFF, 0xB0, 0x00, 0x00, 0x00,
	0x00, 0x00, 0x00, 0x00, 0x00, 0x00, 0x00, 0x00, 0xFF, 0xFF, 0xFF, 0xB0,
	0x00, 0x00, 0x00, 0x00, 0x00, 0x00, 0x00, 0x00, 0x00, 0x00, 0x00, 0xFF,
	0xFF, 0xFF, 0xB0, 0x00, 0x00, 0x00, 0x00, 0x00, 0x00, 0x00, 0x00, 0x00,
	0x00, 0x00, 0xFF, 0xFF, 0xFF, 0xB0, 0x00, 0x00, 0x00, 0x00, 0x00, 0x00,
	0x00, 0x00, 0x00, 0x00, 0x00, 0xFF, 0xFF, 0xFF, 0xB0, 0x00, 0x00, 0x00,
	0x00, 0x00, 0x00, 0x00, 0x00, 0x00, 0x00, 0x00, 0xFF, 0xFF, 0xFF, 0xB0,
	0x00, 0x00, 0x00, 0x00, 0x00, 0x00, 0x00, 0x00, 0x00, 0x00, 0x00, 0xFF,
	0xFF, 0xFF, 0xB0, 0x0C, 0xFF, 0xFF, 0xFF, 0xFF, 0xFF, 0xFF, 0xFF, 0xFF,
	0xFF, 0x8C, 0x0C, 0xFF, 0xFF, 0xFF, 0xFF, 0xFF, 0xFF, 0xFF, 0xFF, 0xFF,
	0x8C, 0x0C, 0xFF, 0xFF, 0xFF, 0xFF, 0xFF, 0xFF, 0xFF, 0xFF, 0xFF, 0x8C,
	0x0C, 0xFF, 0xFF, 0xFF, 0xFF, 0xFF, 0xFF, 0xFF, 0xFF, 0xFF, 0x8C, 0x00,
	0x00, 0x00, 0x00, 0x04, 0x5A, 0xAD, 0xE3, 0xF8, 0xF0, 0xCE, 0x8C, 0x26,
	0x00, 0x00, 0x00, 0x00, 0x00, 0x00, 0x00, 0x31, 0xD8, 0xFF, 0xFF, 0xFF,
	0xFF, 0xFF, 0xFF, 0xFF, 0xFE, 0x91, 0x06, 0x00, 0x00, 0x00, 0x00, 0x33,
	0xF4, 0xFF, 0xF4, 0x87, 0x2D, 0x07, 0x14, 0x52, 0xC5, 0xFF, 0xFF, 0xB1,
	0x03, 0x00, 0x00, 0x08, 0xDF, 0xFF, 0xE4, 0x2A, 0x00, 0x00, 0x00, 0x00,
	0x00, 0x01, 0x8B, 0xFF, 0xFF, 0x74, 0x00, 0x00, 0x70, 0xFF, 0xFE, 0x38,
	0x22, 0xD7, 0xF5, 0xFB, 0xE2, 0x97, 0x11, 0x00, 0xB5, 0xFF, 0xEF, 0x0B,
	0x00, 0xC6, 0xFF, 0xB0, 0x00, 0x30, 0xFF, 0xFF, 0xFF, 0xFF, 0xFF, 0xB5,
	0x00, 0x31, 0xFF, 0xFF, 0x53, 0x02, 0xFB, 0xFF, 0x63, 0x00, 0x30, 0xFF,
	0xB7, 0x07, 0x34, 0xEE, 0xFB, 0x07, 0x00, 0xE3, 0xFF, 0x8D, 0x15, 0xFF,
	0xFF, 0x42, 0x00, 0x30, 0xFF, 0xB4, 0x03, 0x2A, 0xF0, 0xF1, 0x02, 0x00,
	0xC2, 0xFF, 0xA4, 0x15, 0xFF, 0xFF, 0x43, 0x00, 0x30, 0xFF, 0xFF, 0xFF,
	0xFF, 0xFC, 0x65, 0x00, 0x00, 0xC4, 0xFF, 0xA4, 0x02, 0xFB, 0xFF, 0x63,
	0x00, 0x30, 0xFF, 0xFF, 0xFF, 0xFF, 0xE5, 0x0E, 0x00, 0x00, 0xE3, 0xFF,
	0x8D, 0x00, 0xC6, 0xFF, 0xAF, 0x00, 0x30, 0xFF, 0xB4, 0x00, 0xA8, 0xFF,
	0x97, 0x00, 0x30, 0xFF, 0xFF, 0x53, 0x00, 0x6F, 0xFF, 0xFE, 0x34, 0x30,
	0xFF, 0xB4, 0x00, 0x0D, 0xDA, 0xFC, 0x2E, 0xB2, 0xFF, 0xEF, 0x0B, 0x00,
	0x07, 0xDD, 0xFF, 0xE0, 0x24, 0x00, 0x00, 0x00, 0x00, 0x00, 0x01, 0x87,
	0xFF, 0xFF, 0x72, 0x00, 0x00, 0x00, 0x2F, 0xF2, 0xFF, 0xF1, 0x7F, 0x29,
	0x07, 0x12, 0x4C, 0xC1, 0xFF, 0xFF, 0xAB, 0x02, 0x00, 0x00, 0x00, 0x00,
	0x2C, 0xD4, 0xFF, 0xFF, 0xFF, 0xFF, 0xFF, 0xFF, 0xFF, 0xFD, 0x8B, 0x04,
	0x00, 0x00, 0x00, 0x00, 0x00, 0x00, 0x03, 0x59, 0xAE, 0xE3, 0xF9, 0xF1,
	0xCF, 0x8C, 0x24, 0x00, 0x00, 0x00, 0x00, 0x38, 0xFF, 0xFF, 0xFF, 0xFF,
	0xFF, 0xFF, 0xFF, 0xFF, 0xFF, 0xDC, 0x38, 0xFF, 0xFF, 0xFF, 0xFF, 0xFF,
	0xFF, 0xFF, 0xFF, 0xFF, 0xDC, 0x38, 0xFF, 0xFF, 0xFF, 0xFF, 0xFF, 0xFF,
	0xFF, 0xFF, 0xFF, 0xDC, 0x00, 0x00, 0x0E, 0x84, 0xD7, 0xF8, 0xF1, 0xBD,
	0x50, 0x00, 0x00, 0x00, 0x15, 0xD8, 0xFF, 0xFF, 0xFF, 0xFF, 0xFF, 0xFF,
	0x86, 0x00, 0x00, 0xA7, 0xFF, 0xFF, 0xFF, 0xFF, 0xFF, 0xFF, 0xFF, 0xFF,
	0x3F, 0x0B, 0xFA, 0xFF, 0xFF, 0x89, 0x0E, 0x27, 0xD2, 0xFF, 0xFF, 0xA3,
	0x2E, 0xFF, 0xFF, 0xF5, 0x02, 0x00, 0x00, 0x5F, 0xFF, 0xFF, 0xCF, 0x2F,
	0xFF, 0xFF, 0xF6, 0x02, 0x00, 0x00, 0x61, 0xFF, 0xFF, 0xD0, 0x0D, 0xFB,
	0xFF, 0xFF, 0x8A, 0x0E, 0x27, 0xD3, 0xFF, 0xFF, 0xA4, 0x00, 0xAE, 0xFF,
	0xFF, 0xFF, 0xFF, 0xFF, 0xFF, 0xFF, 0xFF, 0x41, 0x00, 0x1C, 0xE1, 0xFF,
	0xFF, 0xFF, 0xFF, 0xFF, 0xFF, 0x89, 0x00, 0x00, 0x00, 0x14, 0x8C, 0xDB,
	0xF9, 0xF1, 0xBD, 0x51, 0x00, 0x00,
};

const GFXglyph UbuntuMono_Bold18pt7bAAGlyphs[] PROGMEM = {
	{0, 0, 0, 18, 0, 0},	// 0x20 ' '
	{0, 7, 22, 18, 5, -22},	// 0x21 '!'
	{154, 12, 10, 18, 3, -24},	// 0x22 '"'
	{274, 17, 22, 18, 0, -22},	// 0x23 '#'
	{648, 16, 27, 18, 1, -24},	// 0x24 '$'
	{1080, 18, 22, 18, 0, -22},	// 0x25 '%'
	{1476, 17, 22, 18, 0, -22},	// 0x26 '&'
	{1850, 6, 10, 18, 6, -24},	// 0x27 '\''
	{1910, 12, 31, 18, 3, -25},	// 0x28 '('
	{2282, 13, 31, 18, 2, -25},	// 0x29 ')'
	{2685, 16, 14, 18, 1, -22},	// 0x2A '*'
	{2909, 16, 16, 18, 1, -16},	// 0x2B '+'
	{3165, 9, 12, 18, 4, -6},	// 0x2C ','
	{3273, 11, 4, 18, 3, -11},	// 0x2D '-'
	{3317, 7, 6, 18, 5, -6},	// 0x2E '.'
	{3359, 15, 30, 18, 1, -24},	// 0x2F '/'
	{3809, 16, 22, 18, 1, -22},	// 0x30 '0'
	{4161, 16, 22, 18, 1, -22},	// 0x31 '1'
	{4513, 16, 22, 18, 1, -22},	// 0x32 '2'
	{4865, 15, 22, 18, 1, -22},	// 0x33 '3'
	{5195, 17, 22, 18, 0, -22},	// 0x34 '4'
	{5569, 15, 22, 18, 1, -22},	// 0x35 '5'
	{5899, 15, 22, 18, 1, -22},	// 0x36 '6'
	{6229, 15, 22, 18, 1, -22},	// 0x37 '7'
	{6559, 16, 22, 18, 1, -22},	// 0x38 '8'
	{6911, 15, 22, 18, 1, -22},	// 0x39 '9'
	{7241, 7, 17, 18, 5, -17},	// 0x3A ':'
	{7360, 8, 23, 18, 4, -17},	// 0x3B ';'
	{7544, 16, 16, 18, 1, -17},	// 0x3C '<'
	{7800, 16, 11, 18, 1, -14},	// 0x3D '='
	{7976, 16, 16, 18, 1, -17},	// 0x3E '>'
	{8232, 14, 22, 18, 2, -22},	// 0x3F '?'
	{8540, 17, 27, 18, 0, -22},	// 0x40 '@'
	{8999, 18, 22, 18, 0, -22},	// 0x41 'A'
	{9395, 16, 22, 18, 1, -22},	// 0x42 'B'
	{9747, 17, 22, 18, 0, -22},	// 0x43 'C'
	{10121, 16, 22, 18, 1, -22},	// 0x44 'D'
	{10473, 15, 22, 18, 2, -22},	// 0x45 'E'
	{10803, 14, 22, 18, 2, -22},	// 0x46 'F'
	{11111, 17, 22, 18, 0, -22},	// 0x47 'G'
	{11485, 15, 22, 18, 1, -22},	// 0x48 'H'
	{11815, 15, 22, 18, 1, -22},	// 0x49 'I'
	{12145, 15, 22, 18, 1, -22},	// 0x4A 'J'
	{12475, 17, 22, 18, 1, -22},	// 0x4B 'K'
	{12849, 15, 22, 18, 2, -22},	// 0x4C 'L'
	{13179, 17, 22, 18, 0, -22},	// 0x4D 'M'
	{13553, 15, 22, 18, 1, -22},	// 0x4E 'N'
	{13883, 17, 22, 18, 0, -22},	// 0x4F 'O'
	{14257, 16, 22, 18, 1, -22},	// 0x50 'P'
	{14609, 17, 28, 18, 0, -22},	// 0x51 'Q'
	{15085, 17, 22, 18, 1, -22},	// 0x52 'R'
	{15459, 16, 22, 18, 1, -22},	// 0x53 'S'
	{15811, 17, 22, 18, 0, -22},	// 0x54 'T'
	{16185, 16, 22, 18, 1, -22},	// 0x55 'U'
	{16537, 18, 22, 18, 0, -22},	// 0x56 'V'
	{16933, 17, 22, 18, 0, -22},	// 0x57 'W'
	{17307, 18, 22, 18, 0, -22},	// 0x58 'X'
	{17703, 18, 22, 18, 0, -22},	// 0x59 'Y'
	{18099, 15, 22, 18, 1, -22},	// 0x5A 'Z'
	{18429, 11, 30, 18, 3, -24},	// 0x5B '['
	{18759, 15, 30, 18, 1, -24},	// 0x5C '\\'
	{19209, 11, 30, 18, 3, -24},	// 0x5D ']'
	{19539, 18, 12, 18, 0, -22},	// 0x5E '^'
	{19755, 18, 4, 18, 0, 2},	// 0x5F '_'
	{19827, 8, 6, 18, 5, -24},	// 0x60 '`'
	{19875, 15, 16, 18, 1, -16},	// 0x61 'a'
	{20115, 15, 24, 18, 2, -24},	// 0x62 'b'
	{20475, 16, 16, 18, 1, -16},	// 0x63 'c'
	{20731, 16, 24, 18, 0, -24},	// 0x64 'd'
	{21115, 16, 16, 18, 1, -16},	// 0x65 'e'
	{21371, 17, 24, 18, 1, -24},	// 0x66 'f'
	{21779, 15, 22, 18, 1, -16},	// 0x67 'g'
	{22109, 14, 24, 18, 2, -24},	// 0x68 'h'
	{22445, 16, 24, 18, 1, -24},	// 0x69 'i'
	{22829, 13, 30, 18, 1, -24},	// 0x6A 'j'
	{23219, 16, 25, 18, 2, -24},	// 0x6B 'k'
	{23619, 16, 24, 18, 1, -24},	// 0x6C 'l'
	{24003, 16, 16, 18, 1, -16},	// 0x6D 'm'
	{24259, 14, 16, 18, 2, -16},	// 0x6E 'n'
	{24483, 16, 16, 18, 1, -16},	// 0x6F 'o'
	{24739, 15, 22, 18, 2, -16},	// 0x70 'p'
	{25069, 15, 22, 18, 1, -16},	// 0x71 'q'
	{25399, 14, 16, 18, 3, -16},	// 0x72 'r'
	{25623, 15, 16, 18, 1, -16},	// 0x73 's'
	{25863, 16, 21, 18, 1, -21},	// 0x74 't'
	{26199, 14, 16, 18, 2, -16},	// 0x75 'u'
	{26423, 18, 16, 18, 0, -16},	// 0x76 'v'
	{26711, 18, 16, 18, 0, -16},	// 0x77 'w'
	{26999, 17, 16, 18, 0, -16},	// 0x78 'x'
	{27271, 17, 22, 18, 0, -16},	// 0x79 'y'
	{27645, 14, 16, 18, 2, -16},	// 0x7A 'z'
	{27869, 14, 30, 18, 2, -24},	// 0x7B '{'
	{28289, 5, 30, 18, 6, -24},	// 0x7C '|'
	{28439, 14, 30, 18, 2, -24},	// 0x7D '}'
	{28859, 18, 6, 18, 0, -12},	// 0x7E '~'
	{28967, 15, 26, 18, 1, -26},	// 0x7F ''
	{29357, 15, 26, 18, 1, -26},	// 0x80 ''
	{29747, 15, 26, 18, 1, -26},	// 0x81 ''
	{30137, 15, 26, 18, 1, -26},	// 0x82 ''
	{30527, 15, 26, 18, 1, -26},	// 0x83 ''
	{30917, 15, 26, 18, 1, -26},	// 0x84 ''
	{31307, 15, 26, 18, 1, -26},	// 0x85 ''
	{31697, 15, 26, 18, 1, -26},	// 0x86 ''
	{32087, 15, 26, 18, 1, -26},	// 0x87 ''
	{32477, 15, 26, 18, 1, -26},	// 0x88 ''
	{32867, 15, 26, 18, 1, -26},	// 0x89 ''
	{33257, 15, 26, 18, 1, -26},	// 0x8A ''
	{33647, 15, 26, 18, 1, -26},	// 0x8B ''
	{34037, 15, 26, 18, 1, -26},	// 0x8C ''
	{34427, 15, 26, 18, 1, -26},	// 0x8D ''
	{34817, 15, 26, 18, 1, -26},	// 0x8E ''
	{35207, 15, 26, 18, 1, -26},	// 0x8F ''
	{35597, 15, 26, 18, 1, -26},	// 0x90 ''
	{35987, 15, 26, 18, 1, -26},	// 0x91 ''
	{36377, 15, 26, 18, 1, -26},	// 0x92 ''
	{36767, 15, 26, 18, 1, -26},	// 0x93 ''
	{37157, 15, 26, 18, 1, -26},	// 0x94 ''
	{37547, 15, 26, 18, 1, -26},	// 0x95 ''
	{37937, 15, 26, 18, 1, -26},	// 0x96 ''
	{38327, 15, 26, 18, 1, -26},	// 0x97 ''
	{38717, 15, 26, 18, 1, -26},	// 0x98 ''
	{39107, 15, 26, 18, 1, -26},	// 0x99 ''
	{39497, 15, 26, 18, 1, -26},	// 0x9A ''
	{39887, 15, 26, 18, 1, -26},	// 0x9B ''
	{40277, 15, 26, 18, 1, -26},	// 0x9C ''
	{40667, 15, 26, 18, 1, -26},	// 0x9D ''
	{41057, 15, 26, 18, 1, -26},	// 0x9E ''
	{41447, 15, 26, 18, 1, -26},	// 0x9F ''
	{41837, 0, 0, 18, 0, 0},	// 0xA0 ' '
	{41837, 7, 22, 18, 5, -16},	// 0xA1 '¡'
	{41991, 15, 26, 18, 1, -22},	// 0xA2 '¢'
	{42381, 15, 22, 18, 1, -22},	// 0xA3 '£'
	{42711, 17, 16, 18, 0, -19},	// 0xA4 '¤'
	{42983, 18, 22, 18, 0, -22},	// 0xA5 '¥'
	{43379, 5, 30, 18, 6, -24},	// 0xA6 '¦'
	{43529, 15, 25, 18, 1, -22},	// 0xA7 '§'
	{43904, 13, 5, 18, 2, -24},	// 0xA8 '¨'
	{43969, 17, 16, 18, 0, -16},	// 0xA9 '©'
	{44241, 12, 12, 18, 3, -22},	// 0xAA 'ª'
	{44385, 15, 14, 18, 1, -16},	// 0xAB '«'
	{44595, 15, 12, 18, 1, -12},	// 0xAC '¬'
	{44775, 11, 4, 18, 3, -11},	// 0xAD '­'
	{44819, 17, 16, 18, 0, -16},	// 0xAE '®'
	{45091, 11, 3, 18, 3, -23},	// 0xAF '¯'
	{45124, 11, 10, 18, 3, -24},	// 0xB0 '°'
};

const GFXfont UbuntuMono_Bold18pt7bAA PROGMEM = {
	(uint8_t *)UbuntuMono_Bold18pt7bAABitmaps,
	(GFXglyph *)UbuntuMono_Bold18pt7bAAGlyphs,
	0x20, 0xB0, 35
};

#endif // FONTS_UBUNTU_MONO_BOLD_18PT_AA_H
