#ifndef FONTS_UBUNTU_MONO_BOLD_14PT_AA_H
#define FONTS_UBUNTU_MONO_BOLD_14PT_AA_H

// Antialiased companion to ubuntu_mono_bold_14pt (part of ubuntu_mono_all_b.h),
// for use with UM_GFX_Canvas::setAntialias(true). Covers the same 0x20-0xB0
// range as the 1-bit fonts (bitmapOffset is now uint32_t - see UM_GFX.h - so
// unlike the digits-only 44pt/88pt clock fonts, the full range fits fine at
// this point size). Generated from the same source and DPI (141) as the
// other fonts here, but with FreeType's default (antialiased) rendering
// instead of FT_LOAD_TARGET_MONO.
//
// IMPORTANT: font.bitmap here is one coverage byte per pixel, row-major,
// with no bit-packing - a different in-memory format from the 1-bit
// UbuntuMono_B[] fonts. Do not draw this font with antialias off (it will
// render garbage), and do not enable antialias on a canvas that also draws
// any 1-bit font.

// UbuntuMono_Bold14pt7bAABitmaps - 8-bit antialiased coverage, NOT 1-bit packed (see UM_GFX_Canvas::drawGlyphAA)
const uint8_t UbuntuMono_Bold14pt7bAABitmaps[] PROGMEM = {
	0x2C, 0xFF, 0xFF, 0xFF, 0xAC, 0x2C, 0xFF, 0xFF, 0xFF, 0xAC, 0x2C, 0xFF,
	0xFF, 0xFF, 0xAC, 0x2C, 0xFF, 0xFF, 0xFF, 0xAC, 0x2B, 0xFF, 0xFF, 0xFF,
	0xAB, 0x28, 0xFF, 0xFF, 0xFF, 0xA5, 0x20, 0xFF, 0xFF, 0xFF, 0x9C, 0x0C,
	0xFF, 0xFF, 0xFF, 0x8B, 0x00, 0xF0, 0xFF, 0xFF, 0x73, 0x00, 0xCF, 0xFF,
	0xFF, 0x57, 0x00, 0xAD, 0xFF, 0xFF, 0x38, 0x00, 0x00, 0x00, 0x00, 0x00,
	0x00, 0x00, 0x00, 0x00, 0x00, 0x05, 0x9D, 0xF2, 0xD7, 0x40, 0x60, 0xFF,
	0xFF, 0xFF, 0xE0, 0x5F, 0xFF, 0xFF, 0xFF, 0xDE, 0x05, 0x9D, 0xF3, 0xD7,
	0x40, 0xA8, 0xFF, 0xFF, 0xE4, 0x00, 0x54, 0xFF, 0xFF, 0xFF, 0x34, 0xA5,
	0xFF, 0xFF, 0xE1, 0x00, 0x51, 0xFF, 0xFF, 0xFF, 0x31, 0x99, 0xFF, 0xFF,
	0xD5, 0x00, 0x45, 0xFF, 0xFF, 0xFF, 0x25, 0x84, 0xFF, 0xFF, 0xC0, 0x00,
	0x30, 0xFF, 0xFF, 0xFF, 0x10, 0x65, 0xFF, 0xFF, 0xA3, 0x00, 0x11, 0xFF,
	0xFF, 0xF4, 0x00, 0x41, 0xFF, 0xFF, 0x7F, 0x00, 0x00, 0xED, 0xFF, 0xD0,
	0x00, 0x1B, 0xFF, 0xFF, 0x57, 0x00, 0x00, 0xC7, 0xFF, 0xAB, 0x00, 0x00,
	0xEE, 0xFF, 0x2A, 0x00, 0x00, 0x9B, 0xFF, 0x81, 0x00, 0x00, 0x00, 0x00,
	0x00, 0x96, 0xFF, 0xFF, 0x29, 0x00, 0xB6, 0xFF, 0xFE, 0x0F, 0x00, 0x00,
	0x00, 0x00, 0x00, 0xC9, 0xFF, 0xF3, 0x02, 0x00, 0xE7, 0xFF, 0xDA, 0x00,
	0x00, 0x00, 0x00, 0x00, 0x04, 0xF7, 0xFF, 0xC1, 0x00, 0x19, 0xFF, 0xFF,
	0xA7, 0x00, 0x00, 0x00, 0x00, 0x00, 0x2F, 0xFF, 0xFF, 0x8D, 0x00, 0x4B,
	0xFF, 0xFF, 0x75, 0x00, 0x00, 0x84, 0xFF, 0xFF, 0xFF, 0xFF, 0xFF, 0xFF,
	0xFF, 0xFF, 0xFF, 0xFF, 0xFF, 0xFF, 0x0C, 0x84, 0xFF, 0xFF, 0xFF, 0xFF,
	0xFF, 0xFF, 0xFF, 0xFF, 0xFF, 0xFF, 0xFF, 0xFF, 0x0C, 0x84, 0xFF, 0xFF,
	0xFF, 0xFF, 0xFF, 0xFF, 0xFF, 0xFF, 0xFF, 0xFF, 0xFF, 0xFF, 0x0C, 0x00,
	0x00, 0x00, 0xE8, 0xFF, 0xD7, 0x00, 0x07, 0xFB, 0xFF, 0xBB, 0x00, 0x00,
	0x00, 0x00, 0x00, 0x18, 0xFF, 0xFF, 0xA7, 0x00, 0x32, 0xFF, 0xFF, 0x8B,
	0x00, 0x00, 0x00, 0x00, 0x00, 0x48, 0xFF, 0xFF, 0x77, 0x00, 0x61, 0xFF,
	0xFF, 0x5B, 0x00, 0x00, 0x00, 0x84, 0xFF, 0xFF, 0xFF, 0xFF, 0xFF, 0xFF,
	0xFF, 0xFF, 0xFF, 0xFF, 0xFF, 0xFF, 0x0C, 0x84, 0xFF, 0xFF, 0xFF, 0xFF,
	0xFF, 0xFF, 0xFF, 0xFF, 0xFF, 0xFF, 0xFF, 0xFF, 0x0C, 0x84, 0xFF, 0xFF,
	0xFF, 0xFF, 0xFF, 0xFF, 0xFF, 0xFF, 0xFF, 0xFF, 0xFF, 0xFF, 0x0C, 0x00,
	0x05, 0xF8, 0xFF, 0xBB, 0x00, 0x19, 0xFF, 0xFF, 0xA6, 0x00, 0x00, 0x00,
	0x00, 0x00, 0x30, 0xFF, 0xFF, 0x8B, 0x00, 0x4D, 0xFF, 0xFF, 0x74, 0x00,
	0x00, 0x00, 0x00, 0x00, 0x62, 0xFF, 0xFF, 0x5B, 0x00, 0x80, 0xFF, 0xFF,
	0x42, 0x00, 0x00, 0x00, 0x00, 0x00, 0x93, 0xFF, 0xFF, 0x2B, 0x00, 0xB3,
	0xFF, 0xFF, 0x11, 0x00, 0x00, 0x00, 0x00, 0x00, 0x00, 0x00, 0x00, 0x00,
	0xBC, 0xFF, 0xFF, 0x58, 0x00, 0x00, 0x00, 0x00, 0x00, 0x00, 0x00, 0x00,
	0x00, 0xBC, 0xFF, 0xFF, 0x58, 0x00, 0x00, 0x00, 0x00, 0x00, 0x00, 0x00,
	0x00, 0x00, 0xBC, 0xFF, 0xFF, 0x6F, 0x07, 0x00, 0x00, 0x00, 0x00, 0x00,
	0x00, 0x44, 0xBF, 0xFD, 0xFF, 0xFF, 0xFF, 0xFA, 0xC1, 0x6A, 0x01, 0x00,
	0x00, 0x6B, 0xFE, 0xFF, 0xFF, 0xFF, 0xFF, 0xFF, 0xFF, 0xFF, 0xDF, 0x00,
	0x00, 0x14, 0xF5, 0xFF, 0xFF, 0xFF, 0xFF, 0xFF, 0xFF, 0xFF, 0xFF, 0xA0,
	0x00, 0x00, 0x63, 0xFF, 0xFF, 0xFF, 0x77, 0x13, 0x05, 0x1A, 0x4A, 0x91,
	0x52, 0x00, 0x00, 0x83, 0xFF, 0xFF, 0xFC, 0x04, 0x00, 0x00, 0x00, 0x00,
	0x00, 0x00, 0x00, 0x00, 0x74, 0xFF, 0xFF, 0xFF, 0xA5, 0x26, 0x00, 0x00,
	0x00, 0x00, 0x00, 0x00, 0x00, 0x26, 0xF8, 0xFF, 0xFF, 0xFF, 0xFF, 0xCF,
	0x65, 0x08, 0x00, 0x00, 0x00, 0x00, 0x00, 0x65, 0xFD, 0xFF, 0xFF, 0xFF,
	0xFF, 0xFF, 0xE6, 0x4D, 0x00, 0x00, 0x00, 0x00, 0x00, 0x3A, 0xC7, 0xFF,
	0xFF, 0xFF, 0xFF, 0xFF, 0xFF, 0x7C, 0x00, 0x00, 0x00, 0x00, 0x00, 0x00,
	0x30, 0x8B, 0xE4, 0xFF, 0xFF, 0xFF, 0xFD, 0x2B, 0x00, 0x00, 0x00, 0x00,
	0x00, 0x00, 0x00, 0x04, 0x79, 0xFF, 0xFF, 0xFF, 0x7E, 0x00, 0x01, 0x00,
	0x00, 0x00, 0x00, 0x00, 0x00, 0x00, 0xF0, 0xFF, 0xFF, 0x93, 0x00, 0x43,
	0xD8, 0x7B, 0x37, 0x0F, 0x04, 0x14, 0x69, 0xFF, 0xFF, 0xFF, 0x74, 0x00,
	0xA3, 0xFF, 0xFF, 0xFF, 0xFF, 0xFF, 0xFF, 0xFF, 0xFF, 0xFF, 0xFD, 0x29,
	0x02, 0xE3, 0xFF, 0xFF, 0xFF, 0xFF, 0xFF, 0xFF, 0xFF, 0xFF, 0xFF, 0x77,
	0x00, 0x00, 0x0E, 0x6A, 0xB6, 0xE5, 0xFF, 0xFF, 0xFF, 0xF6, 0xBA, 0x46,
	0x00, 0x00, 0x00, 0x00, 0x00, 0x00, 0x00, 0xC8, 0xFF, 0xFF, 0x48, 0x00,
	0x00, 0x00, 0x00, 0x00, 0x00, 0x00, 0x00, 0x00, 0xC8, 0xFF, 0xFF, 0x48,
	0x00, 0x00, 0x00, 0x00, 0x00, 0x00, 0x00, 0x00, 0x00, 0xC8, 0xFF, 0xFF,
	0x48, 0x00, 0x00, 0x00, 0x00, 0x00, 0x5E, 0xE1, 0xF8, 0xBB, 0x20, 0x00,
	0x00, 0x00, 0x00, 0x47, 0xFF, 0xF8, 0x28, 0x2A, 0xFE, 0xFF, 0xFF, 0xFF,
	0xC4, 0x00, 0x00, 0x00, 0x0C, 0xE0, 0xFF, 0x7B, 0x00, 0x8C, 0xFF, 0xB0,
	0x2F, 0xFE, 0xFF, 0x27, 0x00, 0x00, 0x92, 0xFF, 0xD0, 0x04, 0x00, 0xAD,
	0xFF, 0x70, 0x00, 0xE1, 0xFF, 0x49, 0x00, 0x3A, 0xFD, 0xFC, 0x33, 0x00,
	0x00, 0xAD, 0xFF, 0x6F, 0x00, 0xE0, 0xFF, 0x48, 0x07, 0xD6, 0xFF, 0x8A,
	0x00, 0x00, 0x00, 0x8A, 0xFF, 0xAD, 0x2C, 0xFD, 0xFF, 0x26, 0x83, 0xFF,
	0xDB, 0x09, 0x00, 0x00, 0x00, 0x28, 0xFD, 0xFF, 0xFF, 0xFF, 0xC1, 0x2E,
	0xFA, 0xFE, 0x40, 0x00, 0x00, 0x00, 0x00, 0x00, 0x5C, 0xE1, 0xF8, 0xBB,
	0x23, 0xCB, 0xFF, 0x99, 0x00, 0x00, 0x00, 0x00, 0x00, 0x00, 0x00, 0x00,
	0x00, 0x00, 0x74, 0xFF, 0xE4, 0x0F, 0x00, 0x00, 0x00, 0x00, 0x00, 0x00,
	0x00, 0x00, 0x00, 0x23, 0xF6, 0xFF, 0x4E, 0x72, 0xE6, 0xF6, 0xAF, 0x14,
	0x00, 0x00, 0x00, 0x00, 0x01, 0xBE, 0xFF, 0xA8, 0x44, 0xFF, 0xFF, 0xFF,
	0xFF, 0xA8, 0x00, 0x00, 0x00, 0x00, 0x65, 0xFF, 0xEC, 0x16, 0xA7, 0xFF,
	0x96, 0x45, 0xFF, 0xFD, 0x0D, 0x00, 0x00, 0x1A, 0xF0, 0xFF, 0x5D, 0x00,
	0xC9, 0xFF, 0x57, 0x00, 0xF9, 0xFF, 0x2C, 0x00, 0x00, 0xB0, 0xFF, 0xB7,
	0x00, 0x00, 0xC9, 0xFF, 0x57, 0x00, 0xF8, 0xFF, 0x2C, 0x00, 0x56, 0xFF,
	0xF3, 0x1E, 0x00, 0x00, 0xA7, 0xFF, 0x93, 0x41, 0xFF, 0xFD, 0x0D, 0x12,
	0xE9, 0xFF, 0x6C, 0x00, 0x00, 0x00, 0x44, 0xFF, 0xFF, 0xFF, 0xFF, 0xA8,
	0x00, 0xA1, 0xFF, 0xC4, 0x01, 0x00, 0x00, 0x00, 0x00, 0x73, 0xE7, 0xF7,
	0xB0, 0x15, 0x00, 0x00, 0x00, 0x00, 0x3C, 0xB6, 0xF1, 0xEE, 0xBD, 0x43,
	0x00, 0x00, 0x00, 0x00, 0x00, 0x00, 0x00, 0x53, 0xFD, 0xFF, 0xFF, 0xFF,
	0xFF, 0xFF, 0x53, 0x00, 0x00, 0x00, 0x00, 0x00, 0x05, 0xE9, 0xFF, 0xFF,
	0xFF, 0xFF, 0xFF, 0xFF, 0xE9, 0x02, 0x00, 0x00, 0x00, 0x00, 0x33, 0xFF,
	0xFF, 0xD9, 0x1F, 0x18, 0xDD, 0xFF, 0xFF, 0x17, 0x00, 0x00, 0x00, 0x00,
	0x39, 0xFF, 0xFF, 0xAC, 0x00, 0x02, 0xD8, 0xFF, 0xF8, 0x03, 0x00, 0x00,
	0x00, 0x00, 0x0E, 0xF9, 0xFF, 0xF5, 0x3A, 0x9E, 0xFF, 0xFF, 0x9C, 0x00,
	0x00, 0x00, 0x00, 0x00, 0x00, 0x94, 0xFF, 0xFF, 0xFF, 0xFF, 0xFF, 0xD8,
	0x14, 0x00, 0x00, 0x00, 0x00, 0x00, 0x00, 0x10, 0xF1, 0xFF, 0xFF, 0xFF,
	0xAA, 0x16, 0x2F, 0x68, 0x48, 0x13, 0x00, 0x00, 0x03, 0x9C, 0xFF, 0xFF,
	0xFF, 0xFD, 0x45, 0x00, 0x6D, 0xFF, 0xFF, 0x56, 0x00, 0x00, 0x86, 0xFF,
	0xFF, 0xFF, 0xFF, 0xFF, 0xEE, 0x26, 0x85, 0xFF, 0xFF, 0x3B, 0x00, 0x14,
	0xF8, 0xFF, 0xEE, 0x43, 0xB6, 0xFF, 0xFF, 0xDB, 0xC4, 0xFF, 0xFB, 0x0B,
	0x00, 0x55, 0xFF, 0xFF, 0x82, 0x00, 0x05, 0xAC, 0xFF, 0xFF, 0xFF, 0xFF,
	0xB1, 0x00, 0x00, 0x69, 0xFF, 0xFF, 0x7C, 0x00, 0x00, 0x04, 0xAC, 0xFF,
	0xFF, 0xFF, 0x4F, 0x00, 0x00, 0x4B, 0xFF, 0xFF, 0xE4, 0x37, 0x09, 0x2D,
	0xA5, 0xFF, 0xFF, 0xFF, 0x48, 0x00, 0x00, 0x09, 0xEA, 0xFF, 0xFF, 0xFF,
	0xFF, 0xFF, 0xFF, 0xFF, 0xFF, 0xFF, 0xDB, 0x07, 0x00, 0x00, 0x4C, 0xF9,
	0xFF, 0xFF, 0xFF, 0xFF, 0xFF, 0xF1, 0xE2, 0xFF, 0xFF, 0x68, 0x00, 0x00,
	0x00, 0x31, 0xAD, 0xEB, 0xFA, 0xE0, 0x97, 0x21, 0x5E, 0xFF, 0xFF, 0xCF,
	0x00, 0xFC, 0xFF, 0xFF, 0x90, 0xFB, 0xFF, 0xFF, 0x8F, 0xF2, 0xFF, 0xFF,
	0x85, 0xDF, 0xFF, 0xFF, 0x73, 0xBF, 0xFF, 0xFF, 0x56, 0x9A, 0xFF, 0xFF,
	0x31, 0x72, 0xFF, 0xFE, 0x0B, 0x44, 0xFF, 0xDE, 0x00, 0x00, 0x00, 0x00,
	0x00, 0x00, 0x00, 0x42, 0xCA, 0x27, 0x00, 0x00, 0x00, 0x00, 0x00, 0x03,
	0x8D, 0xFF, 0xFF, 0xD4, 0x0B, 0x00, 0x00, 0x00, 0x05, 0xB4, 0xFF, 0xFF,
	0xFB, 0x7F, 0x05, 0x00, 0x00, 0x00, 0xA7, 0xFF, 0xFF, 0xF1, 0x43, 0x00,
	0x00, 0x00, 0x00, 0x62, 0xFF, 0xFF, 0xF8, 0x3E, 0x00, 0x00, 0x00, 0x00,
	0x0C, 0xEC, 0xFF, 0xFF, 0x71, 0x00, 0x00, 0x00, 0x00, 0x00, 0x73, 0xFF,
	0xFF, 0xD3, 0x02, 0x00, 0x00, 0x00, 0x00, 0x00, 0xD0, 0xFF, 0xFF, 0x5D,
	0x00, 0x00, 0x00, 0x00, 0x00, 0x19, 0xFF, 0xFF, 0xFA, 0x0D, 0x00, 0x00,
	0x00, 0x00, 0x00, 0x4A, 0xFF, 0xFF, 0xCF, 0x00, 0x00, 0x00, 0x00, 0x00,
	0x00, 0x67, 0xFF, 0xFF, 0xAC, 0x00, 0x00, 0x00, 0x00, 0x00, 0x00, 0x74,
	0xFF, 0xFF, 0x9F, 0x00, 0x00, 0x00, 0x00, 0x00, 0x00, 0x6A, 0xFF, 0xFF,
	0xA8, 0x00, 0x00, 0x00, 0x00, 0x00, 0x00, 0x54, 0xFF, 0xFF, 0xC3, 0x00,
	0x00, 0x00, 0x00, 0x00, 0x00, 0x25, 0xFF, 0xFF, 0xF2, 0x04, 0x00, 0x00,
	0x00, 0x00, 0x00, 0x01, 0xE1, 0xFF, 0xFF, 0x46, 0x00, 0x00, 0x00, 0x00,
	0x00, 0x00, 0x8A, 0xFF, 0xFF, 0xB7, 0x00, 0x00, 0x00, 0x00, 0x00, 0x00,
	0x1B, 0xF8, 0xFF, 0xFF, 0x4E, 0x00, 0x00, 0x00, 0x00, 0x00, 0x00, 0x81,
	0xFF, 0xFF, 0xEC, 0x26, 0x00, 0x00, 0x00, 0x00, 0x00, 0x04, 0xC3, 0xFF,
	0xFF, 0xE3, 0x2D, 0x00, 0x00, 0x00, 0x00, 0x00, 0x0F, 0xCB, 0xFF, 0xFF,
	0xF3, 0x67, 0x01, 0x00, 0x00, 0x00, 0x00, 0x0A, 0xA6, 0xFF, 0xFF, 0xC2,
	0x04, 0x00, 0x00, 0x00, 0x00, 0x00, 0x00, 0x55, 0xCA, 0x18, 0x00, 0x00,
	0x8C, 0x96, 0x10, 0x00, 0x00, 0x00, 0x00, 0x00, 0x00, 0x52, 0xFF, 0xFF,
	0xE4, 0x37, 0x00, 0x00, 0x00, 0x00, 0x00, 0x29, 0xC7, 0xFF, 0xFF, 0xF8,
	0x4C, 0x00, 0x00, 0x00, 0x00, 0x00, 0x05, 0xA0, 0xFF, 0xFF, 0xF7, 0x39,
	0x00, 0x00, 0x00, 0x00, 0x00, 0x01, 0xA8, 0xFF, 0xFF, 0xDD, 0x0C, 0x00,
	0x00, 0x00, 0x00, 0x00, 0x0B, 0xD9, 0xFF, 0xFF, 0x81, 0x00, 0x00, 0x00,
	0x00, 0x00, 0x00, 0x4B, 0xFF, 0xFF, 0xF0, 0x0C, 0x00, 0x00, 0x00, 0x00,
	0x00, 0x00, 0xD3, 0xFF, 0xFF, 0x59, 0x00, 0x00, 0x00, 0x00, 0x00, 0x00,
	0x7C, 0xFF, 0xFF, 0xA3, 0x00, 0x00, 0x00, 0x00, 0x00, 0x00, 0x44, 0xFF,
	0xFF, 0xD5, 0x00, 0x00, 0x00, 0x00, 0x00, 0x00, 0x21, 0xFF, 0xFF, 0xF1,
	0x00, 0x00, 0x00, 0x00, 0x00, 0x00, 0x14, 0xFF, 0xFF, 0xFE, 0x00, 0x00,
	0x00, 0x00, 0x00, 0x00, 0x1E, 0xFF, 0xFF, 0xF5, 0x00, 0x00, 0x00, 0x00,
	0x00, 0x00, 0x38, 0xFF, 0xFF, 0xDE, 0x00, 0x00, 0x00, 0x00, 0x00, 0x00,
	0x6B, 0xFF, 0xFF, 0xB0, 0x00, 0x00, 0x00, 0x00, 0x00, 0x00, 0xBB, 0xFF,
	0xFF, 0x6E, 0x00, 0x00, 0x00, 0x00, 0x00, 0x2E, 0xFE, 0xFF, 0xFB, 0x19,
	0x00, 0x00, 0x00, 0x00, 0x02, 0xBF, 0xFF, 0xFF, 0x9E, 0x00, 0x00, 0x00,
	0x00, 0x00, 0x85, 0xFF, 0xFF, 0xEF, 0x1C, 0x00, 0x00, 0x00, 0x00, 0x80,
	0xFF, 0xFF, 0xFE, 0x55, 0x00, 0x00, 0x00, 0x1A, 0xB2, 0xFF, 0xFF, 0xFE,
	0x68, 0x00, 0x00, 0x00, 0x00, 0x3C, 0xFB, 0xFF, 0xF0, 0x4C, 0x00, 0x00,
	0x00, 0x00, 0x00, 0x00, 0x72, 0xA9, 0x1B, 0x00, 0x00, 0x00, 0x00, 0x00,
	0x00, 0x00, 0x00, 0x00, 0x00, 0xC3, 0xFF, 0xFF, 0x5F, 0x00, 0x00, 0x00,
	0x00, 0x00, 0x00, 0x00, 0x00, 0xAD, 0xFF, 0xFF, 0x49, 0x00, 0x00, 0x00,
	0x00, 0x05, 0xD6, 0x8F, 0x13, 0x74, 0xFF, 0xFC, 0x12, 0x34, 0xAD, 0x89,
	0x00, 0x50, 0xFF, 0xFF, 0xEC, 0x82, 0xFF, 0xCB, 0x9A, 0xFE, 0xFF, 0xE6,
	0x02, 0x90, 0xFF, 0xFF, 0xFF, 0xFF, 0xFF, 0xFF, 0xFF, 0xFF, 0xFF, 0xF8,
	0x31, 0x00, 0x00, 0x00, 0x37, 0xE4, 0xFF, 0xFF, 0xA8, 0x0B, 0x00, 0x00,
	0x00, 0x00, 0x00, 0x48, 0xF6, 0xFF, 0xBF, 0xFD, 0xFF, 0xCC, 0x12, 0x00,
	0x00, 0x00, 0x2C, 0xF4, 0xFF, 0xFF, 0x52, 0xB9, 0xFF, 0xFF, 0xBE, 0x03,
	0x00, 0x00, 0x33, 0xDF, 0xFF, 0xE2, 0x04, 0x49, 0xFF, 0xFF, 0xA0, 0x08,
	0x00, 0x00, 0x00, 0x10, 0xAC, 0x50, 0x00, 0x00, 0xA7, 0x60, 0x00, 0x00,
	0x00, 0x00, 0x00, 0x00, 0x00, 0xB0, 0xFF, 0xFF, 0x30, 0x00, 0x00, 0x00,
	0x00, 0x00, 0x00, 0x00, 0x00, 0xB0, 0xFF, 0xFF, 0x30, 0x00, 0x00, 0x00,
	0x00, 0x00, 0x00, 0x00, 0x00, 0xB0, 0xFF, 0xFF, 0x30, 0x00, 0x00, 0x00,
	0x00, 0x00, 0x00, 0x00, 0x00, 0xB0, 0xFF, 0xFF, 0x30, 0x00, 0x00, 0x00,
	0x00, 0x00, 0x00, 0x00, 0x00, 0xB0, 0xFF, 0xFF, 0x30, 0x00, 0x00, 0x00,
	0x00, 0xEC, 0xFF, 0xFF, 0xFF, 0xFF, 0xFF, 0xFF, 0xFF, 0xFF, 0xFF, 0xFF,
	0x6C, 0xEC, 0xFF, 0xFF, 0xFF, 0xFF, 0xFF, 0xFF, 0xFF, 0xFF, 0xFF, 0xFF,
	0x6C, 0xEC, 0xFF, 0xFF, 0xFF, 0xFF, 0xFF, 0xFF, 0xFF, 0xFF, 0xFF, 0xFF,
	0x6C, 0x00, 0x00, 0x00, 0x00, 0xB0, 0xFF, 0xFF, 0x30, 0x00, 0x00, 0x00,
	0x00, 0x00, 0x00, 0x00, 0x00, 0xB0, 0xFF, 0xFF, 0x30, 0x00, 0x00, 0x00,
	0x00, 0x00, 0x00, 0x00, 0x00, 0xB0, 0xFF, 0xFF, 0x30, 0x00, 0x00, 0x00,
	0x00, 0x00, 0x00, 0x00, 0x00, 0xB0, 0xFF, 0xFF, 0x30, 0x00, 0x00, 0x00,
	0x00, 0x00, 0x00, 0x00, 0x00, 0xB0, 0xFF, 0xFF, 0x30, 0x00, 0x00, 0x00,
	0x00, 0x00, 0x00, 0x76, 0xEA, 0xE4, 0x5F, 0x00, 0x00, 0x3C, 0xFF, 0xFF,
	0xFF, 0xF9, 0x1C, 0x00, 0x6D, 0xFF, 0xFF, 0xFF, 0xFF, 0x51, 0x00, 0x3C,
	0xFF, 0xFF, 0xFF, 0xFF, 0x54, 0x00, 0x00, 0x7A, 0xED, 0xFF, 0xFF, 0x2A,
	0x00, 0x00, 0x00, 0x90, 0xFF, 0xD2, 0x00, 0x09, 0x41, 0xA3, 0xFF, 0xFC,
	0x41, 0x00, 0x7D, 0xFF, 0xFF, 0xF5, 0x58, 0x00, 0x00, 0x43, 0xDB, 0x92,
	0x21, 0x00, 0x00, 0x00, 0xF4, 0xFF, 0xFF, 0xFF, 0xFF, 0xFF, 0xFF, 0x74,
	0xF4, 0xFF, 0xFF, 0xFF, 0xFF, 0xFF, 0xFF, 0x74, 0xF4, 0xFF, 0xFF, 0xFF,
	0xFF, 0xFF, 0xFF, 0x74, 0x04, 0x99, 0xF0, 0xD7, 0x42, 0x00, 0x6C, 0xFF,
	0xFF, 0xFF, 0xEF, 0x07, 0x9B, 0xFF, 0xFF, 0xFF, 0xFF, 0x24, 0x6A, 0xFF,
	0xFF, 0xFF, 0xEF, 0x07, 0x04, 0x99, 0xF0, 0xD8, 0x45, 0x00, 0x00, 0x00,
	0x00, 0x00, 0x00, 0x00, 0x00, 0x57, 0xFF, 0xFF, 0xFC, 0x15, 0x00, 0x00,
	0x00, 0x00, 0x00, 0x00, 0x00, 0xAB, 0xFF, 0xFF, 0xBE, 0x00, 0x00, 0x00,
	0x00, 0x00, 0x00, 0x00, 0x09, 0xF4, 0xFF, 0xFF, 0x6A, 0x00, 0x00, 0x00,
	0x00, 0x00, 0x00, 0x00, 0x53, 0xFF, 0xFF, 0xFD, 0x19, 0x00, 0x00, 0x00,
	0x00, 0x00, 0x00, 0x00, 0xA7, 0xFF, 0xFF, 0xC3, 0x00, 0x00, 0x00, 0x00,
	0x00, 0x00, 0x00, 0x08, 0xF2, 0xFF, 0xFF, 0x6F, 0x00, 0x00, 0x00, 0x00,
	0x00, 0x00, 0x00, 0x50, 0xFF, 0xFF, 0xFE, 0x1D, 0x00, 0x00, 0x00, 0x00,
	0x00, 0x00, 0x00, 0xA4, 0xFF, 0xFF, 0xC8, 0x00, 0x00, 0x00, 0x00, 0x00,
	0x00, 0x00, 0x06, 0xF0, 0xFF, 0xFF, 0x74, 0x00, 0x00, 0x00, 0x00, 0x00,
	0x00, 0x00, 0x4C, 0xFF, 0xFF, 0xFF, 0x21, 0x00, 0x00, 0x00, 0x00, 0x00,
	0x00, 0x00, 0xA0, 0xFF, 0xFF, 0xCD, 0x00, 0x00, 0x00, 0x00, 0x00, 0x00,
	0x00, 0x05, 0xEE, 0xFF, 0xFF, 0x79, 0x00, 0x00, 0x00, 0x00, 0x00, 0x00,
	0x00, 0x49, 0xFF, 0xFF, 0xFF, 0x26, 0x00, 0x00, 0x00, 0x00, 0x00, 0x00,
	0x00, 0x9D, 0xFF, 0xFF, 0xD2, 0x00, 0x00, 0x00, 0x00, 0x00, 0x00, 0x00,
	0x04, 0xEC, 0xFF, 0xFF, 0x7E, 0x00, 0x00, 0x00, 0x00, 0x00, 0x00, 0x00,
	0x45, 0xFF, 0xFF, 0xFF, 0x2B, 0x00, 0x00, 0x00, 0x00, 0x00, 0x00, 0x00,
	0x99, 0xFF, 0xFF, 0xD7, 0x00, 0x00, 0x00, 0x00, 0x00, 0x00, 0x00, 0x03,
	0xE9, 0xFF, 0xFF, 0x83, 0x00, 0x00, 0x00, 0x00, 0x00, 0x00, 0x00, 0x42,
	0xFF, 0xFF, 0xFF, 0x30, 0x00, 0x00, 0x00, 0x00, 0x00, 0x00, 0x00, 0x96,
	0xFF, 0xFF, 0xDC, 0x00, 0x00, 0x00, 0x00, 0x00, 0x00, 0x00, 0x02, 0xE7,
	0xFF, 0xFF, 0x88, 0x00, 0x00, 0x00, 0x00, 0x00, 0x00, 0x00, 0x3E, 0xFF,
	0xFF, 0xFF, 0x35, 0x00, 0x00, 0x00, 0x00, 0x00, 0x00, 0x00, 0x92, 0xFF,
	0xFF, 0xE1, 0x00, 0x00, 0x00, 0x00, 0x00, 0x00, 0x00, 0x00, 0x00, 0x00,
	0x00, 0x0F, 0x88, 0xD9, 0xF7, 0xEC, 0xB9, 0x4D, 0x00, 0x00, 0x00, 0x00,
	0x00, 0x1C, 0xDF, 0xFF, 0xFF, 0xFF, 0xFF, 0xFF, 0xFF, 0x87, 0x00, 0x00,
	0x00, 0x00, 0xC3, 0xFF, 0xFF, 0xFF, 0xFF, 0xFF, 0xFF, 0xFF, 0xFF, 0x4C,
	0x00, 0x00, 0x44, 0xFF, 0xFF, 0xFE, 0x71, 0x0B, 0x2A, 0xCE, 0xFF, 0xFF,
	0xC9, 0x00, 0x00, 0x99, 0xFF, 0xFF, 0xA3, 0x00, 0x00, 0x00, 0x26, 0xFE,
	0xFF, 0xFF, 0x1C, 0x00, 0xCF, 0xFF, 0xFF, 0x44, 0x00, 0x00, 0x00, 0x00,
	0xC5, 0xFF, 0xFF, 0x4F, 0x00, 0xF5, 0xFF, 0xFF, 0x12, 0x36, 0xE9, 0xA8,
	0x00, 0x93, 0xFF, 0xFF, 0x74, 0x04, 0xFF, 0xFF, 0xF9, 0x00, 0xA7, 0xFF,
	0xFF, 0x2E, 0x7A, 0xFF, 0xFF, 0x84, 0x0D, 0xFF, 0xFF, 0xF2, 0x00, 0xA9,
	0xFF, 0xFF, 0x30, 0x72, 0xFF, 0xFF, 0x8C, 0x04, 0xFF, 0xFF, 0xF9, 0x00,
	0x3A, 0xEA, 0xAD, 0x00, 0x7A, 0xFF, 0xFF, 0x83, 0x00, 0xF5, 0xFF, 0xFF,
	0x12, 0x00, 0x00, 0x00, 0x00, 0x93, 0xFF, 0xFF, 0x73, 0x00, 0xD0, 0xFF,
	0xFF, 0x44, 0x00, 0x00, 0x00, 0x00, 0xC5, 0xFF, 0xFF, 0x4E, 0x00, 0x9B,
	0xFF, 0xFF, 0xA3, 0x00, 0x00, 0x00, 0x25, 0xFD, 0xFF, 0xFF, 0x1B, 0x00,
	0x4A, 0xFF, 0xFF, 0xFE, 0x70, 0x0B, 0x29, 0xCD, 0xFF, 0xFF, 0xC8, 0x00,
	0x00, 0x01, 0xCB, 0xFF, 0xFF, 0xFF, 0xFF, 0xFF, 0xFF, 0xFF, 0xFF, 0x4C,
	0x00, 0x00, 0x00, 0x22, 0xE6, 0xFF, 0xFF, 0xFF, 0xFF, 0xFF, 0xFF, 0x88,
	0x00, 0x00, 0x00, 0x00, 0x00, 0x13, 0x8D, 0xDC, 0xF8, 0xEE, 0xBB, 0x4E,
	0x00, 0x00, 0x00, 0x00, 0x00, 0x00, 0x00, 0x09, 0xB5, 0xFF, 0xFF, 0x14,
	0x00, 0x00, 0x00, 0x00, 0x00, 0x00, 0x2E, 0xD1, 0xFF, 0xFF, 0xFF, 0x14,
	0x00, 0x00, 0x00, 0x00, 0x15, 0x91, 0xFA, 0xFF, 0xFF, 0xFF, 0xFF, 0x14,
	0x00, 0x00, 0x00, 0x69, 0xF6, 0xFF, 0xFF, 0xFF, 0xFF, 0xFF, 0xFF, 0x14,
	0x00, 0x00, 0x00, 0x50, 0xFF, 0xFF, 0xFF, 0xDF, 0xFF, 0xFF, 0xFF, 0x14,
	0x00, 0x00, 0x00, 0x04, 0xE7, 0xCE, 0x53, 0x40, 0xFF, 0xFF, 0xFF, 0x14,
	0x00, 0x00, 0x00, 0x00, 0x18, 0x00, 0x00, 0x40, 0xFF, 0xFF, 0xFF, 0x14,
	0x00, 0x00, 0x00, 0x00, 0x00, 0x00, 0x00, 0x40, 0xFF, 0xFF, 0xFF, 0x14,
	0x00, 0x00, 0x00, 0x00, 0x00, 0x00, 0x00, 0x40, 0xFF, 0xFF, 0xFF, 0x14,
	0x00, 0x00, 0x00, 0x00, 0x00, 0x00, 0x00, 0x40, 0xFF, 0xFF, 0xFF, 0x14,
	0x00, 0x00, 0x00, 0x00, 0x00, 0x00, 0x00, 0x40, 0xFF, 0xFF, 0xFF, 0x14,
	0x00, 0x00, 0x00, 0x00, 0x00, 0x00, 0x00, 0x40, 0xFF, 0xFF, 0xFF, 0x14,
	0x00, 0x00, 0x00, 0x00, 0x00, 0x00, 0x00, 0x40, 0xFF, 0xFF, 0xFF, 0x14,
	0x00, 0x00, 0x00, 0x00, 0x00, 0x00, 0x00, 0x40, 0xFF, 0xFF, 0xFF, 0x14,
	0x00, 0x00, 0x00, 0x00, 0xC4, 0xFF, 0xFF, 0xFF, 0xFF, 0xFF, 0xFF, 0xFF,
	0xFF, 0xFF, 0x64, 0x00, 0xC4, 0xFF, 0xFF, 0xFF, 0xFF, 0xFF, 0xFF, 0xFF,
	0xFF, 0xFF, 0x64, 0x00, 0xC4, 0xFF, 0xFF, 0xFF, 0xFF, 0xFF, 0xFF, 0xFF,
	0xFF, 0xFF, 0x64, 0x00, 0x02, 0x57, 0xB0, 0xE6, 0xFA, 0xE7, 0xA9, 0x3B,
	0x00, 0x00, 0x00, 0x1F, 0xCE, 0xFF, 0xFF, 0xFF, 0xFF, 0xFF, 0xFF, 0xFE,
	0x75, 0x00, 0x00, 0x9E, 0xFF, 0xFF, 0xFF, 0xFF, 0xFF, 0xFF, 0xFF, 0xFF,
	0xFD, 0x31, 0x00, 0x15, 0xE8, 0xE9, 0x68, 0x17, 0x0F, 0x73, 0xFF, 0xFF,
	0xFF, 0x8F, 0x00, 0x00, 0x41, 0x1D, 0x00, 0x00, 0x00, 0x00, 0xC6, 0xFF,
	0xFF, 0xB0, 0x00, 0x00, 0x00, 0x00, 0x00, 0x00, 0x00, 0x00, 0xBB, 0xFF,
	0xFF, 0x9C, 0x00, 0x00, 0x00, 0x00, 0x00, 0x00, 0x00, 0x31, 0xFC, 0xFF,
	0xFF, 0x43, 0x00, 0x00, 0x00, 0x00, 0x00, 0x00, 0x1D, 0xE1, 0xFF, 0xFF,
	0xB3, 0x00, 0x00, 0x00, 0x00, 0x00, 0x00, 0x22, 0xDE, 0xFF, 0xFF, 0xDC,
	0x14, 0x00, 0x00, 0x00, 0x00, 0x00, 0x26, 0xE5, 0xFF, 0xFF, 0xE2, 0x24,
	0x00, 0x00, 0x00, 0x00, 0x00, 0x1E, 0xE2, 0xFF, 0xFF, 0xDB, 0x1F, 0x00,
	0x00, 0x00, 0x00, 0x00, 0x0A, 0xD6, 0xFF, 0xFF, 0xD8, 0x17, 0x00, 0x00,
	0x00, 0x00, 0x00, 0x00, 0x8B, 0xFF, 0xFF, 0xEE, 0x1F, 0x00, 0x00, 0x00,
	0x00, 0x00, 0x00, 0x10, 0xF7, 0xFF, 0xFF, 0x6F, 0x00, 0x00, 0x00, 0x00,
	0x00, 0x00, 0x00, 0x55, 0xFF, 0xFF, 0xFF, 0xFF, 0xFF, 0xFF, 0xFF, 0xFF,
	0xFF, 0xFF, 0x78, 0x74, 0xFF, 0xFF, 0xFF, 0xFF, 0xFF, 0xFF, 0xFF, 0xFF,
	0xFF, 0xFF, 0x78, 0x7A, 0xFF, 0xFF, 0xFF, 0xFF, 0xFF, 0xFF, 0xFF, 0xFF,
	0xFF, 0xFF, 0x78, 0x00, 0x19, 0x83, 0xD0, 0xF2, 0xF7, 0xDD, 0x9C, 0x2C,
	0x00, 0x00, 0x00, 0x53, 0xF7, 0xFF, 0xFF, 0xFF, 0xFF, 0xFF, 0xFF, 0xF9,
	0x55, 0x00, 0x00, 0x28, 0xFD, 0xFF, 0xFF, 0xFF, 0xFF, 0xFF, 0xFF, 0xFF,
	0xF4, 0x14, 0x00, 0x00, 0xAA, 0xA5, 0x3D, 0x0C, 0x10, 0x87, 0xFF, 0xFF,
	0xFF, 0x61, 0x00, 0x00, 0x01, 0x00, 0x00, 0x00, 0x00, 0x01, 0xEB, 0xFF,
	0xFF, 0x80, 0x00, 0x00, 0x00, 0x00, 0x00, 0x00, 0x00, 0x06, 0xEF, 0xFF,
	0xFF, 0x64, 0x00, 0x00, 0x00, 0x00, 0x00, 0x05, 0x2D, 0xB2, 0xFF, 0xFF,
	0xEA, 0x0E, 0x00, 0x00, 0x00, 0x00, 0xF4, 0xFF, 0xFF, 0xFF, 0xFF, 0xE5,
	0x38, 0x00, 0x00, 0x00, 0x00, 0x00, 0xF4, 0xFF, 0xFF, 0xFF, 0xFF, 0xEA,
	0x60, 0x00, 0x00, 0x00, 0x00, 0x00, 0xF4, 0xFF, 0xFF, 0xFF, 0xFF, 0xFF,
	0xFF, 0x5F, 0x00, 0x00, 0x00, 0x00, 0x00, 0x08, 0x20, 0x62, 0xE1, 0xFF,
	0xFF, 0xE5, 0x01, 0x00, 0x00, 0x00, 0x00, 0x00, 0x00, 0x00, 0x4B, 0xFF,
	0xFF, 0xFF, 0x1C, 0x00, 0x00, 0x00, 0x00, 0x00, 0x00, 0x00, 0x57, 0xFF,
	0xFF, 0xFF, 0x1E, 0x48, 0x94, 0x46, 0x15, 0x04, 0x0C, 0x47, 0xE3, 0xFF,
	0xFF, 0xEB, 0x02, 0x8D, 0xFF, 0xFF, 0xFF, 0xFF, 0xFF, 0xFF, 0xFF, 0xFF,
	0xFF, 0x7E, 0x00, 0xC5, 0xFF, 0xFF, 0xFF, 0xFF, 0xFF, 0xFF, 0xFF, 0xFF,
	0xA2, 0x03, 0x00, 0x30, 0x81, 0xBA, 0xE6, 0xFA, 0xF5, 0xDB, 0xA3, 0x43,
	0x00, 0x00, 0x00, 0x00, 0x00, 0x00, 0x00, 0x00, 0x00, 0x00, 0x6C, 0xFF,
	0xFF, 0xFF, 0x04, 0x00, 0x00, 0x00, 0x00, 0x00, 0x00, 0x00, 0x54, 0xFE,
	0xFF, 0xFF, 0xFF, 0x04, 0x00, 0x00, 0x00, 0x00, 0x00, 0x00, 0x2F, 0xF5,
	0xFF, 0xFF, 0xFF, 0xFF, 0x04, 0x00, 0x00, 0x00, 0x00, 0x00, 0x0D, 0xDA,
	0xFF, 0xFF, 0xFF, 0xFF, 0xFF, 0x04, 0x00, 0x00, 0x00, 0x00, 0x00, 0xA5,
	0xFF, 0xFF, 0xC5, 0xFF, 0xFF, 0xFF, 0x04, 0x00, 0x00, 0x00, 0x00, 0x5D,
	0xFF, 0xFF, 0xB6, 0x51, 0xFF, 0xFF, 0xFF, 0x04, 0x00, 0x00, 0x00, 0x17,
	0xED, 0xFF, 0xEB, 0x18, 0x50, 0xFF, 0xFF, 0xFF, 0x04, 0x00, 0x00, 0x00,
	0xAD, 0xFF, 0xFF, 0x59, 0x00, 0x50, 0xFF, 0xFF, 0xFF, 0x04, 0x00, 0x00,
	0x49, 0xFF, 0xFF, 0xBA, 0x00, 0x00, 0x50, 0xFF, 0xFF, 0xFF, 0x04, 0x00,
	0x03, 0xD5, 0xFF, 0xFE, 0x31, 0x00, 0x00, 0x50, 0xFF, 0xFF, 0xFF, 0x04,
	0x00, 0x3E, 0xFF, 0xFF, 0xFF, 0xFF, 0xFF, 0xFF, 0xFF, 0xFF, 0xFF, 0xFF,
	0xFF, 0xD4, 0x44, 0xFF, 0xFF, 0xFF, 0xFF, 0xFF, 0xFF, 0xFF, 0xFF, 0xFF,
	0xFF, 0xFF, 0xD4, 0x44, 0xFF, 0xFF, 0xFF, 0xFF, 0xFF, 0xFF, 0xFF, 0xFF,
	0xFF, 0xFF, 0xFF, 0xD4, 0x00, 0x00, 0x00, 0x00, 0x00, 0x00, 0x00, 0x50,
	0xFF, 0xFF, 0xFF, 0x04, 0x00, 0x00, 0x00, 0x00, 0x00, 0x00, 0x00, 0x00,
	0x50, 0xFF, 0xFF, 0xFF, 0x04, 0x00, 0x00, 0x00, 0x00, 0x00, 0x00, 0x00,
	0x00, 0x50, 0xFF, 0xFF, 0xFF, 0x04, 0x00, 0x00, 0x00, 0x00, 0x00, 0x00,
	0x00, 0x00, 0x50, 0xFF, 0xFF, 0xFF, 0x04, 0x00, 0x00, 0x00, 0x20, 0xFF,
	0xFF, 0xFF, 0xFF, 0xFF, 0xFF, 0xFF, 0xFF, 0x74, 0x00, 0x00, 0x00, 0x2E,
	0xFF, 0xFF, 0xFF, 0xFF, 0xFF, 0xFF, 0xFF, 0xFF, 0x74, 0x00, 0x00, 0x00,
	0x3D, 0xFF, 0xFF, 0xFF, 0xFF, 0xFF, 0xFF, 0xFF, 0xFF, 0x74, 0x00, 0x00,
	0x00, 0x4B, 0xFF, 0xFF, 0xA8, 0x00, 0x00, 0x00, 0x00, 0x00, 0x00, 0x00,
	0x00, 0x00, 0x5B, 0xFF, 0xFF, 0x92, 0x00, 0x00, 0x00, 0x00, 0x00, 0x00,
	0x00, 0x00, 0x00, 0x72, 0xFF, 0xFF, 0x79, 0x00, 0x00, 0x00, 0x00, 0x00,
	0x00, 0x00, 0x00, 0x00, 0x8A, 0xFF, 0xFF, 0xFA, 0xDF, 0xB0, 0x68, 0x0D,
	0x00, 0x00, 0x00, 0x00, 0x00, 0xA1, 0xFF, 0xFF, 0xFF, 0xFF, 0xFF, 0xFF,
	0xEA, 0x48, 0x00, 0x00, 0x00, 0x00, 0xB8, 0xFF, 0xFF, 0xFF, 0xFF, 0xFF,
	0xFF, 0xFF, 0xF8, 0x31, 0x00, 0x00, 0x00, 0x02, 0x09, 0x18, 0x35, 0x6B,
	0xCD, 0xFF, 0xFF, 0xFF, 0xB0, 0x00, 0x00, 0x00, 0x00, 0x00, 0x00, 0x00,
	0x00, 0x02, 0xB7, 0xFF, 0xFF, 0xF3, 0x00, 0x00, 0x00, 0x00, 0x00, 0x00,
	0x00, 0x00, 0x00, 0x66, 0xFF, 0xFF, 0xFF, 0x09, 0x00, 0x00, 0x00, 0x00,
	0x00, 0x00, 0x00, 0x00, 0x7C, 0xFF, 0xFF, 0xF7, 0x00, 0x00, 0x58, 0x6E,
	0x2B, 0x0B, 0x03, 0x16, 0x64, 0xF4, 0xFF, 0xFF, 0xB7, 0x00, 0x00, 0xB1,
	0xFF, 0xFF, 0xFF, 0xFF, 0xFF, 0xFF, 0xFF, 0xFF, 0xFB, 0x38, 0x00, 0x00,
	0xEB, 0xFF, 0xFF, 0xFF, 0xFF, 0xFF, 0xFF, 0xFF, 0xF3, 0x55, 0x00, 0x00,
	0x01, 0x51, 0x9D, 0xD1, 0xF1, 0xFC, 0xEE, 0xC9, 0x82, 0x1B, 0x00, 0x00,
	0x00, 0x00, 0x00, 0x00, 0x00, 0x00, 0x15, 0x6F, 0xAE, 0xDD, 0xF0, 0x56,
	0x00, 0x00, 0x00, 0x00, 0x08, 0x8E, 0xF6, 0xFF, 0xFF, 0xFF, 0xFF, 0x67,
	0x00, 0x00, 0x00, 0x17, 0xCF, 0xFF, 0xFF, 0xFF, 0xFF, 0xFF, 0xFF, 0x77,
	0x00, 0x00, 0x07, 0xC7, 0xFF, 0xFF, 0xFF, 0xD4, 0x7C, 0x35, 0x19, 0x03,
	0x00, 0x00, 0x77, 0xFF, 0xFF, 0xFE, 0x81, 0x04, 0x00, 0x00, 0x00, 0x00,
	0x00, 0x09, 0xEC, 0xFF, 0xFF, 0x8E, 0x00, 0x00, 0x00, 0x00, 0x00, 0x00,
	0x00, 0x48, 0xFF, 0xFF, 0xFF, 0xB7, 0xDF, 0xE3, 0xC1, 0x6D, 0x07, 0x00,
	0x00, 0x8A, 0xFF, 0xFF, 0xFF, 0xFF, 0xFF, 0xFF, 0xFF, 0xFF, 0xCD, 0x12,
	0x00, 0xA8, 0xFF, 0xFF, 0xFF, 0xFF, 0xFF, 0xFF, 0xFF, 0xFF, 0xFF, 0xA1,
	0x00, 0xBB, 0xFF, 0xFF, 0xB5, 0x30, 0x17, 0x37, 0xC2, 0xFF, 0xFF, 0xFA,
	0x0C, 0xBC, 0xFF, 0xFF, 0x87, 0x00, 0x00, 0x00, 0x22, 0xFF, 0xFF, 0xFF,
	0x36, 0xAB, 0xFF, 0xFF, 0x9A, 0x00, 0x00, 0x00, 0x01, 0xFC, 0xFF, 0xFF,
	0x42, 0x82, 0xFF, 0xFF, 0xDC, 0x01, 0x00, 0x00, 0x2C, 0xFF, 0xFF, 0xFF,
	0x26, 0x3D, 0xFF, 0xFF, 0xFF, 0x92, 0x0E, 0x24, 0xC6, 0xFF, 0xFF, 0xE0,
	0x00, 0x00, 0xCB, 0xFF, 0xFF, 0xFF, 0xFF, 0xFF, 0xFF, 0xFF, 0xFF, 0x67,
	0x00, 0x00, 0x26, 0xE4, 0xFF, 0xFF, 0xFF, 0xFF, 0xFF, 0xFF, 0xA0, 0x01,
	0x00, 0x00, 0x00, 0x14, 0x89, 0xD6, 0xF6, 0xF3, 0xC7, 0x5F, 0x00, 0x00,
	0x00, 0xAC, 0xFF, 0xFF, 0xFF, 0xFF, 0xFF, 0xFF, 0xFF, 0xFF, 0xFF, 0xFF,
	0x3C, 0xAC, 0xFF, 0xFF, 0xFF, 0xFF, 0xFF, 0xFF, 0xFF, 0xFF, 0xFF, 0xFF,
	0x3C, 0xAC, 0xFF, 0xFF, 0xFF, 0xFF, 0xFF, 0xFF, 0xFF, 0xFF, 0xFF, 0xFF,
	0x3C, 0x00, 0x00, 0x00, 0x00, 0x00, 0x00, 0x0B, 0xE5, 0xFF, 0xFF, 0xD0,
	0x09, 0x00, 0x00, 0x00, 0x00, 0x00, 0x00, 0x7C, 0xFF, 0xFF, 0xFB, 0x2C,
	0x00, 0x00, 0x00, 0x00, 0x00, 0x00, 0x0E, 0xEE, 0xFF, 0xFF, 0x8D, 0x00,
	0x00, 0x00, 0x00, 0x00, 0x00, 0x00, 0x72, 0xFF, 0xFF, 0xF1, 0x13, 0x00,
	0x00, 0x00, 0x00, 0x00, 0x00, 0x01, 0xDB, 0xFF, 0xFF, 0x89, 0x00, 0x00,
	0x00, 0x00, 0x00, 0x00, 0x00, 0x49, 0xFF, 0xFF, 0xFB, 0x1C, 0x00, 0x00,
	0x00, 0x00, 0x00, 0x00, 0x00, 0xB0, 0xFF, 0xFF, 0xB4, 0x00, 0x00, 0x00,
	0x00, 0x00, 0x00, 0x00, 0x0B, 0xF7, 0xFF, 0xFF, 0x57, 0x00, 0x00, 0x00,
	0x00, 0x00, 0x00, 0x00, 0x51, 0xFF, 0xFF, 0xF9, 0x0D, 0x00, 0x00, 0x00,
	0x00, 0x00, 0x00, 0x00, 0x9F, 0xFF, 0xFF, 0xBA, 0x00, 0x00, 0x00, 0x00,
	0x00, 0x00, 0x00, 0x00, 0xE7, 0xFF, 0xFF, 0x7C, 0x00, 0x00, 0x00, 0x00,
	0x00, 0x00, 0x00, 0x1D, 0xFF, 0xFF, 0xFF, 0x44, 0x00, 0x00, 0x00, 0x00,
	0x00, 0x00, 0x00, 0x49, 0xFF, 0xFF, 0xFF, 0x1D, 0x00, 0x00, 0x00, 0x00,
	0x00, 0x00, 0x00, 0x63, 0xFF, 0xFF, 0xFB, 0x03, 0x00, 0x00, 0x00, 0x00,
	0x00, 0x00, 0x00, 0x2B, 0x9E, 0xE0, 0xF8, 0xF5, 0xD0, 0x81, 0x0F, 0x00,
	0x00, 0x00, 0x54, 0xF9, 0xFF, 0xFF, 0xFF, 0xFF, 0xFF, 0xFF, 0xDF, 0x1E,
	0x00, 0x15, 0xF4, 0xFF, 0xFF, 0xFF, 0xFF, 0xFF, 0xFF, 0xFF, 0xFF, 0xAF,
	0x00, 0x69, 0xFF, 0xFF, 0xF1, 0x50, 0x0A, 0x1F, 0xAA, 0xFF, 0xFF, 0xF8,
	0x01, 0x89, 0xFF, 0xFF, 0x9F, 0x00, 0x00, 0x00, 0x26, 0xFF, 0xFF, 0xFA,
	0x03, 0x6E, 0xFF, 0xFF, 0xD1, 0x05, 0x00, 0x00, 0x4C, 0xFF, 0xFF, 0xC5,
	0x00, 0x19, 0xF0, 0xFF, 0xFF, 0xCB, 0x48, 0x1E, 0xDC, 0xFF, 0xFE, 0x48,
	0x00, 0x00, 0x40, 0xEC, 0xFF, 0xFF, 0xFF, 0xFD, 0xFF, 0xF7, 0x64, 0x00,
	0x00, 0x00, 0x2E, 0xE2, 0xFF, 0xFF, 0xFF, 0xFF, 0xFF, 0xF5, 0x68, 0x00,
	0x00, 0x16, 0xE8, 0xFF, 0xF7, 0x41, 0x54, 0xC9, 0xFF, 0xFF, 0xFF, 0x76,
	0x00, 0x8D, 0xFF, 0xFF, 0x7F, 0x00, 0x00, 0x00, 0x6E, 0xFF, 0xFF, 0xFB,
	0x1B, 0xDA, 0xFF, 0xFF, 0x2D, 0x00, 0x00, 0x00, 0x00, 0xC0, 0xFF, 0xFF,
	0x64, 0xF1, 0xFF, 0xFF, 0x46, 0x00, 0x00, 0x00, 0x00, 0xBF, 0xFF, 0xFF,
	0x78, 0xD3, 0xFF, 0xFF, 0xDC, 0x43, 0x0A, 0x1B, 0x89, 0xFF, 0xFF, 0xFF,
	0x51, 0x74, 0xFF, 0xFF, 0xFF, 0xFF, 0xFF, 0xFF, 0xFF, 0xFF, 0xFF, 0xE0,
	0x07, 0x05, 0xAE, 0xFF, 0xFF, 0xFF, 0xFF, 0xFF, 0xFF, 0xFF, 0xE6, 0x31,
	0x00, 0x00, 0x00, 0x54, 0xB4, 0xE8, 0xFB, 0xF1, 0xCC, 0x7E, 0x11, 0x00,
	0x00, 0x00, 0x00, 0x15, 0x90, 0xDF, 0xF9, 0xEA, 0xB1, 0x42, 0x00, 0x00,
	0x00, 0x00, 0x2B, 0xE8, 0xFF, 0xFF, 0xFF, 0xFF, 0xFF, 0xFF, 0x7A, 0x00,
	0x00, 0x06, 0xD9, 0xFF, 0xFF, 0xFF, 0xFF, 0xFF, 0xFF, 0xFF, 0xFF, 0x41,
	0x00, 0x5D, 0xFF, 0xFF, 0xF9, 0x59, 0x0C, 0x32, 0xE4, 0xFF, 0xFF, 0xBD,
	0x00, 0xA6, 0xFF, 0xFF, 0xA3, 0x00, 0x00, 0x00, 0x4E, 0xFF, 0xFF, 0xFE,
	0x0E, 0xC2, 0xFF, 0xFF, 0x7C, 0x00, 0x00, 0x00, 0x07, 0xFD, 0xFF, 0xFF,
	0x3B, 0xB6, 0xFF, 0xFF, 0xA4, 0x00, 0x00, 0x00, 0x00, 0xEC, 0xFF, 0xFF,
	0x4E, 0x84, 0xFF, 0xFF, 0xFC, 0x77, 0x2D, 0x26, 0x4F, 0xF7, 0xFF, 0xFF,
	0x4F, 0x22, 0xF8, 0xFF, 0xFF, 0xFF, 0xFF, 0xFF, 0xFF, 0xFF, 0xFF, 0xFF,
	0x3B, 0x00, 0x5C, 0xFA, 0xFF, 0xFF, 0xFF, 0xFF, 0xFF, 0xFF, 0xFF, 0xFF,
	0x1D, 0x00, 0x00, 0x29, 0x95, 0xCD, 0xDE, 0xBF, 0xD6, 0xFF, 0xFF, 0xDB,
	0x00, 0x00, 0x00, 0x00, 0x00, 0x00, 0x00, 0x20, 0xF3, 0xFF, 0xFF, 0x8A,
	0x00, 0x00, 0x00, 0x00, 0x00, 0x00, 0x27, 0xD8, 0xFF, 0xFF, 0xF6, 0x17,
	0x00, 0x00, 0x08, 0x24, 0x52, 0xAA, 0xF9, 0xFF, 0xFF, 0xFF, 0x66, 0x00,
	0x00, 0x00, 0xC0, 0xFF, 0xFF, 0xFF, 0xFF, 0xFF, 0xFE, 0x80, 0x00, 0x00,
	0x00, 0x00, 0xB6, 0xFF, 0xFF, 0xFF, 0xFF, 0xD9, 0x4A, 0x00, 0x00, 0x00,
	0x00, 0x00, 0xA9, 0xEA, 0xD0, 0x96, 0x4D, 0x02, 0x00, 0x00, 0x00, 0x00,
	0x00, 0x04, 0x99, 0xF0, 0xD7, 0x42, 0x00, 0x6C, 0xFF, 0xFF, 0xFF, 0xEF,
	0x07, 0x9B, 0xFF, 0xFF, 0xFF, 0xFF, 0x24, 0x6A, 0xFF, 0xFF, 0xFF, 0xEF,
	0x07, 0x04, 0x99, 0xF0, 0xD8, 0x45, 0x00, 0x00, 0x00, 0x00, 0x00, 0x00,
	0x00, 0x00, 0x00, 0x00, 0x00, 0x00, 0x00, 0x00, 0x00, 0x00, 0x00, 0x00,
	0x00, 0x04, 0x99, 0xF0, 0xD7, 0x42, 0x00, 0x6C, 0xFF, 0xFF, 0xFF, 0xEF,
	0x07, 0x9B, 0xFF, 0xFF, 0xFF, 0xFF, 0x24, 0x6A, 0xFF, 0xFF, 0xFF, 0xEF,
	0x07, 0x04, 0x99, 0xF0, 0xD8, 0x45, 0x00, 0x00, 0x04, 0x99, 0xF0, 0xD7,
	0x42, 0x00, 0x00, 0x6C, 0xFF, 0xFF, 0xFF, 0xEF, 0x07, 0x00, 0x9B, 0xFF,
	0xFF, 0xFF, 0xFF, 0x24, 0x00, 0x6A, 0xFF, 0xFF, 0xFF, 0xEF, 0x07, 0x00,
	0x04, 0x99, 0xF0, 0xD8, 0x45, 0x00, 0x00, 0x00, 0x00, 0x00, 0x00, 0x00,
	0x00, 0x00, 0x00, 0x00, 0x00, 0x00, 0x00, 0x00, 0x00, 0x00, 0x00, 0x00,
	0x00, 0x00, 0x00, 0x00, 0x07, 0x9F, 0xF1, 0xD5, 0x38, 0x00, 0x00, 0x74,
	0xFF, 0xFF, 0xFF, 0xDC, 0x01, 0x00, 0xA5, 0xFF, 0xFF, 0xFF, 0xFF, 0x19,
	0x00, 0x74, 0xFF, 0xFF, 0xFF, 0xFF, 0x1C, 0x00, 0x08, 0xA0, 0xF7, 0xFF,
	0xF0, 0x02, 0x00, 0x00, 0x02, 0xC5, 0xFF, 0x9A, 0x00, 0x12, 0x51, 0xC3,
	0xFF, 0xEB, 0x19, 0x00, 0xB5, 0xFF, 0xFF, 0xE3, 0x32, 0x00, 0x00, 0x78,
	0xCF, 0x7B, 0x10, 0x00, 0x00, 0x00, 0x00, 0x00, 0x00, 0x00, 0x00, 0x00,
	0x00, 0x00, 0x1E, 0x89, 0xA8, 0x00, 0x00, 0x00, 0x00, 0x00, 0x00, 0x00,
	0x3F, 0xAD, 0xFC, 0xFF, 0xFA, 0x0F, 0x00, 0x00, 0x00, 0x08, 0x63, 0xD0,
	0xFF, 0xFF, 0xFF, 0xFF, 0xFF, 0x59, 0x00, 0x1D, 0x87, 0xEC, 0xFF, 0xFF,
	0xFF, 0xFF, 0xFF, 0xC9, 0x63, 0x0A, 0x8E, 0xFB, 0xFF, 0xFF, 0xFF, 0xFF,
	0xF0, 0x95, 0x2E, 0x00, 0x00, 0x00, 0xC8, 0xFF, 0xFF, 0xFF, 0xC7, 0x61,
	0x0A, 0x00, 0x00, 0x00, 0x00, 0x00, 0xC8, 0xFF, 0xFF, 0xFF, 0xC6, 0x60,
	0x09, 0x00, 0x00, 0x00, 0x00, 0x00, 0x89, 0xF9, 0xFF, 0xFF, 0xFF, 0xFF,
	0xF0, 0x94, 0x2E, 0x00, 0x00, 0x00, 0x00, 0x18, 0x81, 0xE9, 0xFF, 0xFF,
	0xFF, 0xFF, 0xFF, 0xC8, 0x62, 0x0A, 0x00, 0x00, 0x00, 0x07, 0x5F, 0xCD,
	0xFF, 0xFF, 0xFF, 0xFF, 0xFF, 0x59, 0x00, 0x00, 0x00, 0x00, 0x00, 0x00,
	0x3C, 0xAB, 0xFC, 0xFF, 0xFA, 0x0F, 0x00, 0x00, 0x00, 0x00, 0x00, 0x00,
	0x00, 0x00, 0x1E, 0x89, 0xA9, 0x00, 0xEC, 0xFF, 0xFF, 0xFF, 0xFF, 0xFF,
	0xFF, 0xFF, 0xFF, 0xFF, 0xFF, 0x6C, 0xEC, 0xFF, 0xFF, 0xFF, 0xFF, 0xFF,
	0xFF, 0xFF, 0xFF, 0xFF, 0xFF, 0x6C, 0xEC, 0xFF, 0xFF, 0xFF, 0xFF, 0xFF,
	0xFF, 0xFF, 0xFF, 0xFF, 0xFF, 0x6C, 0x00, 0x00, 0x00, 0x00, 0x00, 0x00,
	0x00, 0x00, 0x00, 0x00, 0x00, 0x00, 0x00, 0x00, 0x00, 0x00, 0x00, 0x00,
	0x00, 0x00, 0x00, 0x00, 0x00, 0x00, 0x00, 0x00, 0x00, 0x00, 0x00, 0x00,
	0x00, 0x00, 0x00, 0x00, 0x00, 0x00, 0xEC, 0xFF, 0xFF, 0xFF, 0xFF, 0xFF,
	0xFF, 0xFF, 0xFF, 0xFF, 0xFF, 0x6C, 0xEC, 0xFF, 0xFF, 0xFF, 0xFF, 0xFF,
	0xFF, 0xFF, 0xFF, 0xFF, 0xFF, 0x6C, 0xEC, 0xFF, 0xFF, 0xFF, 0xFF, 0xFF,
	0xFF, 0xFF, 0xFF, 0xFF, 0xFF, 0x6C, 0x24, 0xCA, 0x5C, 0x06, 0x00, 0x00,
	0x00, 0x00, 0x00, 0x00, 0x00, 0x00, 0x75, 0xFF, 0xFF, 0xE8, 0x81, 0x18,
	0x00, 0x00, 0x00, 0x00, 0x00, 0x00, 0xC5, 0xFF, 0xFF, 0xFF, 0xFF, 0xFA,
	0xA5, 0x37, 0x00, 0x00, 0x00, 0x00, 0x27, 0x8D, 0xEB, 0xFF, 0xFF, 0xFF,
	0xFF, 0xFF, 0xC9, 0x5B, 0x05, 0x00, 0x00, 0x00, 0x06, 0x58, 0xBE, 0xFE,
	0xFF, 0xFF, 0xFF, 0xFF, 0xE7, 0x3E, 0x00, 0x00, 0x00, 0x00, 0x00, 0x24,
	0x89, 0xE9, 0xFF, 0xFF, 0xFF, 0x64, 0x00, 0x00, 0x00, 0x00, 0x00, 0x24,
	0x88, 0xE8, 0xFF, 0xFF, 0xFF, 0x64, 0x00, 0x00, 0x06, 0x57, 0xBD, 0xFE,
	0xFF, 0xFF, 0xFF, 0xFF, 0xE2, 0x3C, 0x27, 0x8C, 0xEB, 0xFF, 0xFF, 0xFF,
	0xFF, 0xFF, 0xC4, 0x55, 0x04, 0x00, 0xC5, 0xFF, 0xFF, 0xFF, 0xFF, 0xF8,
	0xA1, 0x32, 0x00, 0x00, 0x00, 0x00, 0x75, 0xFF, 0xFF, 0xE7, 0x7F, 0x17,
	0x00, 0x00, 0x00, 0x00, 0x00, 0x00, 0x24, 0xCA, 0x5C, 0x06, 0x00, 0x00,
	0x00, 0x00, 0x00, 0x00, 0x00, 0x00, 0x00, 0x16, 0x74, 0xBD, 0xEA, 0xFB,
	0xEE, 0xC0, 0x61, 0x02, 0x00, 0x08, 0xEF, 0xFF, 0xFF, 0xFF, 0xFF, 0xFF,
	0xFF, 0xFF, 0xAB, 0x01, 0x00, 0xBA, 0xFF, 0xFF, 0xFF, 0xFF, 0xFF, 0xFF,
	0xFF, 0xFF, 0x56, 0x00, 0x5D, 0xAE, 0x4B, 0x11, 0x0B, 0x65, 0xFD, 0xFF,
	0xFF, 0x98, 0x00, 0x00, 0x00, 0x00, 0x00, 0x00, 0x00, 0xDA, 0xFF, 0xFF,
	0xAE, 0x00, 0x00, 0x00, 0x00, 0x00, 0x00, 0x28, 0xF9, 0xFF, 0xFF, 0x72,
	0x00, 0x00, 0x00, 0x00, 0x00, 0x2C, 0xE5, 0xFF, 0xFF, 0xD6, 0x07, 0x00,
	0x00, 0x00, 0x00, 0x30, 0xED, 0xFF, 0xFF, 0xE4, 0x22, 0x00, 0x00, 0x00,
	0x00, 0x07, 0xDC, 0xFF, 0xFF, 0xE2, 0x24, 0x00, 0x00, 0x00, 0x00, 0x00,
	0x59, 0xFF, 0xFF, 0xF6, 0x2E, 0x00, 0x00, 0x00, 0x00, 0x00, 0x00, 0x84,
	0xFF, 0xFF, 0x99, 0x00, 0x00, 0x00, 0x00, 0x00, 0x00, 0x00, 0x00, 0x00,
	0x00, 0x00, 0x00, 0x00, 0x00, 0x00, 0x00, 0x00, 0x00, 0x00, 0x00, 0x00,
	0x00, 0x00, 0x00, 0x00, 0x00, 0x00, 0x00, 0x00, 0x4B, 0xDA, 0xF1, 0x97,
	0x03, 0x00, 0x00, 0x00, 0x00, 0x00, 0x02, 0xEF, 0xFF, 0xFF, 0xFF, 0x56,
	0x00, 0x00, 0x00, 0x00, 0x00, 0x02, 0xEF, 0xFF, 0xFF, 0xFF, 0x56, 0x00,
	0x00, 0x00, 0x00, 0x00, 0x00, 0x4B, 0xDD, 0xF2, 0x98, 0x03, 0x00, 0x00,
	0x00, 0x00, 0x00, 0x00, 0x00, 0x54, 0xB8, 0xEC, 0xF9, 0xDC, 0x91, 0x1B,
	0x00, 0x00, 0x00, 0x00, 0x03, 0xA8, 0xFF, 0xFF, 0xFF, 0xFF, 0xFF, 0xFF,
	0xEB, 0x2D, 0x00, 0x00, 0x00, 0x8F, 0xFF, 0xFB, 0x7F, 0x1C, 0x0D, 0x57,
	0xF2, 0xFF, 0xD2, 0x01, 0x00, 0x2C, 0xFC, 0xFF, 0x6C, 0x00, 0x00, 0x00,
	0x00, 0x78, 0xFF, 0xFF, 0x3F, 0x00, 0x96, 0xFF, 0xDE, 0x03, 0x00, 0x00,
	0x00, 0x00, 0x3C, 0xFF, 0xFF, 0x7F, 0x01, 0xEC, 0xFF, 0x87, 0x00, 0x01,
	0x72, 0xDB, 0xF9, 0xEE, 0xFF, 0xFF, 0x98, 0x24, 0xFF, 0xFF, 0x47, 0x00,
	0x84, 0xFF, 0xFF, 0xFF, 0xFF, 0xFF, 0xFF, 0xA3, 0x52, 0xFF, 0xFF, 0x21,
	0x14, 0xF9, 0xFF, 0xFF, 0xFF, 0xEF, 0xFF, 0xFF, 0xA4, 0x6A, 0xFF, 0xFF,
	0x05, 0x51, 0xFF, 0xFF, 0xD7, 0x25, 0x34, 0xFF, 0xFF, 0xA4, 0x77, 0xFF,
	0xFA, 0x00, 0x6D, 0xFF, 0xFF, 0x6C, 0x00, 0x34, 0xFF, 0xFF, 0xA4, 0x81,
	0xFF, 0xF2, 0x00, 0x7F, 0xFF, 0xFF, 0x54, 0x00, 0x34, 0xFF, 0xFF, 0xA4,
	0x7D, 0xFF, 0xF7, 0x00, 0x72, 0xFF, 0xFF, 0x72, 0x00, 0x34, 0xFF, 0xFF,
	0xA4, 0x6E, 0xFF, 0xFF, 0x03, 0x46, 0xFF, 0xFF, 0xD9, 0x18, 0x34, 0xFF,
	0xFF, 0xA4, 0x52, 0xFF, 0xFF, 0x1E, 0x07, 0xE7, 0xFF, 0xFF, 0xFE, 0xF7,
	0xFF, 0xFF, 0xA4, 0x25, 0xFF, 0xFF, 0x49, 0x00, 0x50, 0xFC, 0xFF, 0xFF,
	0xFF, 0xFF, 0xFF, 0xA4, 0x00, 0xE1, 0xFF, 0x8F, 0x00, 0x00, 0x3C, 0xB6,
	0xEF, 0xF9, 0xE5, 0xBA, 0x55, 0x00, 0x7B, 0xFF, 0xF0, 0x11, 0x00, 0x00,
	0x00, 0x00, 0x00, 0x00, 0x00, 0x00, 0x00, 0x14, 0xEC, 0xFF, 0xBA, 0x09,
	0x00, 0x00, 0x00, 0x00, 0x00, 0x00, 0x00, 0x00, 0x00, 0x51, 0xFE, 0xFF,
	0xDA, 0x65, 0x21, 0x08, 0x00, 0x00, 0x00, 0x00, 0x00, 0x00, 0x00, 0x52,
	0xF2, 0xFF, 0xFF, 0xFF, 0xFF, 0xFF, 0xFF, 0xE9, 0x00, 0x00, 0x00, 0x00,
	0x00, 0x11, 0x78, 0xBB, 0xE7, 0xF9, 0xFD, 0xEF, 0xD2, 0x0B, 0x00, 0x00,
	0x00, 0x00, 0x26, 0xFF, 0xFF, 0xFF, 0xC2, 0x00, 0x00, 0x00, 0x00, 0x00,
	0x00, 0x00, 0x00, 0x00, 0x75, 0xFF, 0xFF, 0xFF, 0xFC, 0x14, 0x00, 0x00,
	0x00, 0x00, 0x00, 0x00, 0x00, 0x00, 0xC3, 0xFF, 0xFF, 0xFF, 0xFF, 0x60,
	0x00, 0x00, 0x00, 0x00, 0x00, 0x00, 0x00, 0x13, 0xFC, 0xFF, 0xDA, 0xFF,
	0xFF, 0xAF, 0x00, 0x00, 0x00, 0x00, 0x00, 0x00, 0x00, 0x5E, 0xFF, 0xFF,
	0x61, 0xED, 0xFF, 0xF4, 0x06, 0x00, 0x00, 0x00, 0x00, 0x00, 0x00, 0xAA,
	0xFF, 0xFF, 0x1A, 0xA9, 0xFF, 0xFF, 0x45, 0x00, 0x00, 0x00, 0x00, 0x00,
	0x05, 0xF0, 0xFF, 0xD8, 0x00, 0x65, 0xFF, 0xFF, 0x8E, 0x00, 0x00, 0x00,
	0x00, 0x00, 0x41, 0xFF, 0xFF, 0x99, 0x00, 0x2A, 0xFF, 0xFF, 0xD8, 0x00,
	0x00, 0x00, 0x00, 0x00, 0x8B, 0xFF, 0xFF, 0x5E, 0x00, 0x01, 0xF1, 0xFF,
	0xFF, 0x1F, 0x00, 0x00, 0x00, 0x00, 0xD1, 0xFF, 0xFF, 0x2C, 0x00, 0x00,
	0xC1, 0xFF, 0xFF, 0x62, 0x00, 0x00, 0x00, 0x18, 0xFF, 0xFF, 0xFF, 0xFF,
	0xFF, 0xFF, 0xFF, 0xFF, 0xFF, 0xA6, 0x00, 0x00, 0x00, 0x5E, 0xFF, 0xFF,
	0xFF, 0xFF, 0xFF, 0xFF, 0xFF, 0xFF, 0xFF, 0xE9, 0x01, 0x00, 0x00, 0xA2,
	0xFF, 0xFF, 0xFF, 0xFF, 0xFF, 0xFF, 0xFF, 0xFF, 0xFF, 0xFF, 0x2C, 0x00,
	0x00, 0xE2, 0xFF, 0xFF, 0x5B, 0x00, 0x00, 0x00, 0x06, 0xF9, 0xFF, 0xFF,
	0x69, 0x00, 0x22, 0xFF, 0xFF, 0xFF, 0x2B, 0x00, 0x00, 0x00, 0x00, 0xCE,
	0xFF, 0xFF, 0xA6, 0x00, 0x61, 0xFF, 0xFF, 0xF7, 0x03, 0x00, 0x00, 0x00,
	0x00, 0x9C, 0xFF, 0xFF, 0xE3, 0x00, 0xA0, 0xFF, 0xFF, 0xCB, 0x00, 0x00,
	0x00, 0x00, 0x00, 0x69, 0xFF, 0xFF, 0xFF, 0x21, 0x58, 0xBB, 0xDC, 0xED,
	0xFB, 0xF5, 0xE1, 0xAE, 0x53, 0x01, 0x00, 0x00, 0x8C, 0xFF, 0xFF, 0xFF,
	0xFF, 0xFF, 0xFF, 0xFF, 0xFF, 0xB2, 0x05, 0x00, 0x8C, 0xFF, 0xFF, 0xFF,
	0xFF, 0xFF, 0xFF, 0xFF, 0xFF, 0xFF, 0x74, 0x00, 0x8C, 0xFF, 0xFF, 0xCD,
	0x0A, 0x06, 0x32, 0xD9, 0xFF, 0xFF, 0xB9, 0x00, 0x8C, 0xFF, 0xFF, 0xC8,
	0x00, 0x00, 0x00, 0x70, 0xFF, 0xFF, 0xD6, 0x00, 0x8C, 0xFF, 0xFF, 0xC8,
	0x00, 0x00, 0x00, 0x7D, 0xFF, 0xFF, 0xB3, 0x00, 0x8C, 0xFF, 0xFF, 0xC8,
	0x00, 0x0D, 0x50, 0xEF, 0xFF, 0xFE, 0x46, 0x00, 0x8C, 0xFF, 0xFF, 0xFF,
	0xFF, 0xFF, 0xFF, 0xFF, 0xFA, 0x6A, 0x00, 0x00, 0x8C, 0xFF, 0xFF, 0xFF,
	0xFF, 0xFF, 0xFF, 0xFF, 0xFC, 0xA9, 0x1A, 0x00, 0x8C, 0xFF, 0xFF, 0xFF,
	0xFF, 0xFF, 0xFF, 0xFF, 0xFF, 0xFF, 0xDD, 0x0A, 0x8C, 0xFF, 0xFF, 0xC8,
	0x00, 0x02, 0x1A, 0x74, 0xFD, 0xFF, 0xFF, 0x65, 0x8C, 0xFF, 0xFF, 0xC8,
	0x00, 0x00, 0x00, 0x00, 0xB5, 0xFF, 0xFF, 0x9B, 0x8C, 0xFF, 0xFF, 0xC8,
	0x00, 0x00, 0x00, 0x00, 0xB7, 0xFF, 0xFF, 0x97, 0x8C, 0xFF, 0xFF, 0xCC,
	0x07, 0x03, 0x1D, 0x80, 0xFE, 0xFF, 0xFF, 0x6A, 0x8C, 0xFF, 0xFF, 0xFF,
	0xFF, 0xFF, 0xFF, 0xFF, 0xFF, 0xFF, 0xEB, 0x13, 0x8C, 0xFF, 0xFF, 0xFF,
	0xFF, 0xFF, 0xFF, 0xFF, 0xFF, 0xF0, 0x40, 0x00, 0x4E, 0xAF, 0xD7, 0xED,
	0xF9, 0xF5, 0xDD, 0xC1, 0x7F, 0x16, 0x00, 0x00, 0x00, 0x00, 0x00, 0x00,
	0x13, 0x7D, 0xC8, 0xEC, 0xF9, 0xE8, 0xBE, 0x78, 0x18, 0x00, 0x00, 0x00,
	0x54, 0xF1, 0xFF, 0xFF, 0xFF, 0xFF, 0xFF, 0xFF, 0xFF, 0x7E, 0x00, 0x00,
	0x54, 0xFE, 0xFF, 0xFF, 0xFF, 0xFF, 0xFF, 0xFF, 0xFF, 0xFF, 0x33, 0x00,
	0x16, 0xF0, 0xFF, 0xFF, 0xEE, 0x65, 0x16, 0x05, 0x1F, 0x6A, 0xC5, 0x01,
	0x00, 0x85, 0xFF, 0xFF, 0xFA, 0x34, 0x00, 0x00, 0x00, 0x00, 0x00, 0x00,
	0x00, 0x00, 0xDB, 0xFF, 0xFF, 0x9E, 0x00, 0x00, 0x00, 0x00, 0x00, 0x00,
	0x00, 0x00, 0x17, 0xFF, 0xFF, 0xFF, 0x50, 0x00, 0x00, 0x00, 0x00, 0x00,
	0x00, 0x00, 0x00, 0x31, 0xFF, 0xFF, 0xFF, 0x2A, 0x00, 0x00, 0x00, 0x00,
	0x00, 0x00, 0x00, 0x00, 0x40, 0xFF, 0xFF, 0xFF, 0x1F, 0x00, 0x00, 0x00,
	0x00, 0x00, 0x00, 0x00, 0x00, 0x35, 0xFF, 0xFF, 0xFF, 0x29, 0x00, 0x00,
	0x00, 0x00, 0x00, 0x00, 0x00, 0x00, 0x1F, 0xFF, 0xFF, 0xFF, 0x4E, 0x00,
	0x00, 0x00, 0x00, 0x00, 0x00, 0x00, 0x00, 0x00, 0xED, 0xFF, 0xFF, 0x94,
	0x00, 0x00, 0x00, 0x00, 0x00, 0x00, 0x00, 0x00, 0x00, 0xA5, 0xFF, 0xFF,
	0xF5, 0x22, 0x00, 0x00, 0x00, 0x00, 0x00, 0x00, 0x00, 0x00, 0x3B, 0xFF,
	0xFF, 0xFF, 0xE2, 0x59, 0x13, 0x05, 0x1B, 0x5D, 0xC2, 0x04, 0x00, 0x00,
	0x99, 0xFF, 0xFF, 0xFF, 0xFF, 0xFF, 0xFF, 0xFF, 0xFF, 0xFF, 0x3D, 0x00,
	0x00, 0x04, 0x9E, 0xFF, 0xFF, 0xFF, 0xFF, 0xFF, 0xFF, 0xFF, 0xFF, 0x84,
	0x00, 0x00, 0x00, 0x00, 0x3E, 0xA1, 0xDE, 0xF6, 0xF9, 0xE6, 0xBA, 0x75,
	0x17, 0x58, 0xC1, 0xE6, 0xF5, 0xFB, 0xEB, 0xC1, 0x77, 0x0F, 0x00, 0x00,
	0x00, 0x8C, 0xFF, 0xFF, 0xFF, 0xFF, 0xFF, 0xFF, 0xFF, 0xEC, 0x3F, 0x00,
	0x00, 0x8C, 0xFF, 0xFF, 0xFF, 0xFF, 0xFF, 0xFF, 0xFF, 0xFF, 0xF5, 0x29,
	0x00, 0x8C, 0xFF, 0xFF, 0xCB, 0x04, 0x19, 0x7B, 0xFC, 0xFF, 0xFF, 0xBE,
	0x00, 0x8C, 0xFF, 0xFF, 0xC8, 0x00, 0x00, 0x00, 0x7D, 0xFF, 0xFF, 0xFF,
	0x2A, 0x8C, 0xFF, 0xFF, 0xC8, 0x00, 0x00, 0x00, 0x17, 0xFD, 0xFF, 0xFF,
	0x6E, 0x8C, 0xFF, 0xFF, 0xC8, 0x00, 0x00, 0x00, 0x00, 0xCC, 0xFF, 0xFF,
	0xA0, 0x8C, 0xFF, 0xFF, 0xC8, 0x00, 0x00, 0x00, 0x00, 0xB1, 0xFF, 0xFF,
	0xB4, 0x8C, 0xFF, 0xFF, 0xC8, 0x00, 0x00, 0x00, 0x00, 0xA2, 0xFF, 0xFF,
	0xBF, 0x8C, 0xFF, 0xFF, 0xC8, 0x00, 0x00, 0x00, 0x00, 0xB4, 0xFF, 0xFF,
	0xB1, 0x8C, 0xFF, 0xFF, 0xC8, 0x00, 0x00, 0x00, 0x00, 0xCE, 0xFF, 0xFF,
	0x9D, 0x8C, 0xFF, 0xFF, 0xC8, 0x00, 0x00, 0x00, 0x14, 0xFB, 0xFF, 0xFF,
	0x67, 0x8C, 0xFF, 0xFF, 0xC8, 0x00, 0x00, 0x00, 0x94, 0xFF, 0xFF, 0xFD,
	0x22, 0x8C, 0xFF, 0xFF, 0xC9, 0x05, 0x28, 0x99, 0xFF, 0xFF, 0xFF, 0xAB,
	0x00, 0x8C, 0xFF, 0xFF, 0xFF, 0xFF, 0xFF, 0xFF, 0xFF, 0xFF, 0xE7, 0x1A,
	0x00, 0x8C, 0xFF, 0xFF, 0xFF, 0xFF, 0xFF, 0xFF, 0xFF, 0xD5, 0x28, 0x00,
	0x00, 0x59, 0xC7, 0xEA, 0xF9, 0xF7, 0xE2, 0xAE, 0x5B, 0x04, 0x00, 0x00,
	0x00, 0x4C, 0xFF, 0xFF, 0xFF, 0xFF, 0xFF, 0xFF, 0xFF, 0xFF, 0xFF, 0xD4,
	0x00, 0x4C, 0xFF, 0xFF, 0xFF, 0xFF, 0xFF, 0xFF, 0xFF, 0xFF, 0xFF, 0xD4,
	0x00, 0x4C, 0xFF, 0xFF, 0xFF, 0xFF, 0xFF, 0xFF, 0xFF, 0xFF, 0xFF, 0xD4,
	0x00, 0x4C, 0xFF, 0xFF, 0xFF, 0x04, 0x00, 0x00, 0x00, 0x00, 0x00, 0x00,
	0x00, 0x4C, 0xFF, 0xFF, 0xFF, 0x04, 0x00, 0x00, 0x00, 0x00, 0x00, 0x00,
	0x00, 0x4C, 0xFF, 0xFF, 0xFF, 0x04, 0x00, 0x00, 0x00, 0x00, 0x00, 0x00,
	0x00, 0x4C, 0xFF, 0xFF, 0xFF, 0xFF, 0xFF, 0xFF, 0xFF, 0xFF, 0xF0, 0x00,
	0x00, 0x4C, 0xFF, 0xFF, 0xFF, 0xFF, 0xFF, 0xFF, 0xFF, 0xFF, 0xF0, 0x00,
	0x00, 0x4C, 0xFF, 0xFF, 0xFF, 0xFF, 0xFF, 0xFF, 0xFF, 0xFF, 0xF0, 0x00,
	0x00, 0x4C, 0xFF, 0xFF, 0xFF, 0x04, 0x00, 0x00, 0x00, 0x00, 0x00, 0x00,
	0x00, 0x4C, 0xFF, 0xFF, 0xFF, 0x04, 0x00, 0x00, 0x00, 0x00, 0x00, 0x00,
	0x00, 0x4C, 0xFF, 0xFF, 0xFF, 0x04, 0x00, 0x00, 0x00, 0x00, 0x00, 0x00,
	0x00, 0x4C, 0xFF, 0xFF, 0xFF, 0x04, 0x00, 0x00, 0x00, 0x00, 0x00, 0x00,
	0x00, 0x4C, 0xFF, 0xFF, 0xFF, 0x04, 0x00, 0x00, 0x00, 0x00, 0x00, 0x00,
	0x00, 0x4C, 0xFF, 0xFF, 0xFF, 0xFF, 0xFF, 0xFF, 0xFF, 0xFF, 0xFF, 0xFF,
	0x6C, 0x4C, 0xFF, 0xFF, 0xFF, 0xFF, 0xFF, 0xFF, 0xFF, 0xFF, 0xFF, 0xFF,
	0x6C, 0x4C, 0xFF, 0xFF, 0xFF, 0xFF, 0xFF, 0xFF, 0xFF, 0xFF, 0xFF, 0xFF,
	0x6C, 0x4C, 0xFF, 0xFF, 0xFF, 0xFF, 0xFF, 0xFF, 0xFF, 0xFF, 0xFF, 0xF0,
	0x4C, 0xFF, 0xFF, 0xFF, 0xFF, 0xFF, 0xFF, 0xFF, 0xFF, 0xFF, 0xF0, 0x4C,
	0xFF, 0xFF, 0xFF, 0xFF, 0xFF, 0xFF, 0xFF, 0xFF, 0xFF, 0xF0, 0x4C, 0xFF,
	0xFF, 0xFF, 0x04, 0x00, 0x00, 0x00, 0x00, 0x00, 0x00, 0x4C, 0xFF, 0xFF,
	0xFF, 0x04, 0x00, 0x00, 0x00, 0x00, 0x00, 0x00, 0x4C, 0xFF, 0xFF, 0xFF,
	0x04, 0x00, 0x00, 0x00, 0x00, 0x00, 0x00, 0x4C, 0xFF, 0xFF, 0xFF, 0x04,
	0x00, 0x00, 0x00, 0x00, 0x00, 0x00, 0x4C, 0xFF, 0xFF, 0xFF, 0xFF, 0xFF,
	0xFF, 0xFF, 0xFF, 0xFF, 0x10, 0x4C, 0xFF, 0xFF, 0xFF, 0xFF, 0xFF, 0xFF,
	0xFF, 0xFF, 0xFF, 0x10, 0x4C, 0xFF, 0xFF, 0xFF, 0xFF, 0xFF, 0xFF, 0xFF,
	0xFF, 0xFF, 0x10, 0x4C, 0xFF, 0xFF, 0xFF, 0x04, 0x00, 0x00, 0x00, 0x00,
	0x00, 0x00, 0x4C, 0xFF, 0xFF, 0xFF, 0x04, 0x00, 0x00, 0x00, 0x00, 0x00,
	0x00, 0x4C, 0xFF, 0xFF, 0xFF, 0x04, 0x00, 0x00, 0x00, 0x00, 0x00, 0x00,
	0x4C, 0xFF, 0xFF, 0xFF, 0x04, 0x00, 0x00, 0x00, 0x00, 0x00, 0x00, 0x4C,
	0xFF, 0xFF, 0xFF, 0x04, 0x00, 0x00, 0x00, 0x00, 0x00, 0x00, 0x4C, 0xFF,
	0xFF, 0xFF, 0x04, 0x00, 0x00, 0x00, 0x00, 0x00, 0x00, 0x4C, 0xFF, 0xFF,
	0xFF, 0x04, 0x00, 0x00, 0x00, 0x00, 0x00, 0x00, 0x00, 0x00, 0x00, 0x00,
	0x22, 0x8F, 0xD6, 0xF4, 0xFF, 0xFF, 0xFF, 0xFF, 0x6B, 0x00, 0x00, 0x00,
	0x6D, 0xFA, 0xFF, 0xFF, 0xFF, 0xFF, 0xFF, 0xFF, 0xFF, 0x34, 0x00, 0x00,
	0x66, 0xFF, 0xFF, 0xFF, 0xFF, 0xFF, 0xFF, 0xFF, 0xFF, 0xF8, 0x05, 0x00,
	0x1C, 0xF6, 0xFF, 0xFF, 0xEE, 0x69, 0x19, 0x06, 0x22, 0x6F, 0xA7, 0x00,
	0x00, 0x8C, 0xFF, 0xFF, 0xF9, 0x32, 0x00, 0x00, 0x00, 0x00, 0x00, 0x00,
	0x00, 0x00, 0xDE, 0xFF, 0xFF, 0x99, 0x00, 0x00, 0x00, 0x00, 0x00, 0x00,
	0x00, 0x00, 0x18, 0xFF, 0xFF, 0xFF, 0x50, 0x00, 0x00, 0x00, 0x00, 0x00,
	0x00, 0x00, 0x00, 0x32, 0xFF, 0xFF, 0xFF, 0x34, 0x00, 0x00, 0x00, 0x00,
	0x00, 0x00, 0x00, 0x00, 0x40, 0xFF, 0xFF, 0xFF, 0x20, 0x00, 0x00, 0x00,
	0x00, 0xE0, 0xFF, 0xFF, 0x74, 0x35, 0xFF, 0xFF, 0xFF, 0x27, 0x00, 0x00,
	0x00, 0x00, 0xE0, 0xFF, 0xFF, 0x74, 0x1F, 0xFF, 0xFF, 0xFF, 0x45, 0x00,
	0x00, 0x00, 0x00, 0xE0, 0xFF, 0xFF, 0x74, 0x00, 0xED, 0xFF, 0xFF, 0x82,
	0x00, 0x00, 0x00, 0x00, 0xE0, 0xFF, 0xFF, 0x74, 0x00, 0xA8, 0xFF, 0xFF,
	0xE8, 0x10, 0x00, 0x00, 0x00, 0xE0, 0xFF, 0xFF, 0x74, 0x00, 0x3F, 0xFF,
	0xFF, 0xFF, 0xCE, 0x3E, 0x08, 0x08, 0xE3, 0xFF, 0xFF, 0x74, 0x00, 0x00,
	0xA4, 0xFF, 0xFF, 0xFF, 0xFF, 0xFF, 0xFF, 0xFF, 0xFF, 0xFF, 0x74, 0x00,
	0x00, 0x08, 0xB0, 0xFF, 0xFF, 0xFF, 0xFF, 0xFF, 0xFF, 0xFF, 0xFF, 0x74,
	0x00, 0x00, 0x00, 0x00, 0x52, 0xB3, 0xE7, 0xFC, 0xFF, 0xFF, 0xFF, 0xFF,
	0x74, 0xC8, 0xFF, 0xFF, 0x88, 0x00, 0x00, 0x00, 0x08, 0xFF, 0xFF, 0xFF,
	0x48, 0xC8, 0xFF, 0xFF, 0x88, 0x00, 0x00, 0x00, 0x08, 0xFF, 0xFF, 0xFF,
	0x48, 0xC8, 0xFF, 0xFF, 0x88, 0x00, 0x00, 0x00, 0x08, 0xFF, 0xFF, 0xFF,
	0x48, 0xC8, 0xFF, 0xFF, 0x88, 0x00, 0x00, 0x00, 0x08, 0xFF, 0xFF, 0xFF,
	0x48, 0xC8, 0xFF, 0xFF, 0x88, 0x00, 0x00, 0x00, 0x08, 0xFF, 0xFF, 0xFF,
	0x48, 0xC8, 0xFF, 0xFF, 0x88, 0x00, 0x00, 0x00, 0x08, 0xFF, 0xFF, 0xFF,
	0x48, 0xC8, 0xFF, 0xFF, 0xFF, 0xFF, 0xFF, 0xFF, 0xFF, 0xFF, 0xFF, 0xFF,
	0x48, 0xC8, 0xFF, 0xFF, 0xFF, 0xFF, 0xFF, 0xFF, 0xFF, 0xFF, 0xFF, 0xFF,
	0x48, 0xC8, 0xFF, 0xFF, 0xFF, 0xFF, 0xFF, 0xFF, 0xFF, 0xFF, 0xFF, 0xFF,
	0x48, 0xC8, 0xFF, 0xFF, 0x88, 0x00, 0x00, 0x00, 0x08, 0xFF, 0xFF, 0xFF,
	0x48, 0xC8, 0xFF, 0xFF, 0x88, 0x00, 0x00, 0x00, 0x08, 0xFF, 0xFF, 0xFF,
	0x48, 0xC8, 0xFF, 0xFF, 0x88, 0x00, 0x00, 0x00, 0x08, 0xFF, 0xFF, 0xFF,
	0x48, 0xC8, 0xFF, 0xFF, 0x88, 0x00, 0x00, 0x00, 0x08, 0xFF, 0xFF, 0xFF,
	0x48, 0xC8, 0xFF, 0xFF, 0x88, 0x00, 0x00, 0x00, 0x08, 0xFF, 0xFF, 0xFF,
	0x48, 0xC8, 0xFF, 0xFF, 0x88, 0x00, 0x00, 0x00, 0x08, 0xFF, 0xFF, 0xFF,
	0x48, 0xC8, 0xFF, 0xFF, 0x88, 0x00, 0x00, 0x00, 0x08, 0xFF, 0xFF, 0xFF,
	0x48, 0xC8, 0xFF, 0xFF, 0x88, 0x00, 0x00, 0x00, 0x08, 0xFF, 0xFF, 0xFF,
	0x48, 0x8C, 0xFF, 0xFF, 0xFF, 0xFF, 0xFF, 0xFF, 0xFF, 0xFF, 0xFF, 0xFF,
	0x10, 0x8C, 0xFF, 0xFF, 0xFF, 0xFF, 0xFF, 0xFF, 0xFF, 0xFF, 0xFF, 0xFF,
	0x10, 0x8C, 0xFF, 0xFF, 0xFF, 0xFF, 0xFF, 0xFF, 0xFF, 0xFF, 0xFF, 0xFF,
	0x10, 0x00, 0x00, 0x00, 0x00, 0xE4, 0xFF, 0xFF, 0x74, 0x00, 0x00, 0x00,
	0x00, 0x00, 0x00, 0x00, 0x00, 0xE4, 0xFF, 0xFF, 0x74, 0x00, 0x00, 0x00,
	0x00, 0x00, 0x00, 0x00, 0x00, 0xE4, 0xFF, 0xFF, 0x74, 0x00, 0x00, 0x00,
	0x00, 0x00, 0x00, 0x00, 0x00, 0xE4, 0xFF, 0xFF, 0x74, 0x00, 0x00, 0x00,
	0x00, 0x00, 0x00, 0x00, 0x00, 0xE4, 0xFF, 0xFF, 0x74, 0x00, 0x00, 0x00,
	0x00, 0x00, 0x00, 0x00, 0x00, 0xE4, 0xFF, 0xFF, 0x74, 0x00, 0x00, 0x00,
	0x00, 0x00, 0x00, 0x00, 0x00, 0xE4, 0xFF, 0xFF, 0x74, 0x00, 0x00, 0x00,
	0x00, 0x00, 0x00, 0x00, 0x00, 0xE4, 0xFF, 0xFF, 0x74, 0x00, 0x00, 0x00,
	0x00, 0x00, 0x00, 0x00, 0x00, 0xE4, 0xFF, 0xFF, 0x74, 0x00, 0x00, 0x00,
	0x00, 0x00, 0x00, 0x00, 0x00, 0xE4, 0xFF, 0xFF, 0x74, 0x00, 0x00, 0x00,
	0x00, 0x00, 0x00, 0x00, 0x00, 0xE4, 0xFF, 0xFF, 0x74, 0x00, 0x00, 0x00,
	0x00, 0x8C, 0xFF, 0xFF, 0xFF, 0xFF, 0xFF, 0xFF, 0xFF, 0xFF, 0xFF, 0xFF,
	0x10, 0x8C, 0xFF, 0xFF, 0xFF, 0xFF, 0xFF, 0xFF, 0xFF, 0xFF, 0xFF, 0xFF,
	0x10, 0x8C, 0xFF, 0xFF, 0xFF, 0xFF, 0xFF, 0xFF, 0xFF, 0xFF, 0xFF, 0xFF,
	0x10, 0x00, 0x1C, 0xFF, 0xFF, 0xFF, 0xFF, 0xFF, 0xFF, 0xFF, 0xFF, 0xD4,
	0x00, 0x1C, 0xFF, 0xFF, 0xFF, 0xFF, 0xFF, 0xFF, 0xFF, 0xFF, 0xD4, 0x00,
	0x1C, 0xFF, 0xFF, 0xFF, 0xFF, 0xFF, 0xFF, 0xFF, 0xFF, 0xD4, 0x00, 0x00,
	0x00, 0x00, 0x00, 0x00, 0x00, 0x84, 0xFF, 0xFF, 0xD4, 0x00, 0x00, 0x00,
	0x00, 0x00, 0x00, 0x00, 0x84, 0xFF, 0xFF, 0xD4, 0x00, 0x00, 0x00, 0x00,
	0x00, 0x00, 0x00, 0x84, 0xFF, 0xFF, 0xD4, 0x00, 0x00, 0x00, 0x00, 0x00,
	0x00, 0x00, 0x84, 0xFF, 0xFF, 0xD4, 0x00, 0x00, 0x00, 0x00, 0x00, 0x00,
	0x00, 0x84, 0xFF, 0xFF, 0xD4, 0x00, 0x00, 0x00, 0x00, 0x00, 0x00, 0x00,
	0x84, 0xFF, 0xFF, 0xD4, 0x00, 0x00, 0x00, 0x00, 0x00, 0x00, 0x00, 0x84,
	0xFF, 0xFF, 0xD4, 0x00, 0x00, 0x00, 0x00, 0x00, 0x00, 0x00, 0x84, 0xFF,
	0xFF, 0xD4, 0x00, 0x00, 0x00, 0x00, 0x00, 0x00, 0x00, 0x8F, 0xFF, 0xFF,
	0xCC, 0x00, 0x00, 0x00, 0x00, 0x00, 0x00, 0x00, 0xC8, 0xFF, 0xFF, 0xB1,
	0x02, 0xC0, 0x82, 0x28, 0x07, 0x23, 0x96, 0xFF, 0xFF, 0xFF, 0x72, 0x56,
	0xFF, 0xFF, 0xFF, 0xFF, 0xFF, 0xFF, 0xFF, 0xFF, 0xEB, 0x12, 0xA1, 0xFF,
	0xFF, 0xFF, 0xFF, 0xFF, 0xFF, 0xFF, 0xF1, 0x3F, 0x00, 0x02, 0x55, 0xB0,
	0xE5, 0xF9, 0xF4, 0xD6, 0x8E, 0x1B, 0x00, 0x00, 0xC8, 0xFF, 0xFF, 0x88,
	0x00, 0x00, 0x00, 0x5B, 0xFF, 0xFF, 0xFF, 0x5E, 0x00, 0xC8, 0xFF, 0xFF,
	0x88, 0x00, 0x00, 0x03, 0xD6, 0xFF, 0xFF, 0xD2, 0x02, 0x00, 0xC8, 0xFF,
	0xFF, 0x88, 0x00, 0x00, 0x6B, 0xFF, 0xFF, 0xFF, 0x3E, 0x00, 0x00, 0xC8,
	0xFF, 0xFF, 0x88, 0x00, 0x15, 0xED, 0xFF, 0xFF, 0xA1, 0x00, 0x00, 0x00,
	0xC8, 0xFF, 0xFF, 0x88, 0x00, 0xAA, 0xFF, 0xFF, 0xE5, 0x11, 0x00, 0x00,
	0x00, 0xC8, 0xFF, 0xFF, 0x88, 0x57, 0xFF, 0xFF, 0xFE, 0x49, 0x00, 0x00,
	0x00, 0x00, 0xC8, 0xFF, 0xFF, 0xA7, 0xEF, 0xFF, 0xFF, 0x86, 0x00, 0x00,
	0x00, 0x00, 0x00, 0xC8, 0xFF, 0xFF, 0xFF, 0xFF, 0xFF, 0xC1, 0x02, 0x00,
	0x00, 0x00, 0x00, 0x00, 0xC8, 0xFF, 0xFF, 0xFF, 0xFF, 0xFF, 0xED, 0x28,
	0x00, 0x00, 0x00, 0x00, 0x00, 0xC8, 0xFF, 0xFF, 0xC0, 0xF5, 0xFF, 0xFF,
	0xE0, 0x18, 0x00, 0x00, 0x00, 0x00, 0xC8, 0xFF, 0xFF, 0x88, 0x4F, 0xFE,
	0xFF, 0xFF, 0xB9, 0x01, 0x00, 0x00, 0x00, 0xC8, 0xFF, 0xFF, 0x88, 0x00,
	0x8C, 0xFF, 0xFF, 0xFF, 0x71, 0x00, 0x00, 0x00, 0xC8, 0xFF, 0xFF, 0x88,
	0x00, 0x06, 0xCF, 0xFF, 0xFF, 0xF7, 0x1D, 0x00, 0x00, 0xC8, 0xFF, 0xFF,
	0x88, 0x00, 0x00, 0x3A, 0xFF, 0xFF, 0xFF, 0xA3, 0x00, 0x00, 0xC8, 0xFF,
	0xFF, 0x88, 0x00, 0x00, 0x00, 0xA8, 0xFF, 0xFF, 0xFE, 0x2E, 0x00, 0xC8,
	0xFF, 0xFF, 0x88, 0x00, 0x00, 0x00, 0x27, 0xFD, 0xFF, 0xFF, 0x98, 0x00,
	0xC8, 0xFF, 0xFF, 0x88, 0x00, 0x00, 0x00, 0x00, 0xBA, 0xFF, 0xFF, 0xF3,
	0x0D, 0x14, 0xFF, 0xFF, 0xFF, 0x44, 0x00, 0x00, 0x00, 0x00, 0x00, 0x00,
	0x00, 0x14, 0xFF, 0xFF, 0xFF, 0x44, 0x00, 0x00, 0x00, 0x00, 0x00, 0x00,
	0x00, 0x14, 0xFF, 0xFF, 0xFF, 0x44, 0x00, 0x00, 0x00, 0x00, 0x00, 0x00,
	0x00, 0x14, 0xFF, 0xFF, 0xFF, 0x44, 0x00, 0x00, 0x00, 0x00, 0x00, 0x00,
	0x00, 0x14, 0xFF, 0xFF, 0xFF, 0x44, 0x00, 0x00, 0x00, 0x00, 0x00, 0x00,
	0x00, 0x14, 0xFF, 0xFF, 0xFF, 0x44, 0x00, 0x00, 0x00, 0x00, 0x00, 0x00,
	0x00, 0x14, 0xFF, 0xFF, 0xFF, 0x44, 0x00, 0x00, 0x00, 0x00, 0x00, 0x00,
	0x00, 0x14, 0xFF, 0xFF, 0xFF, 0x44, 0x00, 0x00, 0x00, 0x00, 0x00, 0x00,
	0x00, 0x14, 0xFF, 0xFF, 0xFF, 0x44, 0x00, 0x00, 0x00, 0x00, 0x00, 0x00,
	0x00, 0x14, 0xFF, 0xFF, 0xFF, 0x44, 0x00, 0x00, 0x00, 0x00, 0x00, 0x00,
	0x00, 0x14, 0xFF, 0xFF, 0xFF, 0x44, 0x00, 0x00, 0x00, 0x00, 0x00, 0x00,
	0x00, 0x14, 0xFF, 0xFF, 0xFF, 0x44, 0x00, 0x00, 0x00, 0x00, 0x00, 0x00,
	0x00, 0x14, 0xFF, 0xFF, 0xFF, 0x44, 0x00, 0x00, 0x00, 0x00, 0x00, 0x00,
	0x00, 0x14, 0xFF, 0xFF, 0xFF, 0x44, 0x00, 0x00, 0x00, 0x00, 0x00, 0x00,
	0x00, 0x14, 0xFF, 0xFF, 0xFF, 0xFF, 0xFF, 0xFF, 0xFF, 0xFF, 0xFF, 0xFF,
	0x6C, 0x14, 0xFF, 0xFF, 0xFF, 0xFF, 0xFF, 0xFF, 0xFF, 0xFF, 0xFF, 0xFF,
	0x6C, 0x14, 0xFF, 0xFF, 0xFF, 0xFF, 0xFF, 0xFF, 0xFF, 0xFF, 0xFF, 0xFF,
	0x6C, 0x00, 0x75, 0xFF, 0xFF, 0x80, 0x00, 0x00, 0x00, 0x12, 0xFA, 0xFF,
	0xEA, 0x00, 0x00, 0x8D, 0xFF, 0xFF, 0xD2, 0x00, 0x00, 0x00, 0x61, 0xFF,
	0xFF, 0xFD, 0x02, 0x00, 0xA3, 0xFF, 0xFF, 0xFF, 0x23, 0x00, 0x00, 0xB4,
	0xFF, 0xFF, 0xFF, 0x14, 0x00, 0xB8, 0xFF, 0xFE, 0xFF, 0x74, 0x00, 0x0D,
	0xF8, 0xFE, 0xFF, 0xFF, 0x29, 0x00, 0xC9, 0xFF, 0xD0, 0xFF, 0xC5, 0x00,
	0x5A, 0xFF, 0xCF, 0xFF, 0xFF, 0x3E, 0x00, 0xD8, 0xFF, 0x95, 0xF7, 0xFD,
	0x18, 0xAD, 0xFF, 0x89, 0xFF, 0xFF, 0x50, 0x00, 0xE7, 0xFF, 0x8F, 0xBA,
	0xFF, 0x73, 0xF5, 0xFF, 0x43, 0xFF, 0xFF, 0x63, 0x00, 0xF6, 0xFF, 0x91,
	0x73, 0xFF, 0xF2, 0xFF, 0xEC, 0x11, 0xFF, 0xFF, 0x75, 0x04, 0xFF, 0xFF,
	0x94, 0x2D, 0xFF, 0xFF, 0xFF, 0xA5, 0x12, 0xFF, 0xFF, 0x86, 0x10, 0xFF,
	0xFF, 0x97, 0x00, 0xE5, 0xFF, 0xFF, 0x5C, 0x15, 0xFF, 0xFF, 0x93, 0x1B,
	0xFF, 0xFF, 0x99, 0x00, 0x9F, 0xFF, 0xFE, 0x15, 0x18, 0xFF, 0xFF, 0xA0,
	0x27, 0xFF, 0xFF, 0x9C, 0x00, 0x00, 0x00, 0x00, 0x00, 0x1B, 0xFF, 0xFF,
	0xAC, 0x32, 0xFF, 0xFF, 0x9F, 0x00, 0x00, 0x00, 0x00, 0x00, 0x1E, 0xFF,
	0xFF, 0xB9, 0x3D, 0xFF, 0xFF, 0xA2, 0x00, 0x00, 0x00, 0x00, 0x00, 0x21,
	0xFF, 0xFF, 0xC2, 0x47, 0xFF, 0xFF, 0xA4, 0x00, 0x00, 0x00, 0x00, 0x00,
	0x24, 0xFF, 0xFF, 0xCA, 0x51, 0xFF, 0xFF, 0xA7, 0x00, 0x00, 0x00, 0x00,
	0x00, 0x27, 0xFF, 0xFF, 0xD3, 0x5B, 0xFF, 0xFF, 0xAA, 0x00, 0x00, 0x00,
	0x00, 0x00, 0x2A, 0xFF, 0xFF, 0xDB, 0xC4, 0xFF, 0xFE, 0x36, 0x00, 0x00,
	0x00, 0x00, 0xBC, 0xFF, 0xFF, 0x44, 0xC4, 0xFF, 0xFF, 0xC6, 0x00, 0x00,
	0x00, 0x00, 0xBC, 0xFF, 0xFF, 0x44, 0xC4, 0xFF, 0xFF, 0xFF, 0x58, 0x00,
	0x00, 0x00, 0xBC, 0xFF, 0xFF, 0x44, 0xC4, 0xFF, 0xFF, 0xFF, 0xDC, 0x04,
	0x00, 0x00, 0xBC, 0xFF, 0xFF, 0x44, 0xC4, 0xFF, 0xFF, 0xFF, 0xFF, 0x67,
	0x00, 0x00, 0xBC, 0xFF, 0xFF, 0x44, 0xC4, 0xFF, 0xFF, 0xFA, 0xFF, 0xE4,
	0x07, 0x00, 0xBC, 0xFF, 0xFF, 0x44, 0xC4, 0xFF, 0xFF, 0x9B, 0xFF, 0xFF,
	0x69, 0x00, 0xBC, 0xFF, 0xFF, 0x44, 0xC4, 0xFF, 0xFF, 0x3F, 0xD9, 0xFF,
	0xDF, 0x04, 0xBC, 0xFF, 0xFF, 0x44, 0xC4, 0xFF, 0xFF, 0x3C, 0x5B, 0xFF,
	0xFF, 0x5E, 0xBC, 0xFF, 0xFF, 0x44, 0xC4, 0xFF, 0xFF, 0x3C, 0x02, 0xD6,
	0xFF, 0xD3, 0xBC, 0xFF, 0xFF, 0x44, 0xC4, 0xFF, 0xFF, 0x3C, 0x00, 0x58,
	0xFF, 0xFF, 0xF3, 0xFF, 0xFF, 0x44, 0xC4, 0xFF, 0xFF, 0x3C, 0x00, 0x02,
	0xD7, 0xFF, 0xFF, 0xFF, 0xFF, 0x44, 0xC4, 0xFF, 0xFF, 0x3C, 0x00, 0x00,
	0x68, 0xFF, 0xFF, 0xFF, 0xFF, 0x44, 0xC4, 0xFF, 0xFF, 0x3C, 0x00, 0x00,
	0x0A, 0xED, 0xFF, 0xFF, 0xFF, 0x44, 0xC4, 0xFF, 0xFF, 0x3C, 0x00, 0x00,
	0x00, 0x86, 0xFF, 0xFF, 0xFF, 0x44, 0xC4, 0xFF, 0xFF, 0x3C, 0x00, 0x00,
	0x00, 0x1A, 0xFA, 0xFF, 0xFF, 0x44, 0xC4, 0xFF, 0xFF, 0x3C, 0x00, 0x00,
	0x00, 0x00, 0xA4, 0xFF, 0xFF, 0x44, 0x00, 0x00, 0x00, 0x12, 0x8B, 0xDA,
	0xF7, 0xEC, 0xBC, 0x55, 0x00, 0x00, 0x00, 0x00, 0x00, 0x26, 0xE6, 0xFF,
	0xFF, 0xFF, 0xFF, 0xFF, 0xFF, 0x9A, 0x00, 0x00, 0x00, 0x05, 0xD8, 0xFF,
	0xFF, 0xFF, 0xFF, 0xFF, 0xFF, 0xFF, 0xFF, 0x68, 0x00, 0x00, 0x67, 0xFF,
	0xFF, 0xFD, 0x68, 0x0B, 0x27, 0xC8, 0xFF, 0xFF, 0xE8, 0x04, 0x00, 0xC2,
	0xFF, 0xFF, 0xA8, 0x00, 0x00, 0x00, 0x27, 0xFF, 0xFF, 0xFF, 0x45, 0x04,
	0xF8, 0xFF, 0xFF, 0x63, 0x00, 0x00, 0x00, 0x00, 0xD7, 0xFF, 0xFF, 0x7E,
	0x26, 0xFF, 0xFF, 0xFF, 0x35, 0x00, 0x00, 0x00, 0x00, 0xB4, 0xFF, 0xFF,
	0xA6, 0x37, 0xFF, 0xFF, 0xFF, 0x26, 0x00, 0x00, 0x00, 0x00, 0xA7, 0xFF,
	0xFF, 0xB6, 0x41, 0xFF, 0xFF, 0xFF, 0x1E, 0x00, 0x00, 0x00, 0x00, 0x9F,
	0xFF, 0xFF, 0xC0, 0x38, 0xFF, 0xFF, 0xFF, 0x26, 0x00, 0x00, 0x00, 0x00,
	0xA7, 0xFF, 0xFF, 0xB7, 0x27, 0xFF, 0xFF, 0xFF, 0x34, 0x00, 0x00, 0x00,
	0x00, 0xB5, 0xFF, 0xFF, 0xA6, 0x05, 0xFA, 0xFF, 0xFF, 0x61, 0x00, 0x00,
	0x00, 0x00, 0xE3, 0xFF, 0xFF, 0x7E, 0x00, 0xC6, 0xFF, 0xFF, 0xA6, 0x00,
	0x00, 0x00, 0x28, 0xFF, 0xFF, 0xFF, 0x44, 0x00, 0x6F, 0xFF, 0xFF, 0xFD,
	0x65, 0x0A, 0x26, 0xC8, 0xFF, 0xFF, 0xE8, 0x04, 0x00, 0x09, 0xE1, 0xFF,
	0xFF, 0xFF, 0xFF, 0xFF, 0xFF, 0xFF, 0xFF, 0x66, 0x00, 0x00, 0x00, 0x30,
	0xED, 0xFF, 0xFF, 0xFF, 0xFF, 0xFF, 0xFF, 0x99, 0x00, 0x00, 0x00, 0x00,
	0x00, 0x17, 0x90, 0xDB, 0xF8, 0xEE, 0xBD, 0x54, 0x00, 0x00, 0x00, 0x8C,
	0xFF, 0xFF, 0xFF, 0xFF, 0xF9, 0xE8, 0xBE, 0x75, 0x12, 0x00, 0x00, 0x8C,
	0xFF, 0xFF, 0xFF, 0xFF, 0xFF, 0xFF, 0xFF, 0xFF, 0xED, 0x41, 0x00, 0x8C,
	0xFF, 0xFF, 0xFF, 0xFF, 0xFF, 0xFF, 0xFF, 0xFF, 0xFF, 0xF1, 0x17, 0x8C,
	0xFF, 0xFF, 0xCB, 0x07, 0x05, 0x27, 0x9D, 0xFF, 0xFF, 0xFF, 0x75, 0x8C,
	0xFF, 0xFF, 0xC8, 0x00, 0x00, 0x00, 0x01, 0xD8, 0xFF, 0xFF, 0xAA, 0x8C,
	0xFF, 0xFF, 0xC8, 0x00, 0x00, 0x00, 0x00, 0xB3, 0xFF, 0xFF, 0xBA, 0x8C,
	0xFF, 0xFF, 0xC8, 0x00, 0x00, 0x00, 0x03, 0xDD, 0xFF, 0xFF, 0xA8, 0x8C,
	0xFF, 0xFF, 0xC8, 0x00, 0x0A, 0x2D, 0xA5, 0xFF, 0xFF, 0xFF, 0x71, 0x8C,
	0xFF, 0xFF, 0xFF, 0xFF, 0xFF, 0xFF, 0xFF, 0xFF, 0xFF, 0xEE, 0x13, 0x8C,
	0xFF, 0xFF, 0xFF, 0xFF, 0xFF, 0xFF, 0xFF, 0xFF, 0xEB, 0x3D, 0x00, 0x8C,
	0xFF, 0xFF, 0xFF, 0xFF, 0xF9, 0xE8, 0xBC, 0x73, 0x10, 0x00, 0x00, 0x8C,
	0xFF, 0xFF, 0xC8, 0x00, 0x00, 0x00, 0x00, 0x00, 0x00, 0x00, 0x00, 0x8C,
	0xFF, 0xFF, 0xC8, 0x00, 0x00, 0x00, 0x00, 0x00, 0x00, 0x00, 0x00, 0x8C,
	0xFF, 0xFF, 0xC8, 0x00, 0x00, 0x00, 0x00, 0x00, 0x00, 0x00, 0x00, 0x8C,
	0xFF, 0xFF, 0xC8, 0x00, 0x00, 0x00, 0x00, 0x00, 0x00, 0x00, 0x00, 0x8C,
	0xFF, 0xFF, 0xC8, 0x00, 0x00, 0x00, 0x00, 0x00, 0x00, 0x00, 0x00, 0x8C,
	0xFF, 0xFF, 0xC8, 0x00, 0x00, 0x00, 0x00, 0x00, 0x00, 0x00, 0x00, 0x00,
	0x00, 0x00, 0x12, 0x8A, 0xD9, 0xF7, 0xEC, 0xBC, 0x54, 0x00, 0x00, 0x00,
	0x00, 0x00, 0x24, 0xE5, 0xFF, 0xFF, 0xFF, 0xFF, 0xFF, 0xFF, 0x98, 0x00,
	0x00, 0x00, 0x04, 0xD6, 0xFF, 0xFF, 0xFF, 0xFF, 0xFF, 0xFF, 0xFF, 0xFF,
	0x65, 0x00, 0x00, 0x64, 0xFF, 0xFF, 0xFD, 0x68, 0x0B, 0x27, 0xC8, 0xFF,
	0xFF, 0xE6, 0x03, 0x00, 0xBE, 0xFF, 0xFF, 0xA8, 0x00, 0x00, 0x00, 0x27,
	0xFF, 0xFF, 0xFF, 0x42, 0x03, 0xF7, 0xFF, 0xFF, 0x63, 0x00, 0x00, 0x00,
	0x00, 0xD7, 0xFF, 0xFF, 0x7C, 0x24, 0xFF, 0xFF, 0xFF, 0x35, 0x00, 0x00,
	0x00, 0x00, 0xB4, 0xFF, 0xFF, 0xA4, 0x37, 0xFF, 0xFF, 0xFF, 0x26, 0x00,
	0x00, 0x00, 0x00, 0xA7, 0xFF, 0xFF, 0xB6, 0x41, 0xFF, 0xFF, 0xFF, 0x1E,
	0x00, 0x00, 0x00, 0x00, 0x9F, 0xFF, 0xFF, 0xC0, 0x3B, 0xFF, 0xFF, 0xFF,
	0x26, 0x00, 0x00, 0x00, 0x00, 0xA7, 0xFF, 0xFF, 0xB9, 0x2A, 0xFF, 0xFF,
	0xFF, 0x34, 0x00, 0x00, 0x00, 0x00, 0xB5, 0xFF, 0xFF, 0xA8, 0x08, 0xFD,
	0xFF, 0xFF, 0x62, 0x00, 0x00, 0x00, 0x00, 0xE3, 0xFF, 0xFF, 0x85, 0x00,
	0xCD, 0xFF, 0xFF, 0xA7, 0x00, 0x00, 0x00, 0x28, 0xFF, 0xFF, 0xFF, 0x4C,
	0x00, 0x79, 0xFF, 0xFF, 0xFD, 0x65, 0x0A, 0x26, 0xC8, 0xFF, 0xFF, 0xEE,
	0x0A, 0x00, 0x11, 0xEA, 0xFF, 0xFF, 0xFF, 0xFF, 0xFF, 0xFF, 0xFF, 0xFF,
	0x7C, 0x00, 0x00, 0x00, 0x45, 0xF8, 0xFF, 0xFF, 0xFF, 0xFF, 0xFF, 0xFF,
	0xBC, 0x05, 0x00, 0x00, 0x00, 0x00, 0x31, 0xB9, 0xFC, 0xFF, 0xFF, 0xE6,
	0x7F, 0x07, 0x00, 0x00, 0x00, 0x00, 0x00, 0x00, 0x00, 0x97, 0xFF, 0xFF,
	0xB7, 0x67, 0x3C, 0x1D, 0x05, 0x00, 0x00, 0x00, 0x00, 0x00, 0x25, 0xF2,
	0xFF, 0xFF, 0xFF, 0xFF, 0xFF, 0x85, 0x00, 0x00, 0x00, 0x00, 0x00, 0x00,
	0x34, 0xD2, 0xFF, 0xFF, 0xFF, 0xFF, 0x49, 0x00, 0x00, 0x00, 0x00, 0x00,
	0x00, 0x00, 0x01, 0x40, 0x8C, 0xC5, 0xED, 0x0F, 0x8C, 0xFF, 0xFF, 0xFF,
	0xFF, 0xF4, 0xD5, 0x96, 0x2F, 0x00, 0x00, 0x00, 0x00, 0x8C, 0xFF, 0xFF,
	0xFF, 0xFF, 0xFF, 0xFF, 0xFF, 0xFC, 0x77, 0x00, 0x00, 0x00, 0x8C, 0xFF,
	0xFF, 0xFF, 0xFF, 0xFF, 0xFF, 0xFF, 0xFF, 0xFF, 0x4A, 0x00, 0x00, 0x8C,
	0xFF, 0xFF, 0xCB, 0x04, 0x18, 0x6A, 0xF8, 0xFF, 0xFF, 0xBF, 0x00, 0x00,
	0x8C, 0xFF, 0xFF, 0xC8, 0x00, 0x00, 0x00, 0x82, 0xFF, 0xFF, 0xFA, 0x02,
	0x00, 0x8C, 0xFF, 0xFF, 0xC8, 0x00, 0x00, 0x00, 0x53, 0xFF, 0xFF, 0xFF,
	0x11, 0x00, 0x8C, 0xFF, 0xFF, 0xC8, 0x00, 0x00, 0x00, 0x82, 0xFF, 0xFF,
	0xFC, 0x03, 0x00, 0x8C, 0xFF, 0xFF, 0xC8, 0x03, 0x1B, 0x6B, 0xF7, 0xFF,
	0xFF, 0xC9, 0x00, 0x00, 0x8C, 0xFF, 0xFF, 0xFF, 0xFF, 0xFF, 0xFF, 0xFF,
	0xFF, 0xFF, 0x5A, 0x00, 0x00, 0x8C, 0xFF, 0xFF, 0xFF, 0xFF, 0xFF, 0xFF,
	0xFF, 0xFD, 0x83, 0x00, 0x00, 0x00, 0x8C, 0xFF, 0xFF, 0xFF, 0xFF, 0xFF,
	0xFF, 0xFF, 0xC4, 0x00, 0x00, 0x00, 0x00, 0x8C, 0xFF, 0xFF, 0xC8, 0x00,
	0x36, 0xFE, 0xFF, 0xFF, 0x5D, 0x00, 0x00, 0x00, 0x8C, 0xFF, 0xFF, 0xC8,
	0x00, 0x00, 0x9C, 0xFF, 0xFF, 0xE7, 0x0C, 0x00, 0x00, 0x8C, 0xFF, 0xFF,
	0xC8, 0x00, 0x00, 0x14, 0xEE, 0xFF, 0xFF, 0x83, 0x00, 0x00, 0x8C, 0xFF,
	0xFF, 0xC8, 0x00, 0x00, 0x00, 0x7B, 0xFF, 0xFF, 0xF3, 0x13, 0x00, 0x8C,
	0xFF, 0xFF, 0xC8, 0x00, 0x00, 0x00, 0x0F, 0xF0, 0xFF, 0xFF, 0x84, 0x00,
	0x8C, 0xFF, 0xFF, 0xC8, 0x00, 0x00, 0x00, 0x00, 0x85, 0xFF, 0xFF, 0xED,
	0x0B, 0x00, 0x00, 0x25, 0x96, 0xD9, 0xF6, 0xF7, 0xE0, 0xA7, 0x50, 0x02,
	0x00, 0x00, 0x52, 0xF6, 0xFF, 0xFF, 0xFF, 0xFF, 0xFF, 0xFF, 0xFF, 0x80,
	0x00, 0x1B, 0xF5, 0xFF, 0xFF, 0xFF, 0xFF, 0xFF, 0xFF, 0xFF, 0xFF, 0x35,
	0x00, 0x77, 0xFF, 0xFF, 0xF7, 0x5F, 0x13, 0x06, 0x22, 0x72, 0xC0, 0x00,
	0x00, 0xA1, 0xFF, 0xFF, 0xB2, 0x00, 0x00, 0x00, 0x00, 0x00, 0x00, 0x00,
	0x00, 0x9F, 0xFF, 0xFF, 0xE8, 0x27, 0x00, 0x00, 0x00, 0x00, 0x00, 0x00,
	0x00, 0x68, 0xFF, 0xFF, 0xFF, 0xF7, 0x9C, 0x3D, 0x00, 0x00, 0x00, 0x00,
	0x00, 0x07, 0xC6, 0xFF, 0xFF, 0xFF, 0xFF, 0xFF, 0xD8, 0x61, 0x01, 0x00,
	0x00, 0x00, 0x15, 0xAE, 0xFF, 0xFF, 0xFF, 0xFF, 0xFF, 0xFF, 0xC0, 0x10,
	0x00, 0x00, 0x00, 0x00, 0x3B, 0xA1, 0xF5, 0xFF, 0xFF, 0xFF, 0xFF, 0xB3,
	0x00, 0x00, 0x00, 0x00, 0x00, 0x00, 0x0D, 0x6F, 0xEE, 0xFF, 0xFF, 0xFF,
	0x29, 0x00, 0x00, 0x00, 0x00, 0x00, 0x00, 0x00, 0x28, 0xFC, 0xFF, 0xFF,
	0x5C, 0x00, 0x00, 0x00, 0x00, 0x00, 0x00, 0x00, 0x05, 0xF7, 0xFF, 0xFF,
	0x63, 0x22, 0xCC, 0x6A, 0x29, 0x0A, 0x03, 0x25, 0xA6, 0xFF, 0xFF, 0xFF,
	0x3D, 0x7D, 0xFF, 0xFF, 0xFF, 0xFF, 0xFF, 0xFF, 0xFF, 0xFF, 0xFF, 0xD8,
	0x03, 0xC1, 0xFF, 0xFF, 0xFF, 0xFF, 0xFF, 0xFF, 0xFF, 0xFF, 0xE8, 0x2F,
	0x00, 0x09, 0x62, 0xB1, 0xE2, 0xF5, 0xFB, 0xED, 0xC6, 0x7D, 0x12, 0x00,
	0x00, 0x54, 0xFF, 0xFF, 0xFF, 0xFF, 0xFF, 0xFF, 0xFF, 0xFF, 0xFF, 0xFF,
	0xFF, 0xD4, 0x54, 0xFF, 0xFF, 0xFF, 0xFF, 0xFF, 0xFF, 0xFF, 0xFF, 0xFF,
	0xFF, 0xFF, 0xD4, 0x54, 0xFF, 0xFF, 0xFF, 0xFF, 0xFF, 0xFF, 0xFF, 0xFF,
	0xFF, 0xFF, 0xFF, 0xD4, 0x00, 0x00, 0x00, 0x00, 0x00, 0xEC, 0xFF, 0xFF,
	0x6C, 0x00, 0x00, 0x00, 0x00, 0x00, 0x00, 0x00, 0x00, 0x00, 0xEC, 0xFF,
	0xFF, 0x6C, 0x00, 0x00, 0x00, 0x00, 0x00, 0x00, 0x00, 0x00, 0x00, 0xEC,
	0xFF, 0xFF, 0x6C, 0x00, 0x00, 0x00, 0x00, 0x00, 0x00, 0x00, 0x00, 0x00,
	0xEC, 0xFF, 0xFF, 0x6C, 0x00, 0x00, 0x00, 0x00, 0x00, 0x00, 0x00, 0x00,
	0x00, 0xEC, 0xFF, 0xFF, 0x6C, 0x00, 0x00, 0x00, 0x00, 0x00, 0x00, 0x00,
	0x00, 0x00, 0xEC, 0xFF, 0xFF, 0x6C, 0x00, 0x00, 0x00, 0x00, 0x00, 0x00,
	0x00, 0x00, 0x00, 0xEC, 0xFF, 0xFF, 0x6C, 0x00, 0x00, 0x00, 0x00, 0x00,
	0x00, 0x00, 0x00, 0x00, 0xEC, 0xFF, 0xFF, 0x6C, 0x00, 0x00, 0x00, 0x00,
	0x00, 0x00, 0x00, 0x00, 0x00, 0xEC, 0xFF, 0xFF, 0x6C, 0x00, 0x00, 0x00,
	0x00, 0x00, 0x00, 0x00, 0x00, 0x00, 0xEC, 0xFF, 0xFF, 0x6C, 0x00, 0x00,
	0x00, 0x00, 0x00, 0x00, 0x00, 0x00, 0x00, 0xEC, 0xFF, 0xFF, 0x6C, 0x00,
	0x00, 0x00, 0x00, 0x00, 0x00, 0x00, 0x00, 0x00, 0xEC, 0xFF, 0xFF, 0x6C,
	0x00, 0x00, 0x00, 0x00, 0x00, 0x00, 0x00, 0x00, 0x00, 0xEC, 0xFF, 0xFF,
	0x6C, 0x00, 0x00, 0x00, 0x00, 0x00, 0x00, 0x00, 0x00, 0x00, 0xEC, 0xFF,
	0xFF, 0x6C, 0x00, 0x00, 0x00, 0x00, 0xF4, 0xFF, 0xFF, 0x68, 0x00, 0x00,
	0x00, 0x00, 0xE0, 0xFF, 0xFF, 0x74, 0xF4, 0xFF, 0xFF, 0x68, 0x00, 0x00,
	0x00, 0x00, 0xE0, 0xFF, 0xFF, 0x74, 0xF4, 0xFF, 0xFF, 0x68, 0x00, 0x00,
	0x00, 0x00, 0xE0, 0xFF, 0xFF, 0x74, 0xF4, 0xFF, 0xFF, 0x68, 0x00, 0x00,
	0x00, 0x00, 0xE0, 0xFF, 0xFF, 0x74, 0xF4, 0xFF, 0xFF, 0x68, 0x00, 0x00,
	0x00, 0x00, 0xE0, 0xFF, 0xFF, 0x74, 0xF4, 0xFF, 0xFF, 0x68, 0x00, 0x00,
	0x00, 0x00, 0xE0, 0xFF, 0xFF, 0x74, 0xF4, 0xFF, 0xFF, 0x68, 0x00, 0x00,
	0x00, 0x00, 0xE0, 0xFF, 0xFF, 0x74, 0xF4, 0xFF, 0xFF, 0x68, 0x00, 0x00,
	0x00, 0x00, 0xE0, 0xFF, 0xFF, 0x74, 0xF4, 0xFF, 0xFF, 0x68, 0x00, 0x00,
	0x00, 0x00, 0xE0, 0xFF, 0xFF, 0x74, 0xF4, 0xFF, 0xFF, 0x68, 0x00, 0x00,
	0x00, 0x00, 0xE0, 0xFF, 0xFF, 0x74, 0xF3, 0xFF, 0xFF, 0x69, 0x00, 0x00,
	0x00, 0x00, 0xE2, 0xFF, 0xFF, 0x73, 0xEA, 0xFF, 0xFF, 0x75, 0x00, 0x00,
	0x00, 0x00, 0xEE, 0xFF, 0xFF, 0x68, 0xCF, 0xFF, 0xFF, 0x9F, 0x00, 0x00,
	0x00, 0x1A, 0xFF, 0xFF, 0xFF, 0x4C, 0x99, 0xFF, 0xFF, 0xF5, 0x52, 0x0C,
	0x1F, 0xB2, 0xFF, 0xFF, 0xFD, 0x18, 0x37, 0xFF, 0xFF, 0xFF, 0xFF, 0xFF,
	0xFF, 0xFF, 0xFF, 0xFF, 0xB2, 0x00, 0x00, 0x85, 0xFF, 0xFF, 0xFF, 0xFF,
	0xFF, 0xFF, 0xFF, 0xDE, 0x1D, 0x00, 0x00, 0x00, 0x4B, 0xB4, 0xE8, 0xFA,
	0xF1, 0xCF, 0x82, 0x10, 0x00, 0x00, 0x8F, 0xFF, 0xFF, 0xED, 0x00, 0x00,
	0x00, 0x00, 0x00, 0x67, 0xFF, 0xFF, 0xFF, 0x11, 0x59, 0xFF, 0xFF, 0xFF,
	0x13, 0x00, 0x00, 0x00, 0x00, 0x92, 0xFF, 0xFF, 0xDB, 0x00, 0x21, 0xFF,
	0xFF, 0xFF, 0x3E, 0x00, 0x00, 0x00, 0x00, 0xC1, 0xFF, 0xFF, 0xA3, 0x00,
	0x00, 0xE5, 0xFF, 0xFF, 0x6D, 0x00, 0x00, 0x00, 0x00, 0xEF, 0xFF, 0xFF,
	0x6A, 0x00, 0x00, 0xA6, 0xFF, 0xFF, 0xA0, 0x00, 0x00, 0x00, 0x21, 0xFF,
	0xFF, 0xFF, 0x2B, 0x00, 0x00, 0x65, 0xFF, 0xFF, 0xD3, 0x00, 0x00, 0x00,
	0x52, 0xFF, 0xFF, 0xE9, 0x00, 0x00, 0x00, 0x22, 0xFF, 0xFF, 0xFC, 0x0A,
	0x00, 0x00, 0x82, 0xFF, 0xFF, 0xA9, 0x00, 0x00, 0x00, 0x00, 0xDE, 0xFF,
	0xFF, 0x40, 0x00, 0x00, 0xBA, 0xFF, 0xFF, 0x68, 0x00, 0x00, 0x00, 0x00,
	0x97, 0xFF, 0xFF, 0x79, 0x00, 0x02, 0xF0, 0xFF, 0xFF, 0x22, 0x00, 0x00,
	0x00, 0x00, 0x4D, 0xFF, 0xFF, 0xB3, 0x00, 0x2C, 0xFF, 0xFF, 0xD7, 0x00,
	0x00, 0x00, 0x00, 0x00, 0x0A, 0xF7, 0xFF, 0xED, 0x02, 0x66, 0xFF, 0xFF,
	0x8B, 0x00, 0x00, 0x00, 0x00, 0x00, 0x00, 0xB7, 0xFF, 0xFF, 0x32, 0xA7,
	0xFF, 0xFF, 0x40, 0x00, 0x00, 0x00, 0x00, 0x00, 0x00, 0x6C, 0xFF, 0xFF,
	0x7B, 0xE9, 0xFF, 0xEF, 0x04, 0x00, 0x00, 0x00, 0x00, 0x00, 0x00, 0x1E,
	0xFF, 0xFF, 0xE9, 0xFF, 0xFF, 0x9F, 0x00, 0x00, 0x00, 0x00, 0x00, 0x00,
	0x00, 0x00, 0xCD, 0xFF, 0xFF, 0xFF, 0xFF, 0x49, 0x00, 0x00, 0x00, 0x00,
	0x00, 0x00, 0x00, 0x00, 0x7B, 0xFF, 0xFF, 0xFF, 0xEE, 0x05, 0x00, 0x00,
	0x00, 0x00, 0x00, 0x00, 0x00, 0x00, 0x26, 0xFF, 0xFF, 0xFF, 0x9E, 0x00,
	0x00, 0x00, 0x00, 0x00, 0x5D, 0xFF, 0xFF, 0xB1, 0x00, 0x00, 0x00, 0x00,
	0x00, 0x33, 0xFF, 0xFF, 0xDA, 0x55, 0xFF, 0xFF, 0xAC, 0x00, 0x00, 0x00,
	0x00, 0x00, 0x31, 0xFF, 0xFF, 0xD1, 0x4E, 0xFF, 0xFF, 0xA7, 0x00, 0x00,
	0x00, 0x00, 0x00, 0x2E, 0xFF, 0xFF, 0xC8, 0x46, 0xFF, 0xFF, 0xA3, 0x00,
	0x00, 0x00, 0x00, 0x00, 0x2B, 0xFF, 0xFF, 0xBF, 0x3D, 0xFF, 0xFF, 0x9F,
	0x00, 0x00, 0x00, 0x00, 0x00, 0x28, 0xFF, 0xFF, 0xB5, 0x32, 0xFF, 0xFF,
	0x9C, 0x00, 0x00, 0x00, 0x00, 0x00, 0x25, 0xFF, 0xFF, 0xAA, 0x26, 0xFF,
	0xFF, 0x98, 0x00, 0x91, 0xFC, 0xFB, 0x19, 0x21, 0xFF, 0xFF, 0x9F, 0x1A,
	0xFF, 0xFF, 0x94, 0x00, 0xDD, 0xFF, 0xFF, 0x5D, 0x1D, 0xFF, 0xFF, 0x94,
	0x0D, 0xFF, 0xFF, 0x8F, 0x25, 0xFF, 0xFF, 0xFF, 0xA3, 0x18, 0xFF, 0xFF,
	0x89, 0x01, 0xFC, 0xFF, 0x8A, 0x6D, 0xFF, 0xE8, 0xFF, 0xE9, 0x15, 0xFF,
	0xFF, 0x7B, 0x00, 0xEE, 0xFF, 0x87, 0xB7, 0xFF, 0x73, 0xE1, 0xFF, 0x44,
	0xFF, 0xFF, 0x6B, 0x00, 0xDD, 0xFF, 0x8E, 0xF6, 0xFF, 0x1E, 0x92, 0xFF,
	0x8B, 0xFF, 0xFF, 0x5B, 0x00, 0xCC, 0xFF, 0xCE, 0xFF, 0xC9, 0x00, 0x43,
	0xFF, 0xD0, 0xFF, 0xFF, 0x4B, 0x00, 0xB7, 0xFF, 0xFE, 0xFF, 0x76, 0x00,
	0x04, 0xED, 0xFE, 0xFF, 0xFF, 0x38, 0x00, 0x9E, 0xFF, 0xFF, 0xFF, 0x26,
	0x00, 0x00, 0x9F, 0xFF, 0xFF, 0xFF, 0x23, 0x00, 0x85, 0xFF, 0xFF, 0xD6,
	0x00, 0x00, 0x00, 0x4C, 0xFF, 0xFF, 0xFF, 0x0E, 0x00, 0x6C, 0xFF, 0xFF,
	0x87, 0x00, 0x00, 0x00, 0x07, 0xF2, 0xFF, 0xF9, 0x00, 0x2D, 0xFD, 0xFF,
	0xFF, 0x65, 0x00, 0x00, 0x00, 0x00, 0xAE, 0xFF, 0xFF, 0xAA, 0x00, 0x00,
	0x9F, 0xFF, 0xFF, 0xDE, 0x04, 0x00, 0x00, 0x31, 0xFE, 0xFF, 0xFB, 0x26,
	0x00, 0x00, 0x1C, 0xF6, 0xFF, 0xFF, 0x5E, 0x00, 0x00, 0xB3, 0xFF, 0xFF,
	0x97, 0x00, 0x00, 0x00, 0x00, 0x87, 0xFF, 0xFF, 0xD8, 0x02, 0x36, 0xFF,
	0xFF, 0xF5, 0x19, 0x00, 0x00, 0x00, 0x00, 0x0F, 0xEC, 0xFF, 0xFF, 0x57,
	0xB9, 0xFF, 0xFF, 0x84, 0x00, 0x00, 0x00, 0x00, 0x00, 0x00, 0x70, 0xFF,
	0xFF, 0xE7, 0xFF, 0xFF, 0xEC, 0x0F, 0x00, 0x00, 0x00, 0x00, 0x00, 0x00,
	0x06, 0xDD, 0xFF, 0xFF, 0xFF, 0xFF, 0x71, 0x00, 0x00, 0x00, 0x00, 0x00,
	0x00, 0x00, 0x00, 0x58, 0xFF, 0xFF, 0xFF, 0xE1, 0x07, 0x00, 0x00, 0x00,
	0x00, 0x00, 0x00, 0x00, 0x00, 0x53, 0xFF, 0xFF, 0xFF, 0xEC, 0x11, 0x00,
	0x00, 0x00, 0x00, 0x00, 0x00, 0x00, 0x04, 0xDA, 0xFF, 0xFF, 0xFF, 0xFF,
	0x90, 0x00, 0x00, 0x00, 0x00, 0x00, 0x00, 0x00, 0x6A, 0xFF, 0xFF, 0xE0,
	0xFF, 0xFF, 0xFB, 0x26, 0x00, 0x00, 0x00, 0x00, 0x00, 0x0C, 0xE8, 0xFF,
	0xFF, 0x53, 0xBE, 0xFF, 0xFF, 0xA8, 0x00, 0x00, 0x00, 0x00, 0x00, 0x7F,
	0xFF, 0xFF, 0xDA, 0x02, 0x4A, 0xFF, 0xFF, 0xFE, 0x30, 0x00, 0x00, 0x00,
	0x13, 0xF2, 0xFF, 0xFF, 0x66, 0x00, 0x01, 0xD4, 0xFF, 0xFF, 0xAC, 0x00,
	0x00, 0x00, 0x8A, 0xFF, 0xFF, 0xEB, 0x08, 0x00, 0x00, 0x66, 0xFF, 0xFF,
	0xFD, 0x26, 0x00, 0x14, 0xF5, 0xFF, 0xFF, 0x83, 0x00, 0x00, 0x00, 0x0A,
	0xF0, 0xFF, 0xFF, 0x97, 0x00, 0x7F, 0xFF, 0xFF, 0xFC, 0x1C, 0x00, 0x00,
	0x00, 0x00, 0x96, 0xFF, 0xFF, 0xF4, 0x0D, 0x75, 0xFF, 0xFF, 0xFD, 0x19,
	0x00, 0x00, 0x00, 0x00, 0x6C, 0xFF, 0xFF, 0xF1, 0x09, 0x14, 0xF8, 0xFF,
	0xFF, 0x6F, 0x00, 0x00, 0x00, 0x00, 0xC2, 0xFF, 0xFF, 0x99, 0x00, 0x00,
	0xA6, 0xFF, 0xFF, 0xC6, 0x00, 0x00, 0x00, 0x1B, 0xFE, 0xFF, 0xFF, 0x38,
	0x00, 0x00, 0x3F, 0xFF, 0xFF, 0xFE, 0x1F, 0x00, 0x00, 0x72, 0xFF, 0xFF,
	0xD1, 0x00, 0x00, 0x00, 0x00, 0xD6, 0xFF, 0xFF, 0x7C, 0x00, 0x00, 0xCE,
	0xFF, 0xFF, 0x67, 0x00, 0x00, 0x00, 0x00, 0x6C, 0xFF, 0xFF, 0xDE, 0x01,
	0x30, 0xFF, 0xFF, 0xEE, 0x0B, 0x00, 0x00, 0x00, 0x00, 0x09, 0xEA, 0xFF,
	0xFF, 0x4B, 0x96, 0xFF, 0xFF, 0x81, 0x00, 0x00, 0x00, 0x00, 0x00, 0x00,
	0x7A, 0xFF, 0xFF, 0xC8, 0xF3, 0xFF, 0xF4, 0x13, 0x00, 0x00, 0x00, 0x00,
	0x00, 0x00, 0x0D, 0xEB, 0xFF, 0xFF, 0xFF, 0xFF, 0x85, 0x00, 0x00, 0x00,
	0x00, 0x00, 0x00, 0x00, 0x00, 0x72, 0xFF, 0xFF, 0xFF, 0xED, 0x0F, 0x00,
	0x00, 0x00, 0x00, 0x00, 0x00, 0x00, 0x00, 0x08, 0xF0, 0xFF, 0xFF, 0x85,
	0x00, 0x00, 0x00, 0x00, 0x00, 0x00, 0x00, 0x00, 0x00, 0x00, 0xE4, 0xFF,
	0xFF, 0x74, 0x00, 0x00, 0x00, 0x00, 0x00, 0x00, 0x00, 0x00, 0x00, 0x00,
	0xE4, 0xFF, 0xFF, 0x74, 0x00, 0x00, 0x00, 0x00, 0x00, 0x00, 0x00, 0x00,
	0x00, 0x00, 0xE4, 0xFF, 0xFF, 0x74, 0x00, 0x00, 0x00, 0x00, 0x00, 0x00,
	0x00, 0x00, 0x00, 0x00, 0xE4, 0xFF, 0xFF, 0x74, 0x00, 0x00, 0x00, 0x00,
	0x00, 0x00, 0x00, 0x00, 0x00, 0x00, 0xE4, 0xFF, 0xFF, 0x74, 0x00, 0x00,
	0x00, 0x00, 0x00, 0x00, 0x00, 0x00, 0x00, 0x00, 0xE4, 0xFF, 0xFF, 0x74,
	0x00, 0x00, 0x00, 0x00, 0x00, 0x68, 0xFF, 0xFF, 0xFF, 0xFF, 0xFF, 0xFF,
	0xFF, 0xFF, 0xFF, 0xFF, 0x04, 0x68, 0xFF, 0xFF, 0xFF, 0xFF, 0xFF, 0xFF,
	0xFF, 0xFF, 0xFF, 0xFF, 0x04, 0x68, 0xFF, 0xFF, 0xFF, 0xFF, 0xFF, 0xFF,
	0xFF, 0xFF, 0xFF, 0xB4, 0x00, 0x00, 0x00, 0x00, 0x00, 0x00, 0x00, 0x47,
	0xFF, 0xFF, 0xF5, 0x20, 0x00, 0x00, 0x00, 0x00, 0x00, 0x00, 0x05, 0xD8,
	0xFF, 0xFF, 0x76, 0x00, 0x00, 0x00, 0x00, 0x00, 0x00, 0x00, 0x74, 0xFF,
	0xFF, 0xD4, 0x04, 0x00, 0x00, 0x00, 0x00, 0x00, 0x00, 0x16, 0xF1, 0xFF,
	0xFF, 0x42, 0x00, 0x00, 0x00, 0x00, 0x00, 0x00, 0x00, 0x9C, 0xFF, 0xFF,
	0xAB, 0x00, 0x00, 0x00, 0x00, 0x00, 0x00, 0x00, 0x31, 0xFD, 0xFF, 0xF6,
	0x1E, 0x00, 0x00, 0x00, 0x00, 0x00, 0x00, 0x00, 0xC2, 0xFF, 0xFF, 0x84,
	0x00, 0x00, 0x00, 0x00, 0x00, 0x00, 0x00, 0x53, 0xFF, 0xFF, 0xE8, 0x0C,
	0x00, 0x00, 0x00, 0x00, 0x00, 0x00, 0x05, 0xDA, 0xFF, 0xFF, 0x67, 0x00,
	0x00, 0x00, 0x00, 0x00, 0x00, 0x00, 0x6D, 0xFF, 0xFF, 0xDA, 0x04, 0x00,
	0x00, 0x00, 0x00, 0x00, 0x00, 0x0A, 0xE8, 0xFF, 0xFF, 0x57, 0x00, 0x00,
	0x00, 0x00, 0x00, 0x00, 0x00, 0x78, 0xFF, 0xFF, 0xFF, 0xFF, 0xFF, 0xFF,
	0xFF, 0xFF, 0xFF, 0xFF, 0x44, 0xC3, 0xFF, 0xFF, 0xFF, 0xFF, 0xFF, 0xFF,
	0xFF, 0xFF, 0xFF, 0xFF, 0x44, 0xC4, 0xFF, 0xFF, 0xFF, 0xFF, 0xFF, 0xFF,
	0xFF, 0xFF, 0xFF, 0xFF, 0x44, 0xF4, 0xFF, 0xFF, 0xFF, 0xFF, 0xFF, 0xFF,
	0x88, 0xF4, 0xFF, 0xFF, 0xFF, 0xFF, 0xFF, 0xFF, 0x88, 0xF4, 0xFF, 0xFF,
	0xFF, 0xFF, 0xFF, 0xFF, 0x88, 0xF4, 0xFF, 0xFF, 0x34, 0x00, 0x00, 0x00,
	0x00, 0xF4, 0xFF, 0xFF, 0x34, 0x00, 0x00, 0x00, 0x00, 0xF4, 0xFF, 0xFF,
	0x34, 0x00, 0x00, 0x00, 0x00, 0xF4, 0xFF, 0xFF, 0x34, 0x00, 0x00, 0x00,
	0x00, 0xF4, 0xFF, 0xFF, 0x34, 0x00, 0x00, 0x00, 0x00, 0xF4, 0xFF, 0xFF,
	0x34, 0x00, 0x00, 0x00, 0x00, 0xF4, 0xFF, 0xFF, 0x34, 0x00, 0x00, 0x00,
	0x00, 0xF4, 0xFF, 0xFF, 0x34, 0x00, 0x00, 0x00, 0x00, 0xF4, 0xFF, 0xFF,
	0x34, 0x00, 0x00, 0x00, 0x00, 0xF4, 0xFF, 0xFF, 0x34, 0x00, 0x00, 0x00,
	0x00, 0xF4, 0xFF, 0xFF, 0x34, 0x00, 0x00, 0x00, 0x00, 0xF4, 0xFF, 0xFF,
	0x34, 0x00, 0x00, 0x00, 0x00, 0xF4, 0xFF, 0xFF, 0x34, 0x00, 0x00, 0x00,
	0x00, 0xF4, 0xFF, 0xFF, 0x34, 0x00, 0x00, 0x00, 0x00, 0xF4, 0xFF, 0xFF,
	0x34, 0x00, 0x00, 0x00, 0x00, 0xF4, 0xFF, 0xFF, 0x34, 0x00, 0x00, 0x00,
	0x00, 0xF4, 0xFF, 0xFF, 0x34, 0x00, 0x00, 0x00, 0x00, 0xF4, 0xFF, 0xFF,
	0xFF, 0xFF, 0xFF, 0xFF, 0x88, 0xF4, 0xFF, 0xFF, 0xFF, 0xFF, 0xFF, 0xFF,
	0x88, 0xF4, 0xFF, 0xFF, 0xFF, 0xFF, 0xFF, 0xFF, 0x88, 0x83, 0xFF, 0xFF,
	0xE0, 0x00, 0x00, 0x00, 0x00, 0x00, 0x00, 0x00, 0x00, 0x2F, 0xFF, 0xFF,
	0xFF, 0x36, 0x00, 0x00, 0x00, 0x00, 0x00, 0x00, 0x00, 0x00, 0xDA, 0xFF,
	0xFF, 0x8A, 0x00, 0x00, 0x00, 0x00, 0x00, 0x00, 0x00, 0x00, 0x87, 0xFF,
	0xFF, 0xDD, 0x00, 0x00, 0x00, 0x00, 0x00, 0x00, 0x00, 0x00, 0x33, 0xFF,
	0xFF, 0xFF, 0x32, 0x00, 0x00, 0x00, 0x00, 0x00, 0x00, 0x00, 0x00, 0xDF,
	0xFF, 0xFF, 0x86, 0x00, 0x00, 0x00, 0x00, 0x00, 0x00, 0x00, 0x00, 0x8C,
	0xFF, 0xFF, 0xDA, 0x00, 0x00, 0x00, 0x00, 0x00, 0x00, 0x00, 0x00, 0x38,
	0xFF, 0xFF, 0xFF, 0x2F, 0x00, 0x00, 0x00, 0x00, 0x00, 0x00, 0x00, 0x01,
	0xE2, 0xFF, 0xFF, 0x83, 0x00, 0x00, 0x00, 0x00, 0x00, 0x00, 0x00, 0x00,
	0x90, 0xFF, 0xFF, 0xD7, 0x00, 0x00, 0x00, 0x00, 0x00, 0x00, 0x00, 0x00,
	0x3C, 0xFF, 0xFF, 0xFF, 0x2B, 0x00, 0x00, 0x00, 0x00, 0x00, 0x00, 0x00,
	0x01, 0xE6, 0xFF, 0xFF, 0x7F, 0x00, 0x00, 0x00, 0x00, 0x00, 0x00, 0x00,
	0x00, 0x95, 0xFF, 0xFF, 0xD4, 0x00, 0x00, 0x00, 0x00, 0x00, 0x00, 0x00,
	0x00, 0x41, 0xFF, 0xFF, 0xFF, 0x28, 0x00, 0x00, 0x00, 0x00, 0x00, 0x00,
	0x00, 0x03, 0xE9, 0xFF, 0xFF, 0x7C, 0x00, 0x00, 0x00, 0x00, 0x00, 0x00,
	0x00, 0x00, 0x99, 0xFF, 0xFF, 0xD0, 0x00, 0x00, 0x00, 0x00, 0x00, 0x00,
	0x00, 0x00, 0x45, 0xFF, 0xFF, 0xFF, 0x24, 0x00, 0x00, 0x00, 0x00, 0x00,
	0x00, 0x00, 0x04, 0xED, 0xFF, 0xFF, 0x78, 0x00, 0x00, 0x00, 0x00, 0x00,
	0x00, 0x00, 0x00, 0x9E, 0xFF, 0xFF, 0xCD, 0x00, 0x00, 0x00, 0x00, 0x00,
	0x00, 0x00, 0x00, 0x4A, 0xFF, 0xFF, 0xFF, 0x21, 0x00, 0x00, 0x00, 0x00,
	0x00, 0x00, 0x00, 0x06, 0xEF, 0xFF, 0xFF, 0x75, 0x00, 0x00, 0x00, 0x00,
	0x00, 0x00, 0x00, 0x00, 0xA2, 0xFF, 0xFF, 0xC9, 0x00, 0x00, 0x00, 0x00,
	0x00, 0x00, 0x00, 0x00, 0x4E, 0xFF, 0xFF, 0xFF, 0x1E, 0x10, 0xFF, 0xFF,
	0xFF, 0xFF, 0xFF, 0xFF, 0xFF, 0x74, 0x10, 0xFF, 0xFF, 0xFF, 0xFF, 0xFF,
	0xFF, 0xFF, 0x74, 0x10, 0xFF, 0xFF, 0xFF, 0xFF, 0xFF, 0xFF, 0xFF, 0x74,
	0x00, 0x00, 0x00, 0x00, 0x00, 0xBC, 0xFF, 0xFF, 0x74, 0x00, 0x00, 0x00,
	0x00, 0x00, 0xBC, 0xFF, 0xFF, 0x74, 0x00, 0x00, 0x00, 0x00, 0x00, 0xBC,
	0xFF, 0xFF, 0x74, 0x00, 0x00, 0x00, 0x00, 0x00, 0xBC, 0xFF, 0xFF, 0x74,
	0x00, 0x00, 0x00, 0x00, 0x00, 0xBC, 0xFF, 0xFF, 0x74, 0x00, 0x00, 0x00,
	0x00, 0x00, 0xBC, 0xFF, 0xFF, 0x74, 0x00, 0x00, 0x00, 0x00, 0x00, 0xBC,
	0xFF, 0xFF, 0x74, 0x00, 0x00, 0x00, 0x00, 0x00, 0xBC, 0xFF, 0xFF, 0x74,
	0x00, 0x00, 0x00, 0x00, 0x00, 0xBC, 0xFF, 0xFF, 0x74, 0x00, 0x00, 0x00,
	0x00, 0x00, 0xBC, 0xFF, 0xFF, 0x74, 0x00, 0x00, 0x00, 0x00, 0x00, 0xBC,
	0xFF, 0xFF, 0x74, 0x00, 0x00, 0x00, 0x00, 0x00, 0xBC, 0xFF, 0xFF, 0x74,
	0x00, 0x00, 0x00, 0x00, 0x00, 0xBC, 0xFF, 0xFF, 0x74, 0x00, 0x00, 0x00,
	0x00, 0x00, 0xBC, 0xFF, 0xFF, 0x74, 0x00, 0x00, 0x00, 0x00, 0x00, 0xBC,
	0xFF, 0xFF, 0x74, 0x00, 0x00, 0x00, 0x00, 0x00, 0xBC, 0xFF, 0xFF, 0x74,
	0x00, 0x00, 0x00, 0x00, 0x00, 0xBC, 0xFF, 0xFF, 0x74, 0x10, 0xFF, 0xFF,
	0xFF, 0xFF, 0xFF, 0xFF, 0xFF, 0x74, 0x10, 0xFF, 0xFF, 0xFF, 0xFF, 0xFF,
	0xFF, 0xFF, 0x74, 0x10, 0xFF, 0xFF, 0xFF, 0xFF, 0xFF, 0xFF, 0xFF, 0x74,
	0x00, 0x00, 0x00, 0x00, 0x0A, 0xDD, 0xFF, 0xFF, 0x96, 0x00, 0x00, 0x00,
	0x00, 0x00, 0x00, 0x00, 0x00, 0x00, 0x8E, 0xFF, 0xFF, 0xFF, 0xFE, 0x3E,
	0x00, 0x00, 0x00, 0x00, 0x00, 0x00, 0x00, 0x36, 0xFD, 0xFF, 0xFF, 0xFF,
	0xFF, 0xDA, 0x08, 0x00, 0x00, 0x00, 0x00, 0x00, 0x06, 0xD3, 0xFF, 0xFF,
	0x97, 0xD7, 0xFF, 0xFF, 0x89, 0x00, 0x00, 0x00, 0x00, 0x00, 0x81, 0xFF,
	0xFF, 0xEE, 0x13, 0x4A, 0xFF, 0xFF, 0xFC, 0x33, 0x00, 0x00, 0x00, 0x2C,
	0xFA, 0xFF, 0xFF, 0x70, 0x00, 0x00, 0xB9, 0xFF, 0xFF, 0xD1, 0x05, 0x00,
	0x03, 0xC9, 0xFF, 0xFF, 0xD9, 0x05, 0x00, 0x00, 0x2B, 0xFC, 0xFF, 0xFF,
	0x7C, 0x00, 0x4D, 0xFE, 0xFF, 0xFF, 0x4D, 0x00, 0x00, 0x00, 0x00, 0x96,
	0xFF, 0xFF, 0xEB, 0x0F, 0x00, 0x26, 0x95, 0xB1, 0x00, 0x00, 0x00, 0x00,
	0x00, 0x14, 0xD1, 0x74, 0x0F, 0x00, 0xC8, 0xFF, 0xFF, 0xFF, 0xFF, 0xFF,
	0xFF, 0xFF, 0xFF, 0xFF, 0xFF, 0xFF, 0xFF, 0x48, 0xC8, 0xFF, 0xFF, 0xFF,
	0xFF, 0xFF, 0xFF, 0xFF, 0xFF, 0xFF, 0xFF, 0xFF, 0xFF, 0x48, 0xC8, 0xFF,
	0xFF, 0xFF, 0xFF, 0xFF, 0xFF, 0xFF, 0xFF, 0xFF, 0xFF, 0xFF, 0xFF, 0x48,
	0x00, 0x8A, 0x73, 0x01, 0x00, 0x00, 0x00, 0x32, 0xFC, 0xFF, 0xB6, 0x15,
	0x00, 0x00, 0xA2, 0xFF, 0xFF, 0xFF, 0xE6, 0x42, 0x00, 0x02, 0x57, 0xD5,
	0xFF, 0xFF, 0xC1, 0x00, 0x00, 0x00, 0x02, 0x59, 0xCF, 0x27, 0x00, 0x00,
	0x4A, 0xAF, 0xD7, 0xEB, 0xFB, 0xEF, 0xC5, 0x71, 0x08, 0x00, 0x00, 0x7C,
	0xFF, 0xFF, 0xFF, 0xFF, 0xFF, 0xFF, 0xFF, 0xC6, 0x07, 0x00, 0x53, 0xFF,
	0xFF, 0xFF, 0xFF, 0xFF, 0xFF, 0xFF, 0xFF, 0x71, 0x00, 0x17, 0x48, 0x20,
	0x0C, 0x0C, 0x3E, 0xDB, 0xFF, 0xFF, 0xBE, 0x00, 0x00, 0x00, 0x00, 0x00,
	0x00, 0x00, 0x5B, 0xFF, 0xFF, 0xDF, 0x00, 0x0D, 0x6B, 0xC5, 0xE7, 0xFB,
	0xF1, 0xE1, 0xFF, 0xFF, 0xE7, 0x15, 0xDB, 0xFF, 0xFF, 0xFF, 0xFF, 0xFF,
	0xFF, 0xFF, 0xFF, 0xE8, 0x8F, 0xFF, 0xFF, 0xFF, 0xFF, 0xFF, 0xFF, 0xFF,
	0xFF, 0xFF, 0xE8, 0xC5, 0xFF, 0xFF, 0xBF, 0x2A, 0x07, 0x04, 0x54, 0xFF,
	0xFF, 0xE8, 0xC2, 0xFF, 0xFF, 0xBD, 0x24, 0x04, 0x00, 0x4D, 0xFF, 0xFF,
	0xE8, 0x88, 0xFF, 0xFF, 0xFF, 0xFF, 0xFF, 0xFF, 0xFF, 0xFF, 0xFF, 0xE8,
	0x14, 0xDE, 0xFF, 0xFF, 0xFF, 0xFF, 0xFF, 0xFF, 0xFF, 0xFF, 0xE8, 0x00,
	0x12, 0x84, 0xCD, 0xE8, 0xFC, 0xF9, 0xEB, 0xD1, 0xAC, 0x75, 0x54, 0xFF,
	0xFF, 0xFF, 0x00, 0x00, 0x00, 0x00, 0x00, 0x00, 0x00, 0x00, 0x54, 0xFF,
	0xFF, 0xFF, 0x00, 0x00, 0x00, 0x00, 0x00, 0x00, 0x00, 0x00, 0x54, 0xFF,
	0xFF, 0xFF, 0x00, 0x00, 0x00, 0x00, 0x00, 0x00, 0x00, 0x00, 0x54, 0xFF,
	0xFF, 0xFF, 0x00, 0x00, 0x00, 0x00, 0x00, 0x00, 0x00, 0x00, 0x54, 0xFF,
	0xFF, 0xFF, 0x00, 0x00, 0x00, 0x00, 0x00, 0x00, 0x00, 0x00, 0x54, 0xFF,
	0xFF, 0xFF, 0x00, 0x00, 0x00, 0x00, 0x00, 0x00, 0x00, 0x00, 0x54, 0xFF,
	0xFF, 0xFF, 0x57, 0xCA, 0xF5, 0xE8, 0xA3, 0x22, 0x00, 0x00, 0x54, 0xFF,
	0xFF, 0xFF, 0xFF, 0xFF, 0xFF, 0xFF, 0xFF, 0xF1, 0x30, 0x00, 0x54, 0xFF,
	0xFF, 0xFF, 0xFF, 0xFF, 0xFF, 0xFF, 0xFF, 0xFF, 0xD1, 0x01, 0x54, 0xFF,
	0xFF, 0xFF, 0x9B, 0x17, 0x1D, 0xAB, 0xFF, 0xFF, 0xFF, 0x3C, 0x54, 0xFF,
	0xFF, 0xFF, 0x00, 0x00, 0x00, 0x0F, 0xF6, 0xFF, 0xFF, 0x7C, 0x54, 0xFF,
	0xFF, 0xFF, 0x00, 0x00, 0x00, 0x00, 0xC8, 0xFF, 0xFF, 0xA0, 0x54, 0xFF,
	0xFF, 0xFF, 0x00, 0x00, 0x00, 0x00, 0xB4, 0xFF, 0xFF, 0xAB, 0x54, 0xFF,
	0xFF, 0xFF, 0x00, 0x00, 0x00, 0x00, 0xC4, 0xFF, 0xFF, 0x9C, 0x54, 0xFF,
	0xFF, 0xFF, 0x00, 0x00, 0x00, 0x0D, 0xF4, 0xFF, 0xFF, 0x70, 0x54, 0xFF,
	0xFF, 0xFF, 0x00, 0x00, 0x12, 0xB0, 0xFF, 0xFF, 0xFD, 0x23, 0x54, 0xFF,
	0xFF, 0xFF, 0xEE, 0xE2, 0xFD, 0xFF, 0xFF, 0xFF, 0x9D, 0x00, 0x54, 0xFF,
	0xFF, 0xFF, 0xFF, 0xFF, 0xFF, 0xFF, 0xFF, 0xBA, 0x0B, 0x00, 0x1E, 0x87,
	0xBB, 0xDB, 0xED, 0xFB, 0xED, 0xBD, 0x5E, 0x02, 0x00, 0x00, 0x00, 0x00,
	0x00, 0x28, 0x8F, 0xCF, 0xED, 0xFA, 0xE9, 0xCC, 0x86, 0x1A, 0x00, 0x02,
	0x85, 0xFD, 0xFF, 0xFF, 0xFF, 0xFF, 0xFF, 0xFF, 0xFF, 0x27, 0x00, 0x88,
	0xFF, 0xFF, 0xFF, 0xFF, 0xFF, 0xFF, 0xFF, 0xFF, 0xE3, 0x00, 0x28, 0xFD,
	0xFF, 0xFF, 0xE6, 0x63, 0x1C, 0x04, 0x09, 0x30, 0x48, 0x00, 0x87, 0xFF,
	0xFF, 0xF8, 0x24, 0x00, 0x00, 0x00, 0x00, 0x00, 0x00, 0x00, 0xBA, 0xFF,
	0xFF, 0xB8, 0x00, 0x00, 0x00, 0x00, 0x00, 0x00, 0x00, 0x00, 0xCB, 0xFF,
	0xFF, 0x9A, 0x00, 0x00, 0x00, 0x00, 0x00, 0x00, 0x00, 0x00, 0xBB, 0xFF,
	0xFF, 0xBA, 0x00, 0x00, 0x00, 0x00, 0x00, 0x00, 0x00, 0x00, 0x8A, 0xFF,
	0xFF, 0xFA, 0x2E, 0x00, 0x00, 0x00, 0x00, 0x00, 0x00, 0x00, 0x2F, 0xFF,
	0xFF, 0xFF, 0xE3, 0x60, 0x1D, 0x05, 0x09, 0x1F, 0x52, 0x0E, 0x00, 0x95,
	0xFF, 0xFF, 0xFF, 0xFF, 0xFF, 0xFF, 0xFF, 0xFF, 0xFF, 0x41, 0x00, 0x04,
	0x92, 0xFF, 0xFF, 0xFF, 0xFF, 0xFF, 0xFF, 0xFF, 0xFF, 0x6E, 0x00, 0x00,
	0x00, 0x2E, 0x92, 0xD0, 0xEE, 0xFC, 0xF7, 0xDF, 0xAF, 0x40, 0x00, 0x00,
	0x00, 0x00, 0x00, 0x00, 0x00, 0x00, 0xB8, 0xFF, 0xFF, 0x9C, 0x00, 0x00,
	0x00, 0x00, 0x00, 0x00, 0x00, 0x00, 0xB8, 0xFF, 0xFF, 0x9C, 0x00, 0x00,
	0x00, 0x00, 0x00, 0x00, 0x00, 0x00, 0xB8, 0xFF, 0xFF, 0x9C, 0x00, 0x00,
	0x00, 0x00, 0x00, 0x00, 0x00, 0x00, 0xB8, 0xFF, 0xFF, 0x9C, 0x00, 0x00,
	0x00, 0x00, 0x00, 0x00, 0x00, 0x00, 0xB8, 0xFF, 0xFF, 0x9C, 0x00, 0x00,
	0x00, 0x00, 0x00, 0x00, 0x00, 0x00, 0xB8, 0xFF, 0xFF, 0x9C, 0x00, 0x00,
	0x05, 0x75, 0xD3, 0xF6, 0xE7, 0x7F, 0xBE, 0xFF, 0xFF, 0x9C, 0x00, 0x02,
	0xB3, 0xFF, 0xFF, 0xFF, 0xFF, 0xFF, 0xFF, 0xFF, 0xFF, 0x9C, 0x00, 0x64,
	0xFF, 0xFF, 0xFF, 0xFF, 0xFF, 0xFF, 0xFF, 0xFF, 0xFF, 0x9C, 0x00, 0xCE,
	0xFF, 0xFF, 0xE6, 0x3C, 0x0B, 0x65, 0xF7, 0xFF, 0xFF, 0x9C, 0x0F, 0xFE,
	0xFF, 0xFF, 0x6C, 0x00, 0x00, 0x00, 0xB8, 0xFF, 0xFF, 0x9C, 0x31, 0xFF,
	0xFF, 0xFF, 0x34, 0x00, 0x00, 0x00, 0xB8, 0xFF, 0xFF, 0x9C, 0x3C, 0xFF,
	0xFF, 0xFF, 0x26, 0x00, 0x00, 0x00, 0xB8, 0xFF, 0xFF, 0x9C, 0x30, 0xFF,
	0xFF, 0xFF, 0x3E, 0x00, 0x00, 0x00, 0xB8, 0xFF, 0xFF, 0x9C, 0x0D, 0xFD,
	0xFF, 0xFF, 0x8B, 0x00, 0x00, 0x00, 0xB8, 0xFF, 0xFF, 0x9C, 0x00, 0xC1,
	0xFF, 0xFF, 0xF8, 0x62, 0x10, 0x05, 0xBD, 0xFF, 0xFF, 0x9C, 0x00, 0x46,
	0xFF, 0xFF, 0xFF, 0xFF, 0xFF, 0xFF, 0xFF, 0xFF, 0xFF, 0x9C, 0x00, 0x00,
	0x79, 0xFF, 0xFF, 0xFF, 0xFF, 0xFF, 0xFF, 0xFF, 0xFF, 0x9C, 0x00, 0x00,
	0x00, 0x3B, 0xA8, 0xE3, 0xF9, 0xF3, 0xE0, 0xC8, 0x9B, 0x3F, 0x00, 0x00,
	0x00, 0x10, 0x7F, 0xD2, 0xF6, 0xF1, 0xCA, 0x72, 0x07, 0x00, 0x00, 0x00,
	0x00, 0x2D, 0xE2, 0xFF, 0xFF, 0xFF, 0xFF, 0xFF, 0xFF, 0xC8, 0x0E, 0x00,
	0x00, 0x0F, 0xE1, 0xFF, 0xFF, 0xFF, 0xFF, 0xFF, 0xFF, 0xFF, 0xFF, 0x9A,
	0x00, 0x00, 0x81, 0xFF, 0xFF, 0xEE, 0x55, 0x0F, 0x18, 0x7B, 0xFF, 0xFF,
	0xFA, 0x15, 0x00, 0xDB, 0xFF, 0xFF, 0x6D, 0x00, 0x00, 0x00, 0x00, 0xC4,
	0xFF, 0xFF, 0x55, 0x0F, 0xFF, 0xFF, 0xFF, 0xFF, 0xFF, 0xFF, 0xFF, 0xFF,
	0xFF, 0xFF, 0xFF, 0x7C, 0x22, 0xFF, 0xFF, 0xFF, 0xFF, 0xFF, 0xFF, 0xFF,
	0xFF, 0xFF, 0xFF, 0xFF, 0x8B, 0x16, 0xFF, 0xFF, 0xFF, 0xFF, 0xFF, 0xFF,
	0xFF, 0xFF, 0xFF, 0xFF, 0xFF, 0x88, 0x01, 0xEA, 0xFF, 0xFF, 0x65, 0x00,
	0x00, 0x00, 0x00, 0x00, 0x00, 0x00, 0x00, 0x00, 0x98, 0xFF, 0xFF, 0xF2,
	0x77, 0x27, 0x09, 0x0C, 0x3C, 0x99, 0x68, 0x00, 0x00, 0x1B, 0xEB, 0xFF,
	0xFF, 0xFF, 0xFF, 0xFF, 0xFF, 0xFF, 0xFF, 0x96, 0x00, 0x00, 0x00, 0x34,
	0xE1, 0xFF, 0xFF, 0xFF, 0xFF, 0xFF, 0xFF, 0xFF, 0xBA, 0x00, 0x00, 0x00,
	0x00, 0x0C, 0x6B, 0xBA, 0xE8, 0xFA, 0xEF, 0xD4, 0x9F, 0x45, 0x00, 0x00,
	0x00, 0x00, 0x00, 0x00, 0x0D, 0x7F, 0xCE, 0xF4, 0xF6, 0xDE, 0xB6, 0x65,
	0x0C, 0x00, 0x00, 0x00, 0x00, 0x19, 0xDC, 0xFF, 0xFF, 0xFF, 0xFF, 0xFF,
	0xFF, 0xFF, 0x26, 0x00, 0x00, 0x00, 0x00, 0xAB, 0xFF, 0xFF, 0xFF, 0xFF,
	0xFF, 0xFF, 0xFF, 0xF2, 0x01, 0x00, 0x00, 0x00, 0x0D, 0xFA, 0xFF, 0xFF,
	0xBD, 0x20, 0x08, 0x26, 0x52, 0x72, 0x00, 0x00, 0x00, 0x00, 0x31, 0xFF,
	0xFF, 0xFF, 0x33, 0x00, 0x00, 0x00, 0x00, 0x00, 0x00, 0x00, 0x00, 0x00,
	0x3F, 0xFF, 0xFF, 0xFF, 0x19, 0x00, 0x00, 0x00, 0x00, 0x00, 0x00, 0x08,
	0xFF, 0xFF, 0xFF, 0xFF, 0xFF, 0xFF, 0xFF, 0xFF, 0xFF, 0xFF, 0xFF, 0x50,
	0x00, 0x08, 0xFF, 0xFF, 0xFF, 0xFF, 0xFF, 0xFF, 0xFF, 0xFF, 0xFF, 0xFF,
	0xFF, 0x50, 0x00, 0x08, 0xFF, 0xFF, 0xFF, 0xFF, 0xFF, 0xFF, 0xFF, 0xFF,
	0xFF, 0xFF, 0xFF, 0x50, 0x00, 0x00, 0x00, 0x00, 0x40, 0xFF, 0xFF, 0xFF,
	0x18, 0x00, 0x00, 0x00, 0x00, 0x00, 0x00, 0x00, 0x00, 0x00, 0x40, 0xFF,
	0xFF, 0xFF, 0x18, 0x00, 0x00, 0x00, 0x00, 0x00, 0x00, 0x00, 0x00, 0x00,
	0x40, 0xFF, 0xFF, 0xFF, 0x18, 0x00, 0x00, 0x00, 0x00, 0x00, 0x00, 0x00,
	0x00, 0x00, 0x40, 0xFF, 0xFF, 0xFF, 0x18, 0x00, 0x00, 0x00, 0x00, 0x00,
	0x00, 0x00, 0x00, 0x00, 0x40, 0xFF, 0xFF, 0xFF, 0x18, 0x00, 0x00, 0x00,
	0x00, 0x00, 0x00, 0x00, 0x00, 0x00, 0x40, 0xFF, 0xFF, 0xFF, 0x18, 0x00,
	0x00, 0x00, 0x00, 0x00, 0x00, 0x00, 0x00, 0x00, 0x40, 0xFF, 0xFF, 0xFF,
	0x18, 0x00, 0x00, 0x00, 0x00, 0x00, 0x00, 0x00, 0x00, 0x00, 0x40, 0xFF,
	0xFF, 0xFF, 0x18, 0x00, 0x00, 0x00, 0x00, 0x00, 0x00, 0x00, 0x00, 0x00,
	0x40, 0xFF, 0xFF, 0xFF, 0x18, 0x00, 0x00, 0x00, 0x00, 0x00, 0x00, 0x00,
	0x00, 0x00, 0x40, 0xFF, 0xFF, 0xFF, 0x18, 0x00, 0x00, 0x00, 0x00, 0x00,
	0x00, 0x00, 0x00, 0x00, 0x1E, 0x89, 0xCF, 0xF1, 0xFA, 0xE8, 0xD0, 0x9F,
	0x5B, 0x00, 0x00, 0x55, 0xF4, 0xFF, 0xFF, 0xFF, 0xFF, 0xFF, 0xFF, 0xFF,
	0xD4, 0x00, 0x31, 0xFA, 0xFF, 0xFF, 0xFF, 0xFF, 0xFF, 0xFF, 0xFF, 0xFF,
	0xD4, 0x00, 0xAB, 0xFF, 0xFF, 0xFC, 0x75, 0x1B, 0x05, 0x8F, 0xFF, 0xFF,
	0xD4, 0x01, 0xF0, 0xFF, 0xFF, 0x9A, 0x00, 0x00, 0x00, 0x84, 0xFF, 0xFF,
	0xD4, 0x10, 0xFF, 0xFF, 0xFF, 0x58, 0x00, 0x00, 0x00, 0x84, 0xFF, 0xFF,
	0xD4, 0x16, 0xFF, 0xFF, 0xFF, 0x4F, 0x00, 0x00, 0x00, 0x84, 0xFF, 0xFF,
	0xD4, 0x05, 0xFB, 0xFF, 0xFF, 0x7E, 0x00, 0x00, 0x00, 0x84, 0xFF, 0xFF,
	0xD4, 0x00, 0xCB, 0xFF, 0xFF, 0xED, 0x49, 0x0A, 0x1D, 0xAE, 0xFF, 0xFF,
	0xD4, 0x00, 0x69, 0xFF, 0xFF, 0xFF, 0xFF, 0xFF, 0xFF, 0xFF, 0xFF, 0xFF,
	0xD4, 0x00, 0x03, 0xBA, 0xFF, 0xFF, 0xFF, 0xFF, 0xFF, 0xFF, 0xFF, 0xFF,
	0xD4, 0x00, 0x00, 0x07, 0x77, 0xD3, 0xF7, 0xF2, 0xC7, 0xC7, 0xFF, 0xFF,
	0xCC, 0x00, 0x00, 0x00, 0x00, 0x00, 0x00, 0x00, 0x00, 0x9E, 0xFF, 0xFF,
	0xB6, 0x00, 0x56, 0xAF, 0x4C, 0x14, 0x03, 0x13, 0x61, 0xFA, 0xFF, 0xFF,
	0x7E, 0x00, 0x8C, 0xFF, 0xFF, 0xFF, 0xFF, 0xFF, 0xFF, 0xFF, 0xFF, 0xF7,
	0x1C, 0x00, 0xBE, 0xFF, 0xFF, 0xFF, 0xFF, 0xFF, 0xFF, 0xFF, 0xF9, 0x59,
	0x00, 0x00, 0x34, 0x85, 0xC8, 0xEF, 0xFC, 0xF1, 0xD1, 0x93, 0x28, 0x00,
	0x00, 0x4C, 0xFF, 0xFF, 0xFF, 0x04, 0x00, 0x00, 0x00, 0x00, 0x00, 0x00,
	0x4C, 0xFF, 0xFF, 0xFF, 0x04, 0x00, 0x00, 0x00, 0x00, 0x00, 0x00, 0x4C,
	0xFF, 0xFF, 0xFF, 0x04, 0x00, 0x00, 0x00, 0x00, 0x00, 0x00, 0x4C, 0xFF,
	0xFF, 0xFF, 0x04, 0x00, 0x00, 0x00, 0x00, 0x00, 0x00, 0x4C, 0xFF, 0xFF,
	0xFF, 0x04, 0x00, 0x00, 0x00, 0x00, 0x00, 0x00, 0x4C, 0xFF, 0xFF, 0xFF,
	0x04, 0x00, 0x00, 0x00, 0x00, 0x00, 0x00, 0x4C, 0xFF, 0xFF, 0xFF, 0xC1,
	0xF0, 0xF4, 0xD1, 0x75, 0x06, 0x00, 0x4C, 0xFF, 0xFF, 0xFF, 0xFF, 0xFF,
	0xFF, 0xFF, 0xFF, 0xB1, 0x00, 0x4C, 0xFF, 0xFF, 0xFF, 0xFF, 0xFF, 0xFF,
	0xFF, 0xFF, 0xFF, 0x51, 0x4C, 0xFF, 0xFF, 0xFF, 0x2F, 0x09, 0x3D, 0xEF,
	0xFF, 0xFF, 0xA3, 0x4C, 0xFF, 0xFF, 0xFF, 0x04, 0x00, 0x00, 0x9A, 0xFF,
	0xFF, 0xC3, 0x4C, 0xFF, 0xFF, 0xFF, 0x04, 0x00, 0x00, 0x76, 0xFF, 0xFF,
	0xDE, 0x4C, 0xFF, 0xFF, 0xFF, 0x04, 0x00, 0x00, 0x68, 0xFF, 0xFF, 0xE8,
	0x4C, 0xFF, 0xFF, 0xFF, 0x04, 0x00, 0x00, 0x68, 0xFF, 0xFF, 0xE8, 0x4C,
	0xFF, 0xFF, 0xFF, 0x04, 0x00, 0x00, 0x68, 0xFF, 0xFF, 0xE8, 0x4C, 0xFF,
	0xFF, 0xFF, 0x04, 0x00, 0x00, 0x68, 0xFF, 0xFF, 0xE8, 0x4C, 0xFF, 0xFF,
	0xFF, 0x04, 0x00, 0x00, 0x68, 0xFF, 0xFF, 0xE8, 0x4C, 0xFF, 0xFF, 0xFF,
	0x04, 0x00, 0x00, 0x68, 0xFF, 0xFF, 0xE8, 0x4C, 0xFF, 0xFF, 0xFF, 0x04,
	0x00, 0x00, 0x68, 0xFF, 0xFF, 0xE8, 0x00, 0x00, 0x00, 0x0A, 0xB1, 0xF4,
	0xC2, 0x1A, 0x00, 0x00, 0x00, 0x00, 0x00, 0x00, 0x00, 0x00, 0x6A, 0xFF,
	0xFF, 0xFF, 0x91, 0x00, 0x00, 0x00, 0x00, 0x00, 0x00, 0x00, 0x00, 0x6B,
	0xFF, 0xFF, 0xFF, 0x92, 0x00, 0x00, 0x00, 0x00, 0x00, 0x00, 0x00, 0x00,
	0x0A, 0xB1, 0xF5, 0xC2, 0x1A, 0x00, 0x00, 0x00, 0x00, 0x00, 0x00, 0x00,
	0x00, 0x00, 0x00, 0x00, 0x00, 0x00, 0x00, 0x00, 0x00, 0x00, 0x00, 0x00,
	0x00, 0x00, 0x00, 0x00, 0x00, 0x00, 0x00, 0x00, 0x00, 0x00, 0x00, 0x00,
	0x08, 0xFF, 0xFF, 0xFF, 0xFF, 0xFF, 0xFF, 0xCC, 0x00, 0x00, 0x00, 0x00,
	0x00, 0x08, 0xFF, 0xFF, 0xFF, 0xFF, 0xFF, 0xFF, 0xCC, 0x00, 0x00, 0x00,
	0x00, 0x00, 0x08, 0xFF, 0xFF, 0xFF, 0xFF, 0xFF, 0xFF, 0xCC, 0x00, 0x00,
	0x00, 0x00, 0x00, 0x00, 0x00, 0x00, 0x00, 0x84, 0xFF, 0xFF, 0xCC, 0x00,
	0x00, 0x00, 0x00, 0x00, 0x00, 0x00, 0x00, 0x00, 0x84, 0xFF, 0xFF, 0xCC,
	0x00, 0x00, 0x00, 0x00, 0x00, 0x00, 0x00, 0x00, 0x00, 0x84, 0xFF, 0xFF,
	0xCC, 0x00, 0x00, 0x00, 0x00, 0x00, 0x00, 0x00, 0x00, 0x00, 0x84, 0xFF,
	0xFF, 0xCC, 0x00, 0x00, 0x00, 0x00, 0x00, 0x00, 0x00, 0x00, 0x00, 0x82,
	0xFF, 0xFF, 0xCC, 0x00, 0x00, 0x00, 0x00, 0x00, 0x00, 0x00, 0x00, 0x00,
	0x78, 0xFF, 0xFF, 0xE2, 0x00, 0x00, 0x00, 0x00, 0x00, 0x00, 0x00, 0x00,
	0x00, 0x59, 0xFF, 0xFF, 0xFF, 0x63, 0x0A, 0x29, 0x92, 0x3A, 0x00, 0x00,
	0x00, 0x00, 0x19, 0xFC, 0xFF, 0xFF, 0xFF, 0xFF, 0xFF, 0xFF, 0x62, 0x00,
	0x00, 0x00, 0x00, 0x00, 0x8E, 0xFF, 0xFF, 0xFF, 0xFF, 0xFF, 0xFF, 0x87,
	0x00, 0x00, 0x00, 0x00, 0x00, 0x02, 0x6F, 0xD1, 0xF6, 0xF1, 0xCF, 0x87,
	0x1D, 0x00, 0x00, 0x00, 0x00, 0x00, 0x2D, 0xD1, 0xF2, 0x99, 0x02, 0x00,
	0x00, 0x00, 0x00, 0x00, 0xB2, 0xFF, 0xFF, 0xFF, 0x49, 0x00, 0x00, 0x00,
	0x00, 0x00, 0xB3, 0xFF, 0xFF, 0xFF, 0x4A, 0x00, 0x00, 0x00, 0x00, 0x00,
	0x2D, 0xD2, 0xF3, 0x9A, 0x02, 0x00, 0x00, 0x00, 0x00, 0x00, 0x00, 0x00,
	0x00, 0x00, 0x00, 0x00, 0x00, 0x00, 0x00, 0x00, 0x00, 0x00, 0x00, 0x00,
	0x00, 0x00, 0xA8, 0xFF, 0xFF, 0xFF, 0xFF, 0xFF, 0xFF, 0xFF, 0xCC, 0x00,
	0xA8, 0xFF, 0xFF, 0xFF, 0xFF, 0xFF, 0xFF, 0xFF, 0xCC, 0x00, 0xA8, 0xFF,
	0xFF, 0xFF, 0xFF, 0xFF, 0xFF, 0xFF, 0xCC, 0x00, 0x00, 0x00, 0x00, 0x00,
	0x00, 0x84, 0xFF, 0xFF, 0xCC, 0x00, 0x00, 0x00, 0x00, 0x00, 0x00, 0x84,
	0xFF, 0xFF, 0xCC, 0x00, 0x00, 0x00, 0x00, 0x00, 0x00, 0x84, 0xFF, 0xFF,
	0xCC, 0x00, 0x00, 0x00, 0x00, 0x00, 0x00, 0x84, 0xFF, 0xFF, 0xCC, 0x00,
	0x00, 0x00, 0x00, 0x00, 0x00, 0x84, 0xFF, 0xFF, 0xCC, 0x00, 0x00, 0x00,
	0x00, 0x00, 0x00, 0x84, 0xFF, 0xFF, 0xCC, 0x00, 0x00, 0x00, 0x00, 0x00,
	0x00, 0x84, 0xFF, 0xFF, 0xCC, 0x00, 0x00, 0x00, 0x00, 0x00, 0x00, 0x84,
	0xFF, 0xFF, 0xCC, 0x00, 0x00, 0x00, 0x00, 0x00, 0x00, 0x84, 0xFF, 0xFF,
	0xCA, 0x00, 0x00, 0x00, 0x00, 0x00, 0x00, 0x99, 0xFF, 0xFF, 0xBD, 0x00,
	0xBC, 0x7F, 0x2D, 0x07, 0x30, 0xEB, 0xFF, 0xFF, 0x97, 0x32, 0xFF, 0xFF,
	0xFF, 0xFF, 0xFF, 0xFF, 0xFF, 0xFF, 0x45, 0x83, 0xFF, 0xFF, 0xFF, 0xFF,
	0xFF, 0xFF, 0xFF, 0xA6, 0x00, 0x03, 0x4B, 0xA9, 0xE2, 0xF9, 0xF5, 0xCC,
	0x6D, 0x02, 0x00, 0x4C, 0xFF, 0xFF, 0xFF, 0x0C, 0x00, 0x00, 0x00, 0x00,
	0x00, 0x00, 0x00, 0x00, 0x4C, 0xFF, 0xFF, 0xFF, 0x0C, 0x00, 0x00, 0x00,
	0x00, 0x00, 0x00, 0x00, 0x00, 0x4C, 0xFF, 0xFF, 0xFF, 0x0C, 0x00, 0x00,
	0x00, 0x00, 0x00, 0x00, 0x00, 0x00, 0x4C, 0xFF, 0xFF, 0xFF, 0x0C, 0x00,
	0x00, 0x00, 0x00, 0x00, 0x00, 0x00, 0x00, 0x4C, 0xFF, 0xFF, 0xFF, 0x0C,
	0x00, 0x00, 0x00, 0x00, 0x00, 0x00, 0x00, 0x00, 0x4C, 0xFF, 0xFF, 0xFF,
	0x0C, 0x00, 0x00, 0x00, 0x00, 0x00, 0x00, 0x00, 0x00, 0x4C, 0xFF, 0xFF,
	0xFF, 0x0C, 0x00, 0x00, 0xA4, 0xFF, 0xFF, 0xFC, 0x44, 0x00, 0x4C, 0xFF,
	0xFF, 0xFF, 0x0C, 0x00, 0x47, 0xFF, 0xFF, 0xFF, 0x73, 0x00, 0x00, 0x4C,
	0xFF, 0xFF, 0xFF, 0x0C, 0x10, 0xE3, 0xFF, 0xFF, 0x9B, 0x00, 0x00, 0x00,
	0x4C, 0xFF, 0xFF, 0xFF, 0x0C, 0xAA, 0xFF, 0xFF, 0xB8, 0x04, 0x00, 0x00,
	0x00, 0x4C, 0xFF, 0xFF, 0xFF, 0x7C, 0xFF, 0xFF, 0xCD, 0x0C, 0x00, 0x00,
	0x00, 0x00, 0x4C, 0xFF, 0xFF, 0xFF, 0xFD, 0xFF, 0xEE, 0x16, 0x00, 0x00,
	0x00, 0x00, 0x00, 0x4C, 0xFF, 0xFF, 0xFF, 0xFD, 0xFF, 0xFF, 0x76, 0x00,
	0x00, 0x00, 0x00, 0x00, 0x4C, 0xFF, 0xFF, 0xFF, 0x66, 0xFE, 0xFF, 0xFF,
	0x5B, 0x00, 0x00, 0x00, 0x00, 0x4C, 0xFF, 0xFF, 0xFF, 0x0C, 0x85, 0xFF,
	0xFF, 0xF7, 0x36, 0x00, 0x00, 0x00, 0x4C, 0xFF, 0xFF, 0xFF, 0x0C, 0x03,
	0xC0, 0xFF, 0xFF, 0xE5, 0x13, 0x00, 0x00, 0x4C, 0xFF, 0xFF, 0xFF, 0x0C,
	0x00, 0x20, 0xF3, 0xFF, 0xFF, 0xAE, 0x00, 0x00, 0x4C, 0xFF, 0xFF, 0xFF,
	0x0C, 0x00, 0x00, 0x6E, 0xFF, 0xFF, 0xFF, 0x5D, 0x00, 0x4C, 0xFF, 0xFF,
	0xFF, 0x0C, 0x00, 0x00, 0x04, 0xC1, 0xDC, 0xDC, 0xC4, 0x05, 0x08, 0xFF,
	0xFF, 0xFF, 0xFF, 0xFF, 0xFF, 0xCC, 0x00, 0x00, 0x00, 0x00, 0x00, 0x08,
	0xFF, 0xFF, 0xFF, 0xFF, 0xFF, 0xFF, 0xCC, 0x00, 0x00, 0x00, 0x00, 0x00,
	0x08, 0xFF, 0xFF, 0xFF, 0xFF, 0xFF, 0xFF, 0xCC, 0x00, 0x00, 0x00, 0x00,
	0x00, 0x00, 0x00, 0x00, 0x00, 0x84, 0xFF, 0xFF, 0xCC, 0x00, 0x00, 0x00,
	0x00, 0x00, 0x00, 0x00, 0x00, 0x00, 0x84, 0xFF, 0xFF, 0xCC, 0x00, 0x00,
	0x00, 0x00, 0x00, 0x00, 0x00, 0x00, 0x00, 0x84, 0xFF, 0xFF, 0xCC, 0x00,
	0x00, 0x00, 0x00, 0x00, 0x00, 0x00, 0x00, 0x00, 0x84, 0xFF, 0xFF, 0xCC,
	0x00, 0x00, 0x00, 0x00, 0x00, 0x00, 0x00, 0x00, 0x00, 0x84, 0xFF, 0xFF,
	0xCC, 0x00, 0x00, 0x00, 0x00, 0x00, 0x00, 0x00, 0x00, 0x00, 0x84, 0xFF,
	0xFF, 0xCC, 0x00, 0x00, 0x00, 0x00, 0x00, 0x00, 0x00, 0x00, 0x00, 0x84,
	0xFF, 0xFF, 0xCC, 0x00, 0x00, 0x00, 0x00, 0x00, 0x00, 0x00, 0x00, 0x00,
	0x84, 0xFF, 0xFF, 0xCC, 0x00, 0x00, 0x00, 0x00, 0x00, 0x00, 0x00, 0x00,
	0x00, 0x84, 0xFF, 0xFF, 0xCC, 0x00, 0x00, 0x00, 0x00, 0x00, 0x00, 0x00,
	0x00, 0x00, 0x84, 0xFF, 0xFF, 0xCC, 0x00, 0x00, 0x00, 0x00, 0x00, 0x00,
	0x00, 0x00, 0x00, 0x83, 0xFF, 0xFF, 0xCC, 0x00, 0x00, 0x00, 0x00, 0x00,
	0x00, 0x00, 0x00, 0x00, 0x79, 0xFF, 0xFF, 0xE2, 0x00, 0x00, 0x00, 0x00,
	0x00, 0x00, 0x00, 0x00, 0x00, 0x58, 0xFF, 0xFF, 0xFF, 0x66, 0x09, 0x23,
	0x95, 0x3B, 0x00, 0x00, 0x00, 0x00, 0x16, 0xFB, 0xFF, 0xFF, 0xFF, 0xFF,
	0xFF, 0xFF, 0x62, 0x00, 0x00, 0x00, 0x00, 0x00, 0x8A, 0xFF, 0xFF, 0xFF,
	0xFF, 0xFF, 0xFF, 0x87, 0x00, 0x00, 0x00, 0x00, 0x00, 0x01, 0x70, 0xD3,
	0xF8, 0xF3, 0xD5, 0x92, 0x22, 0x16, 0x88, 0xBF, 0xE3, 0xF8, 0xDF, 0x79,
	0x88, 0xDC, 0xF8, 0xD2, 0x4D, 0x00, 0x38, 0xFF, 0xFF, 0xFF, 0xFF, 0xFF,
	0xFF, 0xFF, 0xFF, 0xFF, 0xFF, 0xFA, 0x25, 0x38, 0xFF, 0xFF, 0xFF, 0xFF,
	0xFF, 0xFF, 0xFF, 0xFF, 0xFF, 0xFF, 0xFF, 0x7A, 0x38, 0xFF, 0xFF, 0x84,
	0x14, 0xE1, 0xFF, 0xF5, 0x0D, 0x5D, 0xFF, 0xFF, 0xA0, 0x38, 0xFF, 0xFF,
	0x7C, 0x00, 0xA4, 0xFF, 0xFF, 0x09, 0x08, 0xFF, 0xFF, 0xB1, 0x38, 0xFF,
	0xFF, 0x7C, 0x00, 0x98, 0xFF, 0xFF, 0x15, 0x00, 0xFC, 0xFF, 0xB7, 0x38,
	0xFF, 0xFF, 0x7C, 0x00, 0x98, 0xFF, 0xFF, 0x18, 0x00, 0xFC, 0xFF, 0xB8,
	0x38, 0xFF, 0xFF, 0x7C, 0x00, 0x98, 0xFF, 0xFF, 0x18, 0x00, 0xFC, 0xFF,
	0xB8, 0x38, 0xFF, 0xFF, 0x7C, 0x00, 0x00, 0x00, 0x00, 0x00, 0x00, 0xFC,
	0xFF, 0xB8, 0x38, 0xFF, 0xFF, 0x7C, 0x00, 0x00, 0x00, 0x00, 0x00, 0x00,
	0xFC, 0xFF, 0xB8, 0x38, 0xFF, 0xFF, 0x7C, 0x00, 0x00, 0x00, 0x00, 0x00,
	0x00, 0xFC, 0xFF, 0xB8, 0x38, 0xFF, 0xFF, 0x7C, 0x00, 0x00, 0x00, 0x00,
	0x00, 0x00, 0xFC, 0xFF, 0xB8, 0x38, 0xFF, 0xFF, 0x7C, 0x00, 0x00, 0x00,
	0x00, 0x00, 0x00, 0xFC, 0xFF, 0xB8, 0x1B, 0x82, 0xB4, 0xD3, 0xE7, 0xF9,
	0xF1, 0xCA, 0x6E, 0x05, 0x00, 0x4C, 0xFF, 0xFF, 0xFF, 0xFF, 0xFF, 0xFF,
	0xFF, 0xFF, 0xAF, 0x00, 0x4C, 0xFF, 0xFF, 0xFF, 0xFF, 0xFF, 0xFF, 0xFF,
	0xFF, 0xFF, 0x51, 0x4C, 0xFF, 0xFF, 0xFF, 0x13, 0x07, 0x40, 0xEF, 0xFF,
	0xFF, 0xA3, 0x4C, 0xFF, 0xFF, 0xFF, 0x04, 0x00, 0x00, 0x9A, 0xFF, 0xFF,
	0xC3, 0x4C, 0xFF, 0xFF, 0xFF, 0x04, 0x00, 0x00, 0x76, 0xFF, 0xFF, 0xDE,
	0x4C, 0xFF, 0xFF, 0xFF, 0x04, 0x00, 0x00, 0x68, 0xFF, 0xFF, 0xE8, 0x4C,
	0xFF, 0xFF, 0xFF, 0x04, 0x00, 0x00, 0x68, 0xFF, 0xFF, 0xE8, 0x4C, 0xFF,
	0xFF, 0xFF, 0x04, 0x00, 0x00, 0x68, 0xFF, 0xFF, 0xE8, 0x4C, 0xFF, 0xFF,
	0xFF, 0x04, 0x00, 0x00, 0x68, 0xFF, 0xFF, 0xE8, 0x4C, 0xFF, 0xFF, 0xFF,
	0x04, 0x00, 0x00, 0x68, 0xFF, 0xFF, 0xE8, 0x4C, 0xFF, 0xFF, 0xFF, 0x04,
	0x00, 0x00, 0x68, 0xFF, 0xFF, 0xE8, 0x4C, 0xFF, 0xFF, 0xFF, 0x04, 0x00,
	0x00, 0x68, 0xFF, 0xFF, 0xE8, 0x00, 0x00, 0x00, 0x19, 0x8D, 0xD9, 0xF7,
	0xEE, 0xBE, 0x5D, 0x02, 0x00, 0x00, 0x00, 0x00, 0x41, 0xF0, 0xFF, 0xFF,
	0xFF, 0xFF, 0xFF, 0xFF, 0xB7, 0x0A, 0x00, 0x00, 0x20, 0xF0, 0xFF, 0xFF,
	0xFF, 0xFF, 0xFF, 0xFF, 0xFF, 0xFF, 0x9F, 0x00, 0x00, 0x9E, 0xFF, 0xFF,
	0xFA, 0x68, 0x12, 0x26, 0xBA, 0xFF, 0xFF, 0xFE, 0x29, 0x03, 0xF1, 0xFF,
	0xFF, 0x93, 0x00, 0x00, 0x00, 0x13, 0xF8, 0xFF, 0xFF, 0x7C, 0x24, 0xFF,
	0xFF, 0xFF, 0x45, 0x00, 0x00, 0x00, 0x00, 0xC3, 0xFF, 0xFF, 0xAC, 0x33,
	0xFF, 0xFF, 0xFF, 0x2F, 0x00, 0x00, 0x00, 0x00, 0xAF, 0xFF, 0xFF, 0xBA,
	0x23, 0xFF, 0xFF, 0xFF, 0x44, 0x00, 0x00, 0x00, 0x00, 0xC7, 0xFF, 0xFF,
	0xAA, 0x03, 0xF1, 0xFF, 0xFF, 0x8C, 0x00, 0x00, 0x00, 0x1C, 0xFA, 0xFF,
	0xFF, 0x7A, 0x00, 0x9F, 0xFF, 0xFF, 0xF7, 0x5D, 0x0F, 0x2C, 0xC6, 0xFF,
	0xFF, 0xFD, 0x26, 0x00, 0x21, 0xF1, 0xFF, 0xFF, 0xFF, 0xFF, 0xFF, 0xFF,
	0xFF, 0xFF, 0x98, 0x00, 0x00, 0x00, 0x42, 0xF1, 0xFF, 0xFF, 0xFF, 0xFF,
	0xFF, 0xFF, 0xB3, 0x08, 0x00, 0x00, 0x00, 0x00, 0x1B, 0x92, 0xDC, 0xF8,
	0xEF, 0xC0, 0x5D, 0x01, 0x00, 0x00, 0x1C, 0x8A, 0xBB, 0xD9, 0xEC, 0xFA,
	0xED, 0xBF, 0x64, 0x04, 0x00, 0x00, 0x4C, 0xFF, 0xFF, 0xFF, 0xFF, 0xFF,
	0xFF, 0xFF, 0xFF, 0xBF, 0x0C, 0x00, 0x4C, 0xFF, 0xFF, 0xFF, 0xFF, 0xFF,
	0xFF, 0xFF, 0xFF, 0xFF, 0x9E, 0x00, 0x4C, 0xFF, 0xFF, 0xFF, 0x13, 0x05,
	0x2E, 0xCE, 0xFF, 0xFF, 0xFD, 0x22, 0x4C, 0xFF, 0xFF, 0xFF, 0x04, 0x00,
	0x00, 0x2E, 0xFF, 0xFF, 0xFF, 0x6C, 0x4C, 0xFF, 0xFF, 0xFF, 0x04, 0x00,
	0x00, 0x00, 0xDA, 0xFF, 0xFF, 0x96, 0x4C, 0xFF, 0xFF, 0xFF, 0x04, 0x00,
	0x00, 0x00, 0xBF, 0xFF, 0xFF, 0xA3, 0x4C, 0xFF, 0xFF, 0xFF, 0x04, 0x00,
	0x00, 0x00, 0xD0, 0xFF, 0xFF, 0x98, 0x4C, 0xFF, 0xFF, 0xFF, 0x04, 0x00,
	0x00, 0x14, 0xF8, 0xFF, 0xFF, 0x73, 0x4C, 0xFF, 0xFF, 0xFF, 0x47, 0x0D,
	0x1D, 0xB0, 0xFF, 0xFF, 0xFF, 0x31, 0x4C, 0xFF, 0xFF, 0xFF, 0xFF, 0xFF,
	0xFF, 0xFF, 0xFF, 0xFF, 0xC7, 0x00, 0x4C, 0xFF, 0xFF, 0xFF, 0xFF, 0xFF,
	0xFF, 0xFF, 0xFF, 0xED, 0x2A, 0x00, 0x4C, 0xFF, 0xFF, 0xFF, 0x8E, 0xD9,
	0xF8, 0xE8, 0xA2, 0x1F, 0x00, 0x00, 0x4C, 0xFF, 0xFF, 0xFF, 0x04, 0x00,
	0x00, 0x00, 0x00, 0x00, 0x00, 0x00, 0x4C, 0xFF, 0xFF, 0xFF, 0x04, 0x00,
	0x00, 0x00, 0x00, 0x00, 0x00, 0x00, 0x4C, 0xFF, 0xFF, 0xFF, 0x04, 0x00,
	0x00, 0x00, 0x00, 0x00, 0x00, 0x00, 0x4C, 0xFF, 0xFF, 0xFF, 0x04, 0x00,
	0x00, 0x00, 0x00, 0x00, 0x00, 0x00, 0x00, 0x00, 0x00, 0x1B, 0x8D, 0xD6,
	0xF5, 0xF9, 0xE8, 0xCC, 0xA1, 0x5C, 0x00, 0x00, 0x47, 0xF3, 0xFF, 0xFF,
	0xFF, 0xFF, 0xFF, 0xFF, 0xFF, 0xD4, 0x00, 0x20, 0xF2, 0xFF, 0xFF, 0xFF,
	0xFF, 0xFF, 0xFF, 0xFF, 0xFF, 0xD4, 0x00, 0x96, 0xFF, 0xFF, 0xFF, 0x76,
	0x0F, 0x07, 0x8B, 0xFF, 0xFF, 0xD4, 0x00, 0xE7, 0xFF, 0xFF, 0xB0, 0x00,
	0x00, 0x00, 0x80, 0xFF, 0xFF, 0xD4, 0x15, 0xFF, 0xFF, 0xFF, 0x5A, 0x00,
	0x00, 0x00, 0x80, 0xFF, 0xFF, 0xD4, 0x24, 0xFF, 0xFF, 0xFF, 0x3F, 0x00,
	0x00, 0x00, 0x80, 0xFF, 0xFF, 0xD4, 0x19, 0xFF, 0xFF, 0xFF, 0x4F, 0x00,
	0x00, 0x00, 0x80, 0xFF, 0xFF, 0xD4, 0x02, 0xF5, 0xFF, 0xFF, 0x8C, 0x00,
	0x00, 0x00, 0x80, 0xFF, 0xFF, 0xD4, 0x00, 0xB8, 0xFF, 0xFF, 0xF4, 0x53,
	0x08, 0x00, 0x80, 0xFF, 0xFF, 0xD4, 0x00, 0x4D, 0xFF, 0xFF, 0xFF, 0xFF,
	0xFF, 0xFF, 0xFF, 0xFF, 0xFF, 0xD4, 0x00, 0x00, 0x9C, 0xFF, 0xFF, 0xFF,
	0xFF, 0xFF, 0xFF, 0xFF, 0xFF, 0xD4, 0x00, 0x00, 0x01, 0x66, 0xCE, 0xF6,
	0xFF, 0xFF, 0xFF, 0xFF, 0xFF, 0xD4, 0x00, 0x00, 0x00, 0x00, 0x00, 0x00,
	0x00, 0x00, 0x80, 0xFF, 0xFF, 0xD4, 0x00, 0x00, 0x00, 0x00, 0x00, 0x00,
	0x00, 0x00, 0x80, 0xFF, 0xFF, 0xD4, 0x00, 0x00, 0x00, 0x00, 0x00, 0x00,
	0x00, 0x00, 0x80, 0xFF, 0xFF, 0xD4, 0x00, 0x00, 0x00, 0x00, 0x00, 0x00,
	0x00, 0x00, 0x80, 0xFF, 0xFF, 0xD4, 0x03, 0x3C, 0x85, 0xC1, 0xE6, 0xF6,
	0xFC, 0xF0, 0xD9, 0xB0, 0x2E, 0x95, 0xFF, 0xFF, 0xFF, 0xFF, 0xFF, 0xFF,
	0xFF, 0xFF, 0xFF, 0x30, 0x98, 0xFF, 0xFF, 0xFF, 0xFF, 0xFF, 0xFF, 0xFF,
	0xFF, 0xF7, 0x04, 0x98, 0xFF, 0xFF, 0xD3, 0x31, 0x0F, 0x03, 0x0F, 0x31,
	0x4D, 0x00, 0x98, 0xFF, 0xFF, 0xC0, 0x00, 0x00, 0x00, 0x00, 0x00, 0x00,
	0x00, 0x98, 0xFF, 0xFF, 0xC0, 0x00, 0x00, 0x00, 0x00, 0x00, 0x00, 0x00,
	0x98, 0xFF, 0xFF, 0xC0, 0x00, 0x00, 0x00, 0x00, 0x00, 0x00, 0x00, 0x98,
	0xFF, 0xFF, 0xC0, 0x00, 0x00, 0x00, 0x00, 0x00, 0x00, 0x00, 0x98, 0xFF,
	0xFF, 0xC0, 0x00, 0x00, 0x00, 0x00, 0x00, 0x00, 0x00, 0x98, 0xFF, 0xFF,
	0xC0, 0x00, 0x00, 0x00, 0x00, 0x00, 0x00, 0x00, 0x98, 0xFF, 0xFF, 0xC0,
	0x00, 0x00, 0x00, 0x00, 0x00, 0x00, 0x00, 0x98, 0xFF, 0xFF, 0xC0, 0x00,
	0x00, 0x00, 0x00, 0x00, 0x00, 0x00, 0x98, 0xFF, 0xFF, 0xC0, 0x00, 0x00,
	0x00, 0x00, 0x00, 0x00, 0x00, 0x00, 0x00, 0x29, 0x99, 0xD9, 0xF5, 0xF8,
	0xE2, 0xC7, 0x88, 0x19, 0x00, 0x4C, 0xF9, 0xFF, 0xFF, 0xFF, 0xFF, 0xFF,
	0xFF, 0xFF, 0x3B, 0x05, 0xE9, 0xFF, 0xFF, 0xFF, 0xFF, 0xFF, 0xFF, 0xFF,
	0xFF, 0x0F, 0x2E, 0xFF, 0xFF, 0xFF, 0x66, 0x0D, 0x05, 0x1D, 0x58, 0x93,
	0x00, 0x21, 0xFF, 0xFF, 0xFF, 0x89, 0x09, 0x00, 0x00, 0x00, 0x00, 0x00,
	0x00, 0xB3, 0xFF, 0xFF, 0xFF, 0xEF, 0xA3, 0x4B, 0x04, 0x00, 0x00, 0x00,
	0x0A, 0xA4, 0xFD, 0xFF, 0xFF, 0xFF, 0xFF, 0xDC, 0x4E, 0x00, 0x00, 0x00,
	0x00, 0x27, 0x7E, 0xCC, 0xFF, 0xFF, 0xFF, 0xFC, 0x50, 0x00, 0x00, 0x00,
	0x00, 0x00, 0x00, 0x23, 0xBF, 0xFF, 0xFF, 0xCF, 0x20, 0xD4, 0x7A, 0x32,
	0x0B, 0x03, 0x14, 0x92, 0xFF, 0xFF, 0xE8, 0x4E, 0xFF, 0xFF, 0xFF, 0xFF,
	0xFF, 0xFF, 0xFF, 0xFF, 0xFF, 0xB7, 0x76, 0xFF, 0xFF, 0xFF, 0xFF, 0xFF,
	0xFF, 0xFF, 0xFF, 0xEB, 0x2C, 0x03, 0x4B, 0xA1, 0xDC, 0xF5, 0xFB, 0xED,
	0xC7, 0x7F, 0x14, 0x00, 0x00, 0x00, 0x00, 0x00, 0x30, 0x7D, 0xCA, 0x2E,
	0x00, 0x00, 0x00, 0x00, 0x00, 0x00, 0x00, 0x00, 0x24, 0xFF, 0xFF, 0xFF,
	0x30, 0x00, 0x00, 0x00, 0x00, 0x00, 0x00, 0x00, 0x00, 0x24, 0xFF, 0xFF,
	0xFF, 0x30, 0x00, 0x00, 0x00, 0x00, 0x00, 0x00, 0x00, 0x00, 0x24, 0xFF,
	0xFF, 0xFF, 0x30, 0x00, 0x00, 0x00, 0x00, 0x00, 0x08, 0xFF, 0xFF, 0xFF,
	0xFF, 0xFF, 0xFF, 0xFF, 0xFF, 0xFF, 0xFF, 0xFF, 0x80, 0x08, 0xFF, 0xFF,
	0xFF, 0xFF, 0xFF, 0xFF, 0xFF, 0xFF, 0xFF, 0xFF, 0xFF, 0x80, 0x08, 0xFF,
	0xFF, 0xFF, 0xFF, 0xFF, 0xFF, 0xFF, 0xFF, 0xFF, 0xFF, 0xFF, 0x80, 0x00,
	0x00, 0x00, 0x24, 0xFF, 0xFF, 0xFF, 0x30, 0x00, 0x00, 0x00, 0x00, 0x00,
	0x00, 0x00, 0x00, 0x24, 0xFF, 0xFF, 0xFF, 0x30, 0x00, 0x00, 0x00, 0x00,
	0x00, 0x00, 0x00, 0x00, 0x24, 0xFF, 0xFF, 0xFF, 0x30, 0x00, 0x00, 0x00,
	0x00, 0x00, 0x00, 0x00, 0x00, 0x24, 0xFF, 0xFF, 0xFF, 0x30, 0x00, 0x00,
	0x00, 0x00, 0x00, 0x00, 0x00, 0x00, 0x24, 0xFF, 0xFF, 0xFF, 0x30, 0x00,
	0x00, 0x00, 0x00, 0x00, 0x00, 0x00, 0x00, 0x1E, 0xFF, 0xFF, 0xFF, 0x3C,
	0x00, 0x00, 0x00, 0x00, 0x00, 0x00, 0x00, 0x00, 0x0B, 0xFE, 0xFF, 0xFF,
	0xAC, 0x12, 0x02, 0x18, 0x5A, 0x37, 0x00, 0x00, 0x00, 0x00, 0xD2, 0xFF,
	0xFF, 0xFF, 0xFF, 0xFF, 0xFF, 0xFF, 0x7A, 0x00, 0x00, 0x00, 0x00, 0x59,
	0xFF, 0xFF, 0xFF, 0xFF, 0xFF, 0xFF, 0xFF, 0xA1, 0x00, 0x00, 0x00, 0x00,
	0x00, 0x56, 0xC1, 0xEE, 0xFC, 0xEF, 0xD8, 0x9F, 0x46, 0x68, 0xFF, 0xFF,
	0xE8, 0x00, 0x00, 0x00, 0x84, 0xFF, 0xFF, 0xD4, 0x68, 0xFF, 0xFF, 0xE8,
	0x00, 0x00, 0x00, 0x84, 0xFF, 0xFF, 0xD4, 0x68, 0xFF, 0xFF, 0xE8, 0x00,
	0x00, 0x00, 0x84, 0xFF, 0xFF, 0xD4, 0x68, 0xFF, 0xFF, 0xE8, 0x00, 0x00,
	0x00, 0x84, 0xFF, 0xFF, 0xD4, 0x68, 0xFF, 0xFF, 0xE8, 0x00, 0x00, 0x00,
	0x84, 0xFF, 0xFF, 0xD4, 0x68, 0xFF, 0xFF, 0xE8, 0x00, 0x00, 0x00, 0x84,
	0xFF, 0xFF, 0xD4, 0x68, 0xFF, 0xFF, 0xE9, 0x00, 0x00, 0x00, 0x84, 0xFF,
	0xFF, 0xD4, 0x5E, 0xFF, 0xFF, 0xF8, 0x00, 0x00, 0x00, 0x84, 0xFF, 0xFF,
	0xD4, 0x47, 0xFF, 0xFF, 0xFF, 0x22, 0x00, 0x00, 0x84, 0xFF, 0xFF, 0xD4,
	0x27, 0xFF, 0xFF, 0xFF, 0xA9, 0x18, 0x0C, 0x92, 0xFF, 0xFF, 0xD4, 0x00,
	0xD6, 0xFF, 0xFF, 0xFF, 0xFF, 0xFF, 0xFF, 0xFF, 0xFF, 0xD4, 0x00, 0x3F,
	0xF8, 0xFF, 0xFF, 0xFF, 0xFF, 0xFF, 0xFF, 0xFF, 0xD4, 0x00, 0x00, 0x2F,
	0xA8, 0xE5, 0xFA, 0xF0, 0xDB, 0xC3, 0x94, 0x4D, 0x79, 0xFF, 0xFF, 0xF6,
	0x07, 0x00, 0x00, 0x00, 0x00, 0x66, 0xFF, 0xFF, 0xF0, 0x06, 0x29, 0xFF,
	0xFF, 0xFF, 0x41, 0x00, 0x00, 0x00, 0x00, 0xB0, 0xFF, 0xFF, 0xA5, 0x00,
	0x00, 0xDA, 0xFF, 0xFF, 0x88, 0x00, 0x00, 0x00, 0x0B, 0xF5, 0xFF, 0xFF,
	0x54, 0x00, 0x00, 0x8A, 0xFF, 0xFF, 0xD7, 0x00, 0x00, 0x00, 0x59, 0xFF,
	0xFF, 0xF6, 0x0B, 0x00, 0x00, 0x33, 0xFF, 0xFF, 0xFF, 0x27, 0x00, 0x00,
	0xB3, 0xFF, 0xFF, 0xA5, 0x00, 0x00, 0x00, 0x00, 0xD8, 0xFF, 0xFF, 0x7C,
	0x00, 0x16, 0xFB, 0xFF, 0xFF, 0x44, 0x00, 0x00, 0x00, 0x00, 0x7F, 0xFF,
	0xFF, 0xD2, 0x00, 0x70, 0xFF, 0xFF, 0xE1, 0x02, 0x00, 0x00, 0x00, 0x00,
	0x22, 0xFE, 0xFF, 0xFF, 0x2D, 0xD1, 0xFF, 0xFF, 0x7E, 0x00, 0x00, 0x00,
	0x00, 0x00, 0x00, 0xBA, 0xFF, 0xFF, 0xBD, 0xFF, 0xFF, 0xF8, 0x16, 0x00,
	0x00, 0x00, 0x00, 0x00, 0x00, 0x53, 0xFF, 0xFF, 0xFF, 0xFF, 0xFF, 0xA0,
	0x00, 0x00, 0x00, 0x00, 0x00, 0x00, 0x00, 0x04, 0xE3, 0xFF, 0xFF, 0xFF,
	0xFF, 0x30, 0x00, 0x00, 0x00, 0x00, 0x00, 0x00, 0x00, 0x00, 0x74, 0xFF,
	0xFF, 0xFF, 0xB8, 0x00, 0x00, 0x00, 0x00, 0x00, 0x00, 0x00, 0x00, 0x00,
	0x0E, 0xF0, 0xFF, 0xFF, 0x40, 0x00, 0x00, 0x00, 0x00, 0x00, 0xA9, 0xFF,
	0xFF, 0x25, 0x00, 0x00, 0x00, 0x00, 0x00, 0x00, 0xA5, 0xFF, 0xFF, 0x27,
	0x91, 0xFF, 0xFF, 0x32, 0x00, 0x00, 0x00, 0x00, 0x00, 0x00, 0xAF, 0xFF,
	0xFF, 0x0E, 0x79, 0xFF, 0xFF, 0x3F, 0x00, 0x00, 0x00, 0x00, 0x00, 0x00,
	0xB9, 0xFF, 0xF5, 0x00, 0x60, 0xFF, 0xFF, 0x4B, 0x00, 0x83, 0xFF, 0xFF,
	0x1F, 0x00, 0xC5, 0xFF, 0xDC, 0x00, 0x42, 0xFF, 0xFF, 0x58, 0x00, 0xBF,
	0xFF, 0xFF, 0x58, 0x00, 0xD1, 0xFF, 0xBB, 0x00, 0x22, 0xFF, 0xFF, 0x6D,
	0x07, 0xF7, 0xFF, 0xFF, 0x98, 0x00, 0xE2, 0xFF, 0x98, 0x00, 0x04, 0xFC,
	0xFF, 0x85, 0x42, 0xFF, 0xFF, 0xFF, 0xDA, 0x00, 0xF5, 0xFF, 0x75, 0x00,
	0x00, 0xDD, 0xFF, 0x9E, 0x8B, 0xFF, 0xD0, 0xFF, 0xFF, 0x28, 0xFF, 0xFF,
	0x4F, 0x00, 0x00, 0xB2, 0xFF, 0xB6, 0xDA, 0xFF, 0x51, 0xE4, 0xFF, 0x8F,
	0xFF, 0xFF, 0x22, 0x00, 0x00, 0x87, 0xFF, 0xEF, 0xFF, 0xF3, 0x08, 0x93,
	0xFF, 0xEF, 0xFF, 0xF4, 0x01, 0x00, 0x00, 0x58, 0xFF, 0xFF, 0xFF, 0xA4,
	0x00, 0x3A, 0xFF, 0xFF, 0xFF, 0xC5, 0x00, 0x00, 0x00, 0x20, 0xFF, 0xFF,
	0xFF, 0x4A, 0x00, 0x00, 0xDD, 0xFF, 0xFF, 0x8B, 0x00, 0x00, 0x00, 0x00,
	0xE5, 0xFF, 0xE5, 0x03, 0x00, 0x00, 0x80, 0xFF, 0xFF, 0x51, 0x00, 0x00,
	0x23, 0xF3, 0xFF, 0xFF, 0x66, 0x00, 0x00, 0x00, 0x07, 0xD8, 0xFF, 0xFF,
	0x7F, 0x00, 0x61, 0xFF, 0xFF, 0xF5, 0x26, 0x00, 0x00, 0x87, 0xFF, 0xFF,
	0xD1, 0x05, 0x00, 0x00, 0xAC, 0xFF, 0xFF, 0xCB, 0x05, 0x32, 0xFB, 0xFF,
	0xFB, 0x33, 0x00, 0x00, 0x00, 0x12, 0xE5, 0xFF, 0xFF, 0x8B, 0xD0, 0xFF,
	0xFF, 0x86, 0x00, 0x00, 0x00, 0x00, 0x00, 0x45, 0xFE, 0xFF, 0xFF, 0xFF,
	0xFF, 0xD6, 0x07, 0x00, 0x00, 0x00, 0x00, 0x00, 0x00, 0x8F, 0xFF, 0xFF,
	0xFF, 0xFD, 0x38, 0x00, 0x00, 0x00, 0x00, 0x00, 0x00, 0x00, 0x32, 0xFF,
	0xFF, 0xFF, 0xE5, 0x0C, 0x00, 0x00, 0x00, 0x00, 0x00, 0x00, 0x0B, 0xD6,
	0xFF, 0xFF, 0xFF, 0xFF, 0xA5, 0x00, 0x00, 0x00, 0x00, 0x00, 0x00, 0x9C,
	0xFF, 0xFF, 0xE2, 0xFF, 0xFF, 0xFF, 0x57, 0x00, 0x00, 0x00, 0x00, 0x4D,
	0xFF, 0xFF, 0xF1, 0x20, 0xAB, 0xFF, 0xFF, 0xEA, 0x14, 0x00, 0x00, 0x10,
	0xE5, 0xFF, 0xFF, 0x61, 0x00, 0x12, 0xE7, 0xFF, 0xFF, 0x9A, 0x00, 0x00,
	0x98, 0xFF, 0xFF, 0xC6, 0x00, 0x00, 0x00, 0x55, 0xFF, 0xFF, 0xFD, 0x31,
	0x2E, 0xFD, 0xFF, 0xFE, 0x36, 0x00, 0x00, 0x00, 0x00, 0xC0, 0xFF, 0xFF,
	0xB8, 0x00, 0xDA, 0xFF, 0xFF, 0x94, 0x00, 0x00, 0x00, 0x00, 0xC5, 0xFF,
	0xFF, 0x9B, 0x00, 0x8E, 0xFF, 0xFF, 0xD5, 0x00, 0x00, 0x00, 0x06, 0xF7,
	0xFF, 0xFF, 0x52, 0x00, 0x42, 0xFF, 0xFF, 0xFF, 0x1B, 0x00, 0x00, 0x38,
	0xFF, 0xFF, 0xFB, 0x0E, 0x00, 0x05, 0xEE, 0xFF, 0xFF, 0x64, 0x00, 0x00,
	0x75, 0xFF, 0xFF, 0xBF, 0x00, 0x00, 0x00, 0x98, 0xFF, 0xFF, 0xB0, 0x00,
	0x00, 0xB1, 0xFF, 0xFF, 0x73, 0x00, 0x00, 0x00, 0x3C, 0xFF, 0xFF, 0xF8,
	0x0E, 0x02, 0xEF, 0xFF, 0xFF, 0x27, 0x00, 0x00, 0x00, 0x01, 0xDD, 0xFF,
	0xFF, 0x5D, 0x34, 0xFF, 0xFF, 0xDA, 0x00, 0x00, 0x00, 0x00, 0x00, 0x75,
	0xFF, 0xFF, 0xBF, 0x7A, 0xFF, 0xFF, 0x84, 0x00, 0x00, 0x00, 0x00, 0x00,
	0x12, 0xF6, 0xFF, 0xFE, 0xDA, 0xFF, 0xFF, 0x2A, 0x00, 0x00, 0x00, 0x00,
	0x00, 0x00, 0x9A, 0xFF, 0xFF, 0xFF, 0xFF, 0xD0, 0x00, 0x00, 0x00, 0x00,
	0x00, 0x00, 0x00, 0x23, 0xFC, 0xFF, 0xFF, 0xFF, 0x6C, 0x00, 0x00, 0x00,
	0x00, 0x00, 0x00, 0x00, 0x00, 0xA8, 0xFF, 0xFF, 0xF3, 0x0E, 0x00, 0x00,
	0x00, 0x00, 0x00, 0x00, 0x00, 0x06, 0xD6, 0xFF, 0xFF, 0x98, 0x00, 0x00,
	0x00, 0x00, 0x00, 0x00, 0x00, 0x16, 0x9D, 0xFF, 0xFF, 0xFB, 0x23, 0x00,
	0x00, 0x00, 0x00, 0x02, 0xF0, 0xFF, 0xFF, 0xFF, 0xFF, 0xFF, 0x8E, 0x00,
	0x00, 0x00, 0x00, 0x00, 0x32, 0xFF, 0xFF, 0xFF, 0xFF, 0xFF, 0xC7, 0x08,
	0x00, 0x00, 0x00, 0x00, 0x00, 0x3D, 0xCF, 0xF1, 0xFA, 0xDC, 0x78, 0x08,
	0x00, 0x00, 0x00, 0x00, 0x00, 0x00, 0x00, 0xEC, 0xFF, 0xFF, 0xFF, 0xFF,
	0xFF, 0xFF, 0xFF, 0xFF, 0x80, 0x00, 0xEC, 0xFF, 0xFF, 0xFF, 0xFF, 0xFF,
	0xFF, 0xFF, 0xFF, 0x80, 0x00, 0xEC, 0xFF, 0xFF, 0xFF, 0xFF, 0xFF, 0xFF,
	0xFF, 0xF1, 0x27, 0x00, 0x00, 0x00, 0x00, 0x00, 0x1F, 0xEF, 0xFF, 0xFF,
	0x52, 0x00, 0x00, 0x00, 0x00, 0x00, 0x04, 0xC6, 0xFF, 0xFF, 0x8F, 0x00,
	0x00, 0x00, 0x00, 0x00, 0x00, 0x85, 0xFF, 0xFF, 0xCB, 0x05, 0x00, 0x00,
	0x00, 0x00, 0x00, 0x40, 0xFD, 0xFF, 0xF6, 0x27, 0x00, 0x00, 0x00, 0x00,
	0x00, 0x0D, 0xE0, 0xFF, 0xFF, 0x6C, 0x00, 0x00, 0x00, 0x00, 0x00, 0x00,
	0x9C, 0xFF, 0xFF, 0xC1, 0x01, 0x00, 0x00, 0x00, 0x00, 0x00, 0x43, 0xFF,
	0xFF, 0xF6, 0x25, 0x00, 0x00, 0x00, 0x00, 0x00, 0x08, 0xDB, 0xFF, 0xFF,
	0xFF, 0xFF, 0xFF, 0xFF, 0xFF, 0xFF, 0xC4, 0x30, 0xFF, 0xFF, 0xFF, 0xFF,
	0xFF, 0xFF, 0xFF, 0xFF, 0xFF, 0xC4, 0x30, 0xFF, 0xFF, 0xFF, 0xFF, 0xFF,
	0xFF, 0xFF, 0xFF, 0xFF, 0xC4, 0x00, 0x00, 0x00, 0x00, 0x0C, 0x8D, 0xDB,
	0xF8, 0xFF, 0xFF, 0xCC, 0x00, 0x00, 0x00, 0x00, 0xA5, 0xFF, 0xFF, 0xFF,
	0xFF, 0xFF, 0xCC, 0x00, 0x00, 0x00, 0x17, 0xFE, 0xFF, 0xFF, 0xFF, 0xFF,
	0xFF, 0xCC, 0x00, 0x00, 0x00, 0x3C, 0xFF, 0xFF, 0xFC, 0x3A, 0x01, 0x00,
	0x00, 0x00, 0x00, 0x00, 0x4C, 0xFF, 0xFF, 0xD3, 0x00, 0x00, 0x00, 0x00,
	0x00, 0x00, 0x00, 0x4C, 0xFF, 0xFF, 0xC8, 0x00, 0x00, 0x00, 0x00, 0x00,
	0x00, 0x00, 0x4C, 0xFF, 0xFF, 0xC8, 0x00, 0x00, 0x00, 0x00, 0x00, 0x00,
	0x00, 0x4C, 0xFF, 0xFF, 0xC7, 0x00, 0x00, 0x00, 0x00, 0x00, 0x00, 0x00,
	0x5F, 0xFF, 0xFF, 0xB5, 0x00, 0x00, 0x00, 0x00, 0x00, 0x00, 0x13, 0xC2,
	0xFF, 0xFF, 0x83, 0x00, 0x00, 0x00, 0x00, 0x4C, 0xFF, 0xFF, 0xFF, 0xFF,
	0xD5, 0x15, 0x00, 0x00, 0x00, 0x00, 0x4C, 0xFF, 0xFF, 0xFF, 0xB2, 0x16,
	0x00, 0x00, 0x00, 0x00, 0x00, 0x4C, 0xFF, 0xFF, 0xFF, 0xFF, 0xD9, 0x17,
	0x00, 0x00, 0x00, 0x00, 0x00, 0x00, 0x13, 0xC2, 0xFF, 0xFF, 0x85, 0x00,
	0x00, 0x00, 0x00, 0x00, 0x00, 0x00, 0x60, 0xFF, 0xFF, 0xB6, 0x00, 0x00,
	0x00, 0x00, 0x00, 0x00, 0x00, 0x4C, 0xFF, 0xFF, 0xC7, 0x00, 0x00, 0x00,
	0x00, 0x00, 0x00, 0x00, 0x4C, 0xFF, 0xFF, 0xC8, 0x00, 0x00, 0x00, 0x00,
	0x00, 0x00, 0x00, 0x4C, 0xFF, 0xFF, 0xC8, 0x00, 0x00, 0x00, 0x00, 0x00,
	0x00, 0x00, 0x4C, 0xFF, 0xFF, 0xD3, 0x00, 0x00, 0x00, 0x00, 0x00, 0x00,
	0x00, 0x3C, 0xFF, 0xFF, 0xFC, 0x3C, 0x01, 0x00, 0x00, 0x00, 0x00, 0x00,
	0x17, 0xFE, 0xFF, 0xFF, 0xFF, 0xFF, 0xFF, 0xCC, 0x00, 0x00, 0x00, 0x00,
	0xA5, 0xFF, 0xFF, 0xFF, 0xFF, 0xFF, 0xCC, 0x00, 0x00, 0x00, 0x00, 0x0C,
	0x8E, 0xDC, 0xF9, 0xFF, 0xFF, 0xCC, 0xE4, 0xFF, 0xFF, 0x74, 0xE4, 0xFF,
	0xFF, 0x74, 0xE4, 0xFF, 0xFF, 0x74, 0xE4, 0xFF, 0xFF, 0x74, 0xE4, 0xFF,
	0xFF, 0x74, 0xE4, 0xFF, 0xFF, 0x74, 0xE4, 0xFF, 0xFF, 0x74, 0xE4, 0xFF,
	0xFF, 0x74, 0xE4, 0xFF, 0xFF, 0x74, 0xE4, 0xFF, 0xFF, 0x74, 0xE4, 0xFF,
	0xFF, 0x74, 0xE4, 0xFF, 0xFF, 0x74, 0xE4, 0xFF, 0xFF, 0x74, 0xE4, 0xFF,
	0xFF, 0x74, 0xE4, 0xFF, 0xFF, 0x74, 0xE4, 0xFF, 0xFF, 0x74, 0xE4, 0xFF,
	0xFF, 0x74, 0xE4, 0xFF, 0xFF, 0x74, 0xE4, 0xFF, 0xFF, 0x74, 0xE4, 0xFF,
	0xFF, 0x74, 0xE4, 0xFF, 0xFF, 0x74, 0xE4, 0xFF, 0xFF, 0x74, 0xE4, 0xFF,
	0xFF, 0x74, 0x4C, 0xFF, 0xFF, 0xFD, 0xED, 0xB6, 0x3E, 0x00, 0x00, 0x00,
	0x00, 0x4C, 0xFF, 0xFF, 0xFF, 0xFF, 0xFF, 0xFB, 0x33, 0x00, 0x00, 0x00,
	0x4C, 0xFF, 0xFF, 0xFF, 0xFF, 0xFF, 0xFF, 0x94, 0x00, 0x00, 0x00, 0x00,
	0x00, 0x00, 0x0E, 0xB3, 0xFF, 0xFF, 0xB8, 0x00, 0x00, 0x00, 0x00, 0x00,
	0x00, 0x00, 0x58, 0xFF, 0xFF, 0xC8, 0x00, 0x00, 0x00, 0x00, 0x00, 0x00,
	0x00, 0x4C, 0xFF, 0xFF, 0xC8, 0x00, 0x00, 0x00, 0x00, 0x00, 0x00, 0x00,
	0x4C, 0xFF, 0xFF, 0xC8, 0x00, 0x00, 0x00, 0x00, 0x00, 0x00, 0x00, 0x4B,
	0xFF, 0xFF, 0xC8, 0x00, 0x00, 0x00, 0x00, 0x00, 0x00, 0x00, 0x3B, 0xFF,
	0xFF, 0xDA, 0x00, 0x00, 0x00, 0x00, 0x00, 0x00, 0x00, 0x12, 0xF8, 0xFF,
	0xFF, 0x4C, 0x02, 0x00, 0x00, 0x00, 0x00, 0x00, 0x00, 0x78, 0xFF, 0xFF,
	0xFF, 0xFF, 0xCC, 0x00, 0x00, 0x00, 0x00, 0x00, 0x00, 0x59, 0xEE, 0xFF,
	0xFF, 0xCC, 0x00, 0x00, 0x00, 0x00, 0x00, 0x6F, 0xFE, 0xFF, 0xFF, 0xFF,
	0xCC, 0x00, 0x00, 0x00, 0x00, 0x10, 0xF6, 0xFF, 0xFF, 0x4C, 0x02, 0x00,
	0x00, 0x00, 0x00, 0x00, 0x3A, 0xFF, 0xFF, 0xDA, 0x00, 0x00, 0x00, 0x00,
	0x00, 0x00, 0x00, 0x4B, 0xFF, 0xFF, 0xC8, 0x00, 0x00, 0x00, 0x00, 0x00,
	0x00, 0x00, 0x4C, 0xFF, 0xFF, 0xC8, 0x00, 0x00, 0x00, 0x00, 0x00, 0x00,
	0x00, 0x4C, 0xFF, 0xFF, 0xC8, 0x00, 0x00, 0x00, 0x00, 0x00, 0x00, 0x00,
	0x58, 0xFF, 0xFF, 0xC8, 0x00, 0x00, 0x00, 0x00, 0x00, 0x00, 0x0E, 0xB1,
	0xFF, 0xFF, 0xB8, 0x00, 0x00, 0x00, 0x4C, 0xFF, 0xFF, 0xFF, 0xFF, 0xFF,
	0xFF, 0x95, 0x00, 0x00, 0x00, 0x4C, 0xFF, 0xFF, 0xFF, 0xFF, 0xFF, 0xFB,
	0x34, 0x00, 0x00, 0x00, 0x4C, 0xFF, 0xFF, 0xFE, 0xEE, 0xBA, 0x3E, 0x00,
	0x00, 0x00, 0x00, 0x00, 0x00, 0x4D, 0xD7, 0xF8, 0xC3, 0x42, 0x00, 0x00,
	0x00, 0x6F, 0xC6, 0x7E, 0x09, 0x00, 0x4D, 0xFC, 0xFF, 0xFF, 0xFF, 0xFF,
	0xAC, 0x28, 0x17, 0xDE, 0xFF, 0xEB, 0x02, 0x03, 0xDA, 0xFF, 0xFF, 0xFF,
	0xFF, 0xFF, 0xFF, 0xFF, 0xFF, 0xFF, 0xFF, 0x8E, 0x00, 0x3A, 0xFF, 0xFF,
	0xA2, 0x0A, 0x4C, 0xD8, 0xFF, 0xFF, 0xFF, 0xFF, 0xE5, 0x17, 0x00, 0x26,
	0x94, 0xDB, 0x28, 0x00, 0x00, 0x05, 0x6F, 0xDD, 0xF7, 0xC0, 0x22, 0x00,
	0x00, 0xA8, 0xFF, 0xFF, 0xFF, 0xFF, 0xFF, 0xFF, 0xFF, 0xFF, 0xFF, 0xFF,
	0x28, 0xA8, 0xFF, 0xFF, 0xFF, 0xFF, 0xFF, 0xFF, 0xFF, 0xFF, 0xFF, 0xFF,
	0x28, 0xA8, 0xB4, 0x00, 0x00, 0x00, 0x00, 0x00, 0x00, 0x00, 0x34, 0xFF,
	0x28, 0xA8, 0xB4, 0x00, 0x00, 0x00, 0x00, 0x00, 0x00, 0x00, 0x34, 0xFF,
	0x28, 0xA8, 0xB4, 0x00, 0x00, 0x00, 0x00, 0x00, 0x00, 0x00, 0x34, 0xFF,
	0x28, 0xA8, 0xB4, 0x00, 0x00, 0x00, 0x00, 0x00, 0x00, 0x00, 0x34, 0xFF,
	0x28, 0xA8, 0xB4, 0x00, 0x00, 0x00, 0x00, 0x00, 0x00, 0x00, 0x34, 0xFF,
	0x28, 0xA8, 0xB4, 0x00, 0x00, 0x00, 0x00, 0x00, 0x00, 0x00, 0x34, 0xFF,
	0x28, 0xA8, 0xB4, 0x00, 0x00, 0x00, 0x00, 0x00, 0x00, 0x00, 0x34, 0xFF,
	0x28, 0xA8, 0xB4, 0x00, 0x00, 0x00, 0x00, 0x00, 0x00, 0x00, 0x34, 0xFF,
	0x28, 0xA8, 0xB4, 0x00, 0x00, 0x00, 0x00, 0x00, 0x00, 0x00, 0x34, 0xFF,
	0x28, 0xA8, 0xB4, 0x00, 0x00, 0x00, 0x00, 0x00, 0x00, 0x00, 0x34, 0xFF,
	0x28, 0xA8, 0xB4, 0x00, 0x00, 0x00, 0x00, 0x00, 0x00, 0x00, 0x34, 0xFF,
	0x28, 0xA8, 0xB4, 0x00, 0x00, 0x00, 0x00, 0x00, 0x00, 0x00, 0x34, 0xFF,
	0x28, 0xA8, 0xB4, 0x00, 0x00, 0x00, 0x00, 0x00, 0x00, 0x00, 0x34, 0xFF,
	0x28, 0xA8, 0xB4, 0x00, 0x00, 0x00, 0x00, 0x00, 0x00, 0x00, 0x34, 0xFF,
	0x28, 0xA8, 0xB4, 0x00, 0x00, 0x00, 0x00, 0x00, 0x00, 0x00, 0x34, 0xFF,
	0x28, 0xA8, 0xB4, 0x00, 0x00, 0x00, 0x00, 0x00, 0x00, 0x00, 0x34, 0xFF,
	0x28, 0xA8, 0xFF, 0xFF, 0xFF, 0xFF, 0xFF, 0xFF, 0xFF, 0xFF, 0xFF, 0xFF,
	0x28, 0xA8, 0xFF, 0xFF, 0xFF, 0xFF, 0xFF, 0xFF, 0xFF, 0xFF, 0xFF, 0xFF,
	0x28, 0xA8, 0xFF, 0xFF, 0xFF, 0xFF, 0xFF, 0xFF, 0xFF, 0xFF, 0xFF, 0xFF,
	0x28, 0xA8, 0xFF, 0xFF, 0xFF, 0xFF, 0xFF, 0xFF, 0xFF, 0xFF, 0xFF, 0xFF,
	0x28, 0xA8, 0xB4, 0x00, 0x00, 0x00, 0x00, 0x00, 0x00, 0x00, 0x34, 0xFF,
	0x28, 0xA8, 0xB4, 0x00, 0x00, 0x00, 0x00, 0x00, 0x00, 0x00, 0x34, 0xFF,
	0x28, 0xA8, 0xB4, 0x00, 0x00, 0x00, 0x00, 0x00, 0x00, 0x00, 0x34, 0xFF,
	0x28, 0xA8, 0xB4, 0x00, 0x00, 0x00, 0x00, 0x00, 0x00, 0x00, 0x34, 0xFF,
	0x28, 0xA8, 0xB4, 0x00, 0x00, 0x00, 0x00, 0x00, 0x00, 0x00, 0x34, 0xFF,
	0x28, 0xA8, 0xB4, 0x00, 0x00, 0x00, 0x00, 0x00, 0x00, 0x00, 0x34, 0xFF,
	0x28, 0xA8, 0xB4, 0x00, 0x00, 0x00, 0x00, 0x00, 0x00, 0x00, 0x34, 0xFF,
	0x28, 0xA8, 0xB4, 0x00, 0x00, 0x00, 0x00, 0x00, 0x00, 0x00, 0x34, 0xFF,
	0x28, 0xA8, 0xB4, 0x00, 0x00, 0x00, 0x00, 0x00, 0x00, 0x00, 0x34, 0xFF,
	0x28, 0xA8, 0xB4, 0x00, 0x00, 0x00, 0x00, 0x00, 0x00, 0x00, 0x34, 0xFF,
	0x28, 0xA8, 0xB4, 0x00, 0x00, 0x00, 0x00, 0x00, 0x00, 0x00, 0x34, 0xFF,
	0x28, 0xA8, 0xB4, 0x00, 0x00, 0x00, 0x00, 0x00, 0x00, 0x00, 0x34, 0xFF,
	0x28, 0xA8, 0xB4, 0x00, 0x00, 0x00, 0x00, 0x00, 0x00, 0x00, 0x34, 0xFF,
	0x28, 0xA8, 0xB4, 0x00, 0x00, 0x00, 0x00, 0x00, 0x00, 0x00, 0x34, 0xFF,
	0x28, 0xA8, 0xB4, 0x00, 0x00, 0x00, 0x00, 0x00, 0x00, 0x00, 0x34, 0xFF,
	0x28, 0xA8, 0xB4, 0x00, 0x00, 0x00, 0x00, 0x00, 0x00, 0x00, 0x34, 0xFF,
	0x28, 0xA8, 0xFF, 0xFF, 0xFF, 0xFF, 0xFF, 0xFF, 0xFF, 0xFF, 0xFF, 0xFF,
	0x28, 0xA8, 0xFF, 0xFF, 0xFF, 0xFF, 0xFF, 0xFF, 0xFF, 0xFF, 0xFF, 0xFF,
	0x28, 0xA8, 0xFF, 0xFF, 0xFF, 0xFF, 0xFF, 0xFF, 0xFF, 0xFF, 0xFF, 0xFF,
	0x28, 0xA8, 0xFF, 0xFF, 0xFF, 0xFF, 0xFF, 0xFF, 0xFF, 0xFF, 0xFF, 0xFF,
	0x28, 0xA8, 0xB4, 0x00, 0x00, 0x00, 0x00, 0x00, 0x00, 0x00, 0x34, 0xFF,
	0x28, 0xA8, 0xB4, 0x00, 0x00, 0x00, 0x00, 0x00, 0x00, 0x00, 0x34, 0xFF,
	0x28, 0xA8, 0xB4, 0x00, 0x00, 0x00, 0x00, 0x00, 0x00, 0x00, 0x34, 0xFF,
	0x28, 0xA8, 0xB4, 0x00, 0x00, 0x00, 0x00, 0x00, 0x00, 0x00, 0x34, 0xFF,
	0x28, 0xA8, 0xB4, 0x00, 0x00, 0x00, 0x00, 0x00, 0x00, 0x00, 0x34, 0xFF,
	0x28, 0xA8, 0xB4, 0x00, 0x00, 0x00, 0x00, 0x00, 0x00, 0x00, 0x34, 0xFF,
	0x28, 0xA8, 0xB4, 0x00, 0x00, 0x00, 0x00, 0x00, 0x00, 0x00, 0x34, 0xFF,
	0x28, 0xA8, 0xB4, 0x00, 0x00, 0x00, 0x00, 0x00, 0x00, 0x00, 0x34, 0xFF,
	0x28, 0xA8, 0xB4, 0x00, 0x00, 0x00, 0x00, 0x00, 0x00, 0x00, 0x34, 0xFF,
	0x28, 0xA8, 0xB4, 0x00, 0x00, 0x00, 0x00, 0x00, 0x00, 0x00, 0x34, 0xFF,
	0x28, 0xA8, 0xB4, 0x00, 0x00, 0x00, 0x00, 0x00, 0x00, 0x00, 0x34, 0xFF,
	0x28, 0xA8, 0xB4, 0x00, 0x00, 0x00, 0x00, 0x00, 0x00, 0x00, 0x34, 0xFF,
	0x28, 0xA8, 0xB4, 0x00, 0x00, 0x00, 0x00, 0x00, 0x00, 0x00, 0x34, 0xFF,
	0x28, 0xA8, 0xB4, 0x00, 0x00, 0x00, 0x00, 0x00, 0x00, 0x00, 0x34, 0xFF,
	0x28, 0xA8, 0xB4, 0x00, 0x00, 0x00, 0x00, 0x00, 0x00, 0x00, 0x34, 0xFF,
	0x28, 0xA8, 0xB4, 0x00, 0x00, 0x00, 0x00, 0x00, 0x00, 0x00, 0x34, 0xFF,
	0x28, 0xA8, 0xFF, 0xFF, 0xFF, 0xFF, 0xFF, 0xFF, 0xFF, 0xFF, 0xFF, 0xFF,
	0x28, 0xA8, 0xFF, 0xFF, 0xFF, 0xFF, 0xFF, 0xFF, 0xFF, 0xFF, 0xFF, 0xFF,
	0x28, 0xA8, 0xFF, 0xFF, 0xFF, 0xFF, 0xFF, 0xFF, 0xFF, 0xFF, 0xFF, 0xFF,
	0x28, 0xA8, 0xFF, 0xFF, 0xFF, 0xFF, 0xFF, 0xFF, 0xFF, 0xFF, 0xFF, 0xFF,
	0x28, 0xA8, 0xB4, 0x00, 0x00, 0x00, 0x00, 0x00, 0x00, 0x00, 0x34, 0xFF,
	0x28, 0xA8, 0xB4, 0x00, 0x00, 0x00, 0x00, 0x00, 0x00, 0x00, 0x34, 0xFF,
	0x28, 0xA8, 0xB4, 0x00, 0x00, 0x00, 0x00, 0x00, 0x00, 0x00, 0x34, 0xFF,
	0x28, 0xA8, 0xB4, 0x00, 0x00, 0x00, 0x00, 0x00, 0x00, 0x00, 0x34, 0xFF,
	0x28, 0xA8, 0xB4, 0x00, 0x00, 0x00, 0x00, 0x00, 0x00, 0x00, 0x34, 0xFF,
	0x28, 0xA8, 0xB4, 0x00, 0x00, 0x00, 0x00, 0x00, 0x00, 0x00, 0x34, 0xFF,
	0x28, 0xA8, 0xB4, 0x00, 0x00, 0x00, 0x00, 0x00, 0x00, 0x00, 0x34, 0xFF,
	0x28, 0xA8, 0xB4, 0x00, 0x00, 0x00, 0x00, 0x00, 0x00, 0x00, 0x34, 0xFF,
	0x28, 0xA8, 0xB4, 0x00, 0x00, 0x00, 0x00, 0x00, 0x00, 0x00, 0x34, 0xFF,
	0x28, 0xA8, 0xB4, 0x00, 0x00, 0x00, 0x00, 0x00, 0x00, 0x00, 0x34, 0xFF,
	0x28, 0xA8, 0xB4, 0x00, 0x00, 0x00, 0x00, 0x00, 0x00, 0x00, 0x34, 0xFF,
	0x28, 0xA8, 0xB4, 0x00, 0x00, 0x00, 0x00, 0x00, 0x00, 0x00, 0x34, 0xFF,
	0x28, 0xA8, 0xB4, 0x00, 0x00, 0x00, 0x00, 0x00, 0x00, 0x00, 0x34, 0xFF,
	0x28, 0xA8, 0xB4, 0x00, 0x00, 0x00, 0x00, 0x00, 0x00, 0x00, 0x34, 0xFF,
	0x28, 0xA8, 0xB4, 0x00, 0x00, 0x00, 0x00, 0x00, 0x00, 0x00, 0x34, 0xFF,
	0x28, 0xA8, 0xB4, 0x00, 0x00, 0x00, 0x00, 0x00, 0x00, 0x00, 0x34, 0xFF,
	0x28, 0xA8, 0xFF, 0xFF, 0xFF, 0xFF, 0xFF, 0xFF, 0xFF, 0xFF, 0xFF, 0xFF,
	0x28, 0xA8, 0xFF, 0xFF, 0xFF, 0xFF, 0xFF, 0xFF, 0xFF, 0xFF, 0xFF, 0xFF,
	0x28, 0xA8, 0xFF, 0xFF, 0xFF, 0xFF, 0xFF, 0xFF, 0xFF, 0xFF, 0xFF, 0xFF,
	0x28, 0xA8, 0xFF, 0xFF, 0xFF, 0xFF, 0xFF, 0xFF, 0xFF, 0xFF, 0xFF, 0xFF,
	0x28, 0xA8, 0xB4, 0x00, 0x00, 0x00, 0x00, 0x00, 0x00, 0x00, 0x34, 0xFF,
	0x28, 0xA8, 0xB4, 0x00, 0x00, 0x00, 0x00, 0x00, 0x00, 0x00, 0x34, 0xFF,
	0x28, 0xA8, 0xB4, 0x00, 0x00, 0x00, 0x00, 0x00, 0x00, 0x00, 0x34, 0xFF,
	0x28, 0xA8, 0xB4, 0x00, 0x00, 0x00, 0x00, 0x00, 0x00, 0x00, 0x34, 0xFF,
	0x28, 0xA8, 0xB4, 0x00, 0x00, 0x00, 0x00, 0x00, 0x00, 0x00, 0x34, 0xFF,
	0x28, 0xA8, 0xB4, 0x00, 0x00, 0x00, 0x00, 0x00, 0x00, 0x00, 0x34, 0xFF,
	0x28, 0xA8, 0xB4, 0x00, 0x00, 0x00, 0x00, 0x00, 0x00, 0x00, 0x34, 0xFF,
	0x28, 0xA8, 0xB4, 0x00, 0x00, 0x00, 0x00, 0x00, 0x00, 0x00, 0x34, 0xFF,
	0x28, 0xA8, 0xB4, 0x00, 0x00, 0x00, 0x00, 0x00, 0x00, 0x00, 0x34, 0xFF,
	0x28, 0xA8, 0xB4, 0x00, 0x00, 0x00, 0x00, 0x00, 0x00, 0x00, 0x34, 0xFF,
	0x28, 0xA8, 0xB4, 0x00, 0x00, 0x00, 0x00, 0x00, 0x00, 0x00, 0x34, 0xFF,
	0x28, 0xA8, 0xB4, 0x00, 0x00, 0x00, 0x00, 0x00, 0x00, 0x00, 0x34, 0xFF,
	0x28, 0xA8, 0xB4, 0x00, 0x00, 0x00, 0x00, 0x00, 0x00, 0x00, 0x34, 0xFF,
	0x28, 0xA8, 0xB4, 0x00, 0x00, 0x00, 0x00, 0x00, 0x00, 0x00, 0x34, 0xFF,
	0x28, 0xA8, 0xB4, 0x00, 0x00, 0x00, 0x00, 0x00, 0x00, 0x00, 0x34, 0xFF,
	0x28, 0xA8, 0xB4, 0x00, 0x00, 0x00, 0x00, 0x00, 0x00, 0x00, 0x34, 0xFF,
	0x28, 0xA8, 0xFF, 0xFF, 0xFF, 0xFF, 0xFF, 0xFF, 0xFF, 0xFF, 0xFF, 0xFF,
	0x28, 0xA8, 0xFF, 0xFF, 0xFF, 0xFF, 0xFF, 0xFF, 0xFF, 0xFF, 0xFF, 0xFF,
	0x28, 0xA8, 0xFF, 0xFF, 0xFF, 0xFF, 0xFF, 0xFF, 0xFF, 0xFF, 0xFF, 0xFF,
	0x28, 0xA8, 0xFF, 0xFF, 0xFF, 0xFF, 0xFF, 0xFF, 0xFF, 0xFF, 0xFF, 0xFF,
	0x28, 0xA8, 0xB4, 0x00, 0x00, 0x00, 0x00, 0x00, 0x00, 0x00, 0x34, 0xFF,
	0x28, 0xA8, 0xB4, 0x00, 0x00, 0x00, 0x00, 0x00, 0x00, 0x00, 0x34, 0xFF,
	0x28, 0xA8, 0xB4, 0x00, 0x00, 0x00, 0x00, 0x00, 0x00, 0x00, 0x34, 0xFF,
	0x28, 0xA8, 0xB4, 0x00, 0x00, 0x00, 0x00, 0x00, 0x00, 0x00, 0x34, 0xFF,
	0x28, 0xA8, 0xB4, 0x00, 0x00, 0x00, 0x00, 0x00, 0x00, 0x00, 0x34, 0xFF,
	0x28, 0xA8, 0xB4, 0x00, 0x00, 0x00, 0x00, 0x00, 0x00, 0x00, 0x34, 0xFF,
	0x28, 0xA8, 0xB4, 0x00, 0x00, 0x00, 0x00, 0x00, 0x00, 0x00, 0x34, 0xFF,
	0x28, 0xA8, 0xB4, 0x00, 0x00, 0x00, 0x00, 0x00, 0x00, 0x00, 0x34, 0xFF,
	0x28, 0xA8, 0xB4, 0x00, 0x00, 0x00, 0x00, 0x00, 0x00, 0x00, 0x34, 0xFF,
	0x28, 0xA8, 0xB4, 0x00, 0x00, 0x00, 0x00, 0x00, 0x00, 0x00, 0x34, 0xFF,
	0x28, 0xA8, 0xB4, 0x00, 0x00, 0x00, 0x00, 0x00, 0x00, 0x00, 0x34, 0xFF,
	0x28, 0xA8, 0xB4, 0x00, 0x00, 0x00, 0x00, 0x00, 0x00, 0x00, 0x34, 0xFF,
	0x28, 0xA8, 0xB4, 0x00, 0x00, 0x00, 0x00, 0x00, 0x00, 0x00, 0x34, 0xFF,
	0x28, 0xA8, 0xB4, 0x00, 0x00, 0x00, 0x00, 0x00, 0x00, 0x00, 0x34, 0xFF,
	0x28, 0xA8, 0xB4, 0x00, 0x00, 0x00, 0x00, 0x00, 0x00, 0x00, 0x34, 0xFF,
	0x28, 0xA8, 0xB4, 0x00, 0x00, 0x00, 0x00, 0x00, 0x00, 0x00, 0x34, 0xFF,
	0x28, 0xA8, 0xFF, 0xFF, 0xFF, 0xFF, 0xFF, 0xFF, 0xFF, 0xFF, 0xFF, 0xFF,
	0x28, 0xA8, 0xFF, 0xFF, 0xFF, 0xFF, 0xFF, 0xFF, 0xFF, 0xFF, 0xFF, 0xFF,
	0x28, 0xA8, 0xFF, 0xFF, 0xFF, 0xFF, 0xFF, 0xFF, 0xFF, 0xFF, 0xFF, 0xFF,
	0x28, 0xA8, 0xFF, 0xFF, 0xFF, 0xFF, 0xFF, 0xFF, 0xFF, 0xFF, 0xFF, 0xFF,
	0x28, 0xA8, 0xB4, 0x00, 0x00, 0x00, 0x00, 0x00, 0x00, 0x00, 0x34, 0xFF,
	0x28, 0xA8, 0xB4, 0x00, 0x00, 0x00, 0x00, 0x00, 0x00, 0x00, 0x34, 0xFF,
	0x28, 0xA8, 0xB4, 0x00, 0x00, 0x00, 0x00, 0x00, 0x00, 0x00, 0x34, 0xFF,
	0x28, 0xA8, 0xB4, 0x00, 0x00, 0x00, 0x00, 0x00, 0x00, 0x00, 0x34, 0xFF,
	0x28, 0xA8, 0xB4, 0x00, 0x00, 0x00, 0x00, 0x00, 0x00, 0x00, 0x34, 0xFF,
	0x28, 0xA8, 0xB4, 0x00, 0x00, 0x00, 0x00, 0x00, 0x00, 0x00, 0x34, 0xFF,
	0x28, 0xA8, 0xB4, 0x00, 0x00, 0x00, 0x00, 0x00, 0x00, 0x00, 0x34, 0xFF,
	0x28, 0xA8, 0xB4, 0x00, 0x00, 0x00, 0x00, 0x00, 0x00, 0x00, 0x34, 0xFF,
	0x28, 0xA8, 0xB4, 0x00, 0x00, 0x00, 0x00, 0x00, 0x00, 0x00, 0x34, 0xFF,
	0x28, 0xA8, 0xB4, 0x00, 0x00, 0x00, 0x00, 0x00, 0x00, 0x00, 0x34, 0xFF,
	0x28, 0xA8, 0xB4, 0x00, 0x00, 0x00, 0x00, 0x00, 0x00, 0x00, 0x34, 0xFF,
	0x28, 0xA8, 0xB4, 0x00, 0x00, 0x00, 0x00, 0x00, 0x00, 0x00, 0x34, 0xFF,
	0x28, 0xA8, 0xB4, 0x00, 0x00, 0x00, 0x00, 0x00, 0x00, 0x00, 0x34, 0xFF,
	0x28, 0xA8, 0xB4, 0x00, 0x00, 0x00, 0x00, 0x00, 0x00, 0x00, 0x34, 0xFF,
	0x28, 0xA8, 0xB4, 0x00, 0x00, 0x00, 0x00, 0x00, 0x00, 0x00, 0x34, 0xFF,
	0x28, 0xA8, 0xB4, 0x00, 0x00, 0x00, 0x00, 0x00, 0x00, 0x00, 0x34, 0xFF,
	0x28, 0xA8, 0xFF, 0xFF, 0xFF, 0xFF, 0xFF, 0xFF, 0xFF, 0xFF, 0xFF, 0xFF,
	0x28, 0xA8, 0xFF, 0xFF, 0xFF, 0xFF, 0xFF, 0xFF, 0xFF, 0xFF, 0xFF, 0xFF,
	0x28, 0xA8, 0xFF, 0xFF, 0xFF, 0xFF, 0xFF, 0xFF, 0xFF, 0xFF, 0xFF, 0xFF,
	0x28, 0xA8, 0xFF, 0xFF, 0xFF, 0xFF, 0xFF, 0xFF, 0xFF, 0xFF, 0xFF, 0xFF,
	0x28, 0xA8, 0xB4, 0x00, 0x00, 0x00, 0x00, 0x00, 0x00, 0x00, 0x34, 0xFF,
	0x28, 0xA8, 0xB4, 0x00, 0x00, 0x00, 0x00, 0x00, 0x00, 0x00, 0x34, 0xFF,
	0x28, 0xA8, 0xB4, 0x00, 0x00, 0x00, 0x00, 0x00, 0x00, 0x00, 0x34, 0xFF,
	0x28, 0xA8, 0xB4, 0x00, 0x00, 0x00, 0x00, 0x00, 0x00, 0x00, 0x34, 0xFF,
	0x28, 0xA8, 0xB4, 0x00, 0x00, 0x00, 0x00, 0x00, 0x00, 0x00, 0x34, 0xFF,
	0x28, 0xA8, 0xB4, 0x00, 0x00, 0x00, 0x00, 0x00, 0x00, 0x00, 0x34, 0xFF,
	0x28, 0xA8, 0xB4, 0x00, 0x00, 0x00, 0x00, 0x00, 0x00, 0x00, 0x34, 0xFF,
	0x28, 0xA8, 0xB4, 0x00, 0x00, 0x00, 0x00, 0x00, 0x00, 0x00, 0x34, 0xFF,
	0x28, 0xA8, 0xB4, 0x00, 0x00, 0x00, 0x00, 0x00, 0x00, 0x00, 0x34, 0xFF,
	0x28, 0xA8, 0xB4, 0x00, 0x00, 0x00, 0x00, 0x00, 0x00, 0x00, 0x34, 0xFF,
	0x28, 0xA8, 0xB4, 0x00, 0x00, 0x00, 0x00, 0x00, 0x00, 0x00, 0x34, 0xFF,
	0x28, 0xA8, 0xB4, 0x00, 0x00, 0x00, 0x00, 0x00, 0x00, 0x00, 0x34, 0xFF,
	0x28, 0xA8, 0xB4, 0x00, 0x00, 0x00, 0x00, 0x00, 0x00, 0x00, 0x34, 0xFF,
	0x28, 0xA8, 0xB4, 0x00, 0x00, 0x00, 0x00, 0x00, 0x00, 0x00, 0x34, 0xFF,
	0x28, 0xA8, 0xB4, 0x00, 0x00, 0x00, 0x00, 0x00, 0x00, 0x00, 0x34, 0xFF,
	0x28, 0xA8, 0xB4, 0x00, 0x00, 0x00, 0x00, 0x00, 0x00, 0x00, 0x34, 0xFF,
	0x28, 0xA8, 0xFF, 0xFF, 0xFF, 0xFF, 0xFF, 0xFF, 0xFF, 0xFF, 0xFF, 0xFF,
	0x28, 0xA8, 0xFF, 0xFF, 0xFF, 0xFF, 0xFF, 0xFF, 0xFF, 0xFF, 0xFF, 0xFF,
	0x28, 0xA8, 0xFF, 0xFF, 0xFF, 0xFF, 0xFF, 0xFF, 0xFF, 0xFF, 0xFF, 0xFF,
	0x28, 0xA8, 0xFF, 0xFF, 0xFF, 0xFF, 0xFF, 0xFF, 0xFF, 0xFF, 0xFF, 0xFF,
	0x28, 0xA8, 0xB4, 0x00, 0x00, 0x00, 0x00, 0x00, 0x00, 0x00, 0x34, 0xFF,
	0x28, 0xA8, 0xB4, 0x00, 0x00, 0x00, 0x00, 0x00, 0x00, 0x00, 0x34, 0xFF,
	0x28, 0xA8, 0xB4, 0x00, 0x00, 0x00, 0x00, 0x00, 0x00, 0x00, 0x34, 0xFF,
	0x28, 0xA8, 0xB4, 0x00, 0x00, 0x00, 0x00, 0x00, 0x00, 0x00, 0x34, 0xFF,
	0x28, 0xA8, 0xB4, 0x00, 0x00, 0x00, 0x00, 0x00, 0x00, 0x00, 0x34, 0xFF,
	0x28, 0xA8, 0xB4, 0x00, 0x00, 0x00, 0x00, 0x00, 0x00, 0x00, 0x34, 0xFF,
	0x28, 0xA8, 0xB4, 0x00, 0x00, 0x00, 0x00, 0x00, 0x00, 0x00, 0x34, 0xFF,
	0x28, 0xA8, 0xB4, 0x00, 0x00, 0x00, 0x00, 0x00, 0x00, 0x00, 0x34, 0xFF,
	0x28, 0xA8, 0xB4, 0x00, 0x00, 0x00, 0x00, 0x00, 0x00, 0x00, 0x34, 0xFF,
	0x28, 0xA8, 0xB4, 0x00, 0x00, 0x00, 0x00, 0x00, 0x00, 0x00, 0x34, 0xFF,
	0x28, 0xA8, 0xB4, 0x00, 0x00, 0x00, 0x00, 0x00, 0x00, 0x00, 0x34, 0xFF,
	0x28, 0xA8, 0xB4, 0x00, 0x00, 0x00, 0x00, 0x00, 0x00, 0x00, 0x34, 0xFF,
	0x28, 0xA8, 0xB4, 0x00, 0x00, 0x00, 0x00, 0x00, 0x00, 0x00, 0x34, 0xFF,
	0x28, 0xA8, 0xB4, 0x00, 0x00, 0x00, 0x00, 0x00, 0x00, 0x00, 0x34, 0xFF,
	0x28, 0xA8, 0xB4, 0x00, 0x00, 0x00, 0x00, 0x00, 0x00, 0x00, 0x34, 0xFF,
	0x28, 0xA8, 0xB4, 0x00, 0x00, 0x00, 0x00, 0x00, 0x00, 0x00, 0x34, 0xFF,
	0x28, 0xA8, 0xFF, 0xFF, 0xFF, 0xFF, 0xFF, 0xFF, 0xFF, 0xFF, 0xFF, 0xFF,
	0x28, 0xA8, 0xFF, 0xFF, 0xFF, 0xFF, 0xFF, 0xFF, 0xFF, 0xFF, 0xFF, 0xFF,
	0x28, 0xA8, 0xFF, 0xFF, 0xFF, 0xFF, 0xFF, 0xFF, 0xFF, 0xFF, 0xFF, 0xFF,
	0x28, 0xA8, 0xFF, 0xFF, 0xFF, 0xFF, 0xFF, 0xFF, 0xFF, 0xFF, 0xFF, 0xFF,
	0x28, 0xA8, 0xB4, 0x00, 0x00, 0x00, 0x00, 0x00, 0x00, 0x00, 0x34, 0xFF,
	0x28, 0xA8, 0xB4, 0x00, 0x00, 0x00, 0x00, 0x00, 0x00, 0x00, 0x34, 0xFF,
	0x28, 0xA8, 0xB4, 0x00, 0x00, 0x00, 0x00, 0x00, 0x00, 0x00, 0x34, 0xFF,
	0x28, 0xA8, 0xB4, 0x00, 0x00, 0x00, 0x00, 0x00, 0x00, 0x00, 0x34, 0xFF,
	0x28, 0xA8, 0xB4, 0x00, 0x00, 0x00, 0x00, 0x00, 0x00, 0x00, 0x34, 0xFF,
	0x28, 0xA8, 0xB4, 0x00, 0x00, 0x00, 0x00, 0x00, 0x00, 0x00, 0x34, 0xFF,
	0x28, 0xA8, 0xB4, 0x00, 0x00, 0x00, 0x00, 0x00, 0x00, 0x00, 0x34, 0xFF,
	0x28, 0xA8, 0xB4, 0x00, 0x00, 0x00, 0x00, 0x00, 0x00, 0x00, 0x34, 0xFF,
	0x28, 0xA8, 0xB4, 0x00, 0x00, 0x00, 0x00, 0x00, 0x00, 0x00, 0x34, 0xFF,
	0x28, 0xA8, 0xB4, 0x00, 0x00, 0x00, 0x00, 0x00, 0x00, 0x00, 0x34, 0xFF,
	0x28, 0xA8, 0xB4, 0x00, 0x00, 0x00, 0x00, 0x00, 0x00, 0x00, 0x34, 0xFF,
	0x28, 0xA8, 0xB4, 0x00, 0x00, 0x00, 0x00, 0x00, 0x00, 0x00, 0x34, 0xFF,
	0x28, 0xA8, 0xB4, 0x00, 0x00, 0x00, 0x00, 0x00, 0x00, 0x00, 0x34, 0xFF,
	0x28, 0xA8, 0xB4, 0x00, 0x00, 0x00, 0x00, 0x00, 0x00, 0x00, 0x34, 0xFF,
	0x28, 0xA8, 0xB4, 0x00, 0x00, 0x00, 0x00, 0x00, 0x00, 0x00, 0x34, 0xFF,
	0x28, 0xA8, 0xB4, 0x00, 0x00, 0x00, 0x00, 0x00, 0x00, 0x00, 0x34, 0xFF,
	0x28, 0xA8, 0xFF, 0xFF, 0xFF, 0xFF, 0xFF, 0xFF, 0xFF, 0xFF, 0xFF, 0xFF,
	0x28, 0xA8, 0xFF, 0xFF, 0xFF, 0xFF, 0xFF, 0xFF, 0xFF, 0xFF, 0xFF, 0xFF,
	0x28, 0xA8, 0xFF, 0xFF, 0xFF, 0xFF, 0xFF, 0xFF, 0xFF, 0xFF, 0xFF, 0xFF,
	0x28, 0xA8, 0xFF, 0xFF, 0xFF, 0xFF, 0xFF, 0xFF, 0xFF, 0xFF, 0xFF, 0xFF,
	0x28, 0xA8, 0xB4, 0x00, 0x00, 0x00, 0x00, 0x00, 0x00, 0x00, 0x34, 0xFF,
	0x28, 0xA8, 0xB4, 0x00, 0x00, 0x00, 0x00, 0x00, 0x00, 0x00, 0x34, 0xFF,
	0x28, 0xA8, 0xB4, 0x00, 0x00, 0x00, 0x00, 0x00, 0x00, 0x00, 0x34, 0xFF,
	0x28, 0xA8, 0xB4, 0x00, 0x00, 0x00, 0x00, 0x00, 0x00, 0x00, 0x34, 0xFF,
	0x28, 0xA8, 0xB4, 0x00, 0x00, 0x00, 0x00, 0x00, 0x00, 0x00, 0x34, 0xFF,
	0x28, 0xA8, 0xB4, 0x00, 0x00, 0x00, 0x00, 0x00, 0x00, 0x00, 0x34, 0xFF,
	0x28, 0xA8, 0xB4, 0x00, 0x00, 0x00, 0x00, 0x00, 0x00, 0x00, 0x34, 0xFF,
	0x28, 0xA8, 0xB4, 0x00, 0x00, 0x00, 0x00, 0x00, 0x00, 0x00, 0x34, 0xFF,
	0x28, 0xA8, 0xB4, 0x00, 0x00, 0x00, 0x00, 0x00, 0x00, 0x00, 0x34, 0xFF,
	0x28, 0xA8, 0xB4, 0x00, 0x00, 0x00, 0x00, 0x00, 0x00, 0x00, 0x34, 0xFF,
	0x28, 0xA8, 0xB4, 0x00, 0x00, 0x00, 0x00, 0x00, 0x00, 0x00, 0x34, 0xFF,
	0x28, 0xA8, 0xB4, 0x00, 0x00, 0x00, 0x00, 0x00, 0x00, 0x00, 0x34, 0xFF,
	0x28, 0xA8, 0xB4, 0x00, 0x00, 0x00, 0x00, 0x00, 0x00, 0x00, 0x34, 0xFF,
	0x28, 0xA8, 0xB4, 0x00, 0x00, 0x00, 0x00, 0x00, 0x00, 0x00, 0x34, 0xFF,
	0x28, 0xA8, 0xB4, 0x00, 0x00, 0x00, 0x00, 0x00, 0x00, 0x00, 0x34, 0xFF,
	0x28, 0xA8, 0xB4, 0x00, 0x00, 0x00, 0x00, 0x00, 0x00, 0x00, 0x34, 0xFF,
	0x28, 0xA8, 0xFF, 0xFF, 0xFF, 0xFF, 0xFF, 0xFF, 0xFF, 0xFF, 0xFF, 0xFF,
	0x28, 0xA8, 0xFF, 0xFF, 0xFF, 0xFF, 0xFF, 0xFF, 0xFF, 0xFF, 0xFF, 0xFF,
	0x28, 0xA8, 0xFF, 0xFF, 0xFF, 0xFF, 0xFF, 0xFF, 0xFF, 0xFF, 0xFF, 0xFF,
	0x28, 0xA8, 0xFF, 0xFF, 0xFF, 0xFF, 0xFF, 0xFF, 0xFF, 0xFF, 0xFF, 0xFF,
	0x28, 0xA8, 0xB4, 0x00, 0x00, 0x00, 0x00, 0x00, 0x00, 0x00, 0x34, 0xFF,
	0x28, 0xA8, 0xB4, 0x00, 0x00, 0x00, 0x00, 0x00, 0x00, 0x00, 0x34, 0xFF,
	0x28, 0xA8, 0xB4, 0x00, 0x00, 0x00, 0x00, 0x00, 0x00, 0x00, 0x34, 0xFF,
	0x28, 0xA8, 0xB4, 0x00, 0x00, 0x00, 0x00, 0x00, 0x00, 0x00, 0x34, 0xFF,
	0x28, 0xA8, 0xB4, 0x00, 0x00, 0x00, 0x00, 0x00, 0x00, 0x00, 0x34, 0xFF,
	0x28, 0xA8, 0xB4, 0x00, 0x00, 0x00, 0x00, 0x00, 0x00, 0x00, 0x34, 0xFF,
	0x28, 0xA8, 0xB4, 0x00, 0x00, 0x00, 0x00, 0x00, 0x00, 0x00, 0x34, 0xFF,
	0x28, 0xA8, 0xB4, 0x00, 0x00, 0x00, 0x00, 0x00, 0x00, 0x00, 0x34, 0xFF,
	0x28, 0xA8, 0xB4, 0x00, 0x00, 0x00, 0x00, 0x00, 0x00, 0x00, 0x34, 0xFF,
	0x28, 0xA8, 0xB4, 0x00, 0x00, 0x00, 0x00, 0x00, 0x00, 0x00, 0x34, 0xFF,
	0x28, 0xA8, 0xB4, 0x00, 0x00, 0x00, 0x00, 0x00, 0x00, 0x00, 0x34, 0xFF,
	0x28, 0xA8, 0xB4, 0x00, 0x00, 0x00, 0x00, 0x00, 0x00, 0x00, 0x34, 0xFF,
	0x28, 0xA8, 0xB4, 0x00, 0x00, 0x00, 0x00, 0x00, 0x00, 0x00, 0x34, 0xFF,
	0x28, 0xA8, 0xB4, 0x00, 0x00, 0x00, 0x00, 0x00, 0x00, 0x00, 0x34, 0xFF,
	0x28, 0xA8, 0xB4, 0x00, 0x00, 0x00, 0x00, 0x00, 0x00, 0x00, 0x34, 0xFF,
	0x28, 0xA8, 0xB4, 0x00, 0x00, 0x00, 0x00, 0x00, 0x00, 0x00, 0x34, 0xFF,
	0x28, 0xA8, 0xFF, 0xFF, 0xFF, 0xFF, 0xFF, 0xFF, 0xFF, 0xFF, 0xFF, 0xFF,
	0x28, 0xA8, 0xFF, 0xFF, 0xFF, 0xFF, 0xFF, 0xFF, 0xFF, 0xFF, 0xFF, 0xFF,
	0x28, 0xA8, 0xFF, 0xFF, 0xFF, 0xFF, 0xFF, 0xFF, 0xFF, 0xFF, 0xFF, 0xFF,
	0x28, 0xA8, 0xFF, 0xFF, 0xFF, 0xFF, 0xFF, 0xFF, 0xFF, 0xFF, 0xFF, 0xFF,
	0x28, 0xA8, 0xB4, 0x00, 0x00, 0x00, 0x00, 0x00, 0x00, 0x00, 0x34, 0xFF,
	0x28, 0xA8, 0xB4, 0x00, 0x00, 0x00, 0x00, 0x00, 0x00, 0x00, 0x34, 0xFF,
	0x28, 0xA8, 0xB4, 0x00, 0x00, 0x00, 0x00, 0x00, 0x00, 0x00, 0x34, 0xFF,
	0x28, 0xA8, 0xB4, 0x00, 0x00, 0x00, 0x00, 0x00, 0x00, 0x00, 0x34, 0xFF,
	0x28, 0xA8, 0xB4, 0x00, 0x00, 0x00, 0x00, 0x00, 0x00, 0x00, 0x34, 0xFF,
	0x28, 0xA8, 0xB4, 0x00, 0x00, 0x00, 0x00, 0x00, 0x00, 0x00, 0x34, 0xFF,
	0x28, 0xA8, 0xB4, 0x00, 0x00, 0x00, 0x00, 0x00, 0x00, 0x00, 0x34, 0xFF,
	0x28, 0xA8, 0xB4, 0x00, 0x00, 0x00, 0x00, 0x00, 0x00, 0x00, 0x34, 0xFF,
	0x28, 0xA8, 0xB4, 0x00, 0x00, 0x00, 0x00, 0x00, 0x00, 0x00, 0x34, 0xFF,
	0x28, 0xA8, 0xB4, 0x00, 0x00, 0x00, 0x00, 0x00, 0x00, 0x00, 0x34, 0xFF,
	0x28, 0xA8, 0xB4, 0x00, 0x00, 0x00, 0x00, 0x00, 0x00, 0x00, 0x34, 0xFF,
	0x28, 0xA8, 0xB4, 0x00, 0x00, 0x00, 0x00, 0x00, 0x00, 0x00, 0x34, 0xFF,
	0x28, 0xA8, 0xB4, 0x00, 0x00, 0x00, 0x00, 0x00, 0x00, 0x00, 0x34, 0xFF,
	0x28, 0xA8, 0xB4, 0x00, 0x00, 0x00, 0x00, 0x00, 0x00, 0x00, 0x34, 0xFF,
	0x28, 0xA8, 0xB4, 0x00, 0x00, 0x00, 0x00, 0x00, 0x00, 0x00, 0x34, 0xFF,
	0x28, 0xA8, 0xB4, 0x00, 0x00, 0x00, 0x00, 0x00, 0x00, 0x00, 0x34, 0xFF,
	0x28, 0xA8, 0xFF, 0xFF, 0xFF, 0xFF, 0xFF, 0xFF, 0xFF, 0xFF, 0xFF, 0xFF,
	0x28, 0xA8, 0xFF, 0xFF, 0xFF, 0xFF, 0xFF, 0xFF, 0xFF, 0xFF, 0xFF, 0xFF,
	0x28, 0xA8, 0xFF, 0xFF, 0xFF, 0xFF, 0xFF, 0xFF, 0xFF, 0xFF, 0xFF, 0xFF,
	0x28, 0xA8, 0xFF, 0xFF, 0xFF, 0xFF, 0xFF, 0xFF, 0xFF, 0xFF, 0xFF, 0xFF,
	0x28, 0xA8, 0xB4, 0x00, 0x00, 0x00, 0x00, 0x00, 0x00, 0x00, 0x34, 0xFF,
	0x28, 0xA8, 0xB4, 0x00, 0x00, 0x00, 0x00, 0x00, 0x00, 0x00, 0x34, 0xFF,
	0x28, 0xA8, 0xB4, 0x00, 0x00, 0x00, 0x00, 0x00, 0x00, 0x00, 0x34, 0xFF,
	0x28, 0xA8, 0xB4, 0x00, 0x00, 0x00, 0x00, 0x00, 0x00, 0x00, 0x34, 0xFF,
	0x28, 0xA8, 0xB4, 0x00, 0x00, 0x00, 0x00, 0x00, 0x00, 0x00, 0x34, 0xFF,
	0x28, 0xA8, 0xB4, 0x00, 0x00, 0x00, 0x00, 0x00, 0x00, 0x00, 0x34, 0xFF,
	0x28, 0xA8, 0xB4, 0x00, 0x00, 0x00, 0x00, 0x00, 0x00, 0x00, 0x34, 0xFF,
	0x28, 0xA8, 0xB4, 0x00, 0x00, 0x00, 0x00, 0x00, 0x00, 0x00, 0x34, 0xFF,
	0x28, 0xA8, 0xB4, 0x00, 0x00, 0x00, 0x00, 0x00, 0x00, 0x00, 0x34, 0xFF,
	0x28, 0xA8, 0xB4, 0x00, 0x00, 0x00, 0x00, 0x00, 0x00, 0x00, 0x34, 0xFF,
	0x28, 0xA8, 0xB4, 0x00, 0x00, 0x00, 0x00, 0x00, 0x00, 0x00, 0x34, 0xFF,
	0x28, 0xA8, 0xB4, 0x00, 0x00, 0x00, 0x00, 0x00, 0x00, 0x00, 0x34, 0xFF,
	0x28, 0xA8, 0xB4, 0x00, 0x00, 0x00, 0x00, 0x00, 0x00, 0x00, 0x34, 0xFF,
	0x28, 0xA8, 0xB4, 0x00, 0x00, 0x00, 0x00, 0x00, 0x00, 0x00, 0x34, 0xFF,
	0x28, 0xA8, 0xB4, 0x00, 0x00, 0x00, 0x00, 0x00, 0x00, 0x00, 0x34, 0xFF,
	0x28, 0xA8, 0xB4, 0x00, 0x00, 0x00, 0x00, 0x00, 0x00, 0x00, 0x34, 0xFF,
	0x28, 0xA8, 0xFF, 0xFF, 0xFF, 0xFF, 0xFF, 0xFF, 0xFF, 0xFF, 0xFF, 0xFF,
	0x28, 0xA8, 0xFF, 0xFF, 0xFF, 0xFF, 0xFF, 0xFF, 0xFF, 0xFF, 0xFF, 0xFF,
	0x28, 0xA8, 0xFF, 0xFF, 0xFF, 0xFF, 0xFF, 0xFF, 0xFF, 0xFF, 0xFF, 0xFF,
	0x28, 0xA8, 0xFF, 0xFF, 0xFF, 0xFF, 0xFF, 0xFF, 0xFF, 0xFF, 0xFF, 0xFF,
	0x28, 0xA8, 0xB4, 0x00, 0x00, 0x00, 0x00, 0x00, 0x00, 0x00, 0x34, 0xFF,
	0x28, 0xA8, 0xB4, 0x00, 0x00, 0x00, 0x00, 0x00, 0x00, 0x00, 0x34, 0xFF,
	0x28, 0xA8, 0xB4, 0x00, 0x00, 0x00, 0x00, 0x00, 0x00, 0x00, 0x34, 0xFF,
	0x28, 0xA8, 0xB4, 0x00, 0x00, 0x00, 0x00, 0x00, 0x00, 0x00, 0x34, 0xFF,
	0x28, 0xA8, 0xB4, 0x00, 0x00, 0x00, 0x00, 0x00, 0x00, 0x00, 0x34, 0xFF,
	0x28, 0xA8, 0xB4, 0x00, 0x00, 0x00, 0x00, 0x00, 0x00, 0x00, 0x34, 0xFF,
	0x28, 0xA8, 0xB4, 0x00, 0x00, 0x00, 0x00, 0x00, 0x00, 0x00, 0x34, 0xFF,
	0x28, 0xA8, 0xB4, 0x00, 0x00, 0x00, 0x00, 0x00, 0x00, 0x00, 0x34, 0xFF,
	0x28, 0xA8, 0xB4, 0x00, 0x00, 0x00, 0x00, 0x00, 0x00, 0x00, 0x34, 0xFF,
	0x28, 0xA8, 0xB4, 0x00, 0x00, 0x00, 0x00, 0x00, 0x00, 0x00, 0x34, 0xFF,
	0x28, 0xA8, 0xB4, 0x00, 0x00, 0x00, 0x00, 0x00, 0x00, 0x00, 0x34, 0xFF,
	0x28, 0xA8, 0xB4, 0x00, 0x00, 0x00, 0x00, 0x00, 0x00, 0x00, 0x34, 0xFF,
	0x28, 0xA8, 0xB4, 0x00, 0x00, 0x00, 0x00, 0x00, 0x00, 0x00, 0x34, 0xFF,
	0x28, 0xA8, 0xB4, 0x00, 0x00, 0x00, 0x00, 0x00, 0x00, 0x00, 0x34, 0xFF,
	0x28, 0xA8, 0xB4, 0x00, 0x00, 0x00, 0x00, 0x00, 0x00, 0x00, 0x34, 0xFF,
	0x28, 0xA8, 0xB4, 0x00, 0x00, 0x00, 0x00, 0x00, 0x00, 0x00, 0x34, 0xFF,
	0x28, 0xA8, 0xFF, 0xFF, 0xFF, 0xFF, 0xFF, 0xFF, 0xFF, 0xFF, 0xFF, 0xFF,
	0x28, 0xA8, 0xFF, 0xFF, 0xFF, 0xFF, 0xFF, 0xFF, 0xFF, 0xFF, 0xFF, 0xFF,
	0x28, 0xA8, 0xFF, 0xFF, 0xFF, 0xFF, 0xFF, 0xFF, 0xFF, 0xFF, 0xFF, 0xFF,
	0x28, 0xA8, 0xFF, 0xFF, 0xFF, 0xFF, 0xFF, 0xFF, 0xFF, 0xFF, 0xFF, 0xFF,
	0x28, 0xA8, 0xB4, 0x00, 0x00, 0x00, 0x00, 0x00, 0x00, 0x00, 0x34, 0xFF,
	0x28, 0xA8, 0xB4, 0x00, 0x00, 0x00, 0x00, 0x00, 0x00, 0x00, 0x34, 0xFF,
	0x28, 0xA8, 0xB4, 0x00, 0x00, 0x00, 0x00, 0x00, 0x00, 0x00, 0x34, 0xFF,
	0x28, 0xA8, 0xB4, 0x00, 0x00, 0x00, 0x00, 0x00, 0x00, 0x00, 0x34, 0xFF,
	0x28, 0xA8, 0xB4, 0x00, 0x00, 0x00, 0x00, 0x00, 0x00, 0x00, 0x34, 0xFF,
	0x28, 0xA8, 0xB4, 0x00, 0x00, 0x00, 0x00, 0x00, 0x00, 0x00, 0x34, 0xFF,
	0x28, 0xA8, 0xB4, 0x00, 0x00, 0x00, 0x00, 0x00, 0x00, 0x00, 0x34, 0xFF,
	0x28, 0xA8, 0xB4, 0x00, 0x00, 0x00, 0x00, 0x00, 0x00, 0x00, 0x34, 0xFF,
	0x28, 0xA8, 0xB4, 0x00, 0x00, 0x00, 0x00, 0x00, 0x00, 0x00, 0x34, 0xFF,
	0x28, 0xA8, 0xB4, 0x00, 0x00, 0x00, 0x00, 0x00, 0x00, 0x00, 0x34, 0xFF,
	0x28, 0xA8, 0xB4, 0x00, 0x00, 0x00, 0x00, 0x00, 0x00, 0x00, 0x34, 0xFF,
	0x28, 0xA8, 0xB4, 0x00, 0x00, 0x00, 0x00, 0x00, 0x00, 0x00, 0x34, 0xFF,
	0x28, 0xA8, 0xB4, 0x00, 0x00, 0x00, 0x00, 0x00, 0x00, 0x00, 0x34, 0xFF,
	0x28, 0xA8, 0xB4, 0x00, 0x00, 0x00, 0x00, 0x00, 0x00, 0x00, 0x34, 0xFF,
	0x28, 0xA8, 0xB4, 0x00, 0x00, 0x00, 0x00, 0x00, 0x00, 0x00, 0x34, 0xFF,
	0x28, 0xA8, 0xB4, 0x00, 0x00, 0x00, 0x00, 0x00, 0x00, 0x00, 0x34, 0xFF,
	0x28, 0xA8, 0xFF, 0xFF, 0xFF, 0xFF, 0xFF, 0xFF, 0xFF, 0xFF, 0xFF, 0xFF,
	0x28, 0xA8, 0xFF, 0xFF, 0xFF, 0xFF, 0xFF, 0xFF, 0xFF, 0xFF, 0xFF, 0xFF,
	0x28, 0xA8, 0xFF, 0xFF, 0xFF, 0xFF, 0xFF, 0xFF, 0xFF, 0xFF, 0xFF, 0xFF,
	0x28, 0xA8, 0xFF, 0xFF, 0xFF, 0xFF, 0xFF, 0xFF, 0xFF, 0xFF, 0xFF, 0xFF,
	0x28, 0xA8, 0xB4, 0x00, 0x00, 0x00, 0x00, 0x00, 0x00, 0x00, 0x34, 0xFF,
	0x28, 0xA8, 0xB4, 0x00, 0x00, 0x00, 0x00, 0x00, 0x00, 0x00, 0x34, 0xFF,
	0x28, 0xA8, 0xB4, 0x00, 0x00, 0x00, 0x00, 0x00, 0x00, 0x00, 0x34, 0xFF,
	0x28, 0xA8, 0xB4, 0x00, 0x00, 0x00, 0x00, 0x00, 0x00, 0x00, 0x34, 0xFF,
	0x28, 0xA8, 0xB4, 0x00, 0x00, 0x00, 0x00, 0x00, 0x00, 0x00, 0x34, 0xFF,
	0x28, 0xA8, 0xB4, 0x00, 0x00, 0x00, 0x00, 0x00, 0x00, 0x00, 0x34, 0xFF,
	0x28, 0xA8, 0xB4, 0x00, 0x00, 0x00, 0x00, 0x00, 0x00, 0x00, 0x34, 0xFF,
	0x28, 0xA8, 0xB4, 0x00, 0x00, 0x00, 0x00, 0x00, 0x00, 0x00, 0x34, 0xFF,
	0x28, 0xA8, 0xB4, 0x00, 0x00, 0x00, 0x00, 0x00, 0x00, 0x00, 0x34, 0xFF,
	0x28, 0xA8, 0xB4, 0x00, 0x00, 0x00, 0x00, 0x00, 0x00, 0x00, 0x34, 0xFF,
	0x28, 0xA8, 0xB4, 0x00, 0x00, 0x00, 0x00, 0x00, 0x00, 0x00, 0x34, 0xFF,
	0x28, 0xA8, 0xB4, 0x00, 0x00, 0x00, 0x00, 0x00, 0x00, 0x00, 0x34, 0xFF,
	0x28, 0xA8, 0xB4, 0x00, 0x00, 0x00, 0x00, 0x00, 0x00, 0x00, 0x34, 0xFF,
	0x28, 0xA8, 0xB4, 0x00, 0x00, 0x00, 0x00, 0x00, 0x00, 0x00, 0x34, 0xFF,
	0x28, 0xA8, 0xB4, 0x00, 0x00, 0x00, 0x00, 0x00, 0x00, 0x00, 0x34, 0xFF,
	0x28, 0xA8, 0xB4, 0x00, 0x00, 0x00, 0x00, 0x00, 0x00, 0x00, 0x34, 0xFF,
	0x28, 0xA8, 0xFF, 0xFF, 0xFF, 0xFF, 0xFF, 0xFF, 0xFF, 0xFF, 0xFF, 0xFF,
	0x28, 0xA8, 0xFF, 0xFF, 0xFF, 0xFF, 0xFF, 0xFF, 0xFF, 0xFF, 0xFF, 0xFF,
	0x28, 0xA8, 0xFF, 0xFF, 0xFF, 0xFF, 0xFF, 0xFF, 0xFF, 0xFF, 0xFF, 0xFF,
	0x28, 0xA8, 0xFF, 0xFF, 0xFF, 0xFF, 0xFF, 0xFF, 0xFF, 0xFF, 0xFF, 0xFF,
	0x28, 0xA8, 0xB4, 0x00, 0x00, 0x00, 0x00, 0x00, 0x00, 0x00, 0x34, 0xFF,
	0x28, 0xA8, 0xB4, 0x00, 0x00, 0x00, 0x00, 0x00, 0x00, 0x00, 0x34, 0xFF,
	0x28, 0xA8, 0xB4, 0x00, 0x00, 0x00, 0x00, 0x00, 0x00, 0x00, 0x34, 0xFF,
	0x28, 0xA8, 0xB4, 0x00, 0x00, 0x00, 0x00, 0x00, 0x00, 0x00, 0x34, 0xFF,
	0x28, 0xA8, 0xB4, 0x00, 0x00, 0x00, 0x00, 0x00, 0x00, 0x00, 0x34, 0xFF,
	0x28, 0xA8, 0xB4, 0x00, 0x00, 0x00, 0x00, 0x00, 0x00, 0x00, 0x34, 0xFF,
	0x28, 0xA8, 0xB4, 0x00, 0x00, 0x00, 0x00, 0x00, 0x00, 0x00, 0x34, 0xFF,
	0x28, 0xA8, 0xB4, 0x00, 0x00, 0x00, 0x00, 0x00, 0x00, 0x00, 0x34, 0xFF,
	0x28, 0xA8, 0xB4, 0x00, 0x00, 0x00, 0x00, 0x00, 0x00, 0x00, 0x34, 0xFF,
	0x28, 0xA8, 0xB4, 0x00, 0x00, 0x00, 0x00, 0x00, 0x00, 0x00, 0x34, 0xFF,
	0x28, 0xA8, 0xB4, 0x00, 0x00, 0x00, 0x00, 0x00, 0x00, 0x00, 0x34, 0xFF,
	0x28, 0xA8, 0xB4, 0x00, 0x00, 0x00, 0x00, 0x00, 0x00, 0x00, 0x34, 0xFF,
	0x28, 0xA8, 0xB4, 0x00, 0x00, 0x00, 0x00, 0x00, 0x00, 0x00, 0x34, 0xFF,
	0x28, 0xA8, 0xB4, 0x00, 0x00, 0x00, 0x00, 0x00, 0x00, 0x00, 0x34, 0xFF,
	0x28, 0xA8, 0xB4, 0x00, 0x00, 0x00, 0x00, 0x00, 0x00, 0x00, 0x34, 0xFF,
	0x28, 0xA8, 0xB4, 0x00, 0x00, 0x00, 0x00, 0x00, 0x00, 0x00, 0x34, 0xFF,
	0x28, 0xA8, 0xFF, 0xFF, 0xFF, 0xFF, 0xFF, 0xFF, 0xFF, 0xFF, 0xFF, 0xFF,
	0x28, 0xA8, 0xFF, 0xFF, 0xFF, 0xFF, 0xFF, 0xFF, 0xFF, 0xFF, 0xFF, 0xFF,
	0x28, 0xA8, 0xFF, 0xFF, 0xFF, 0xFF, 0xFF, 0xFF, 0xFF, 0xFF, 0xFF, 0xFF,
	0x28, 0xA8, 0xFF, 0xFF, 0xFF, 0xFF, 0xFF, 0xFF, 0xFF, 0xFF, 0xFF, 0xFF,
	0x28, 0xA8, 0xB4, 0x00, 0x00, 0x00, 0x00, 0x00, 0x00, 0x00, 0x34, 0xFF,
	0x28, 0xA8, 0xB4, 0x00, 0x00, 0x00, 0x00, 0x00, 0x00, 0x00, 0x34, 0xFF,
	0x28, 0xA8, 0xB4, 0x00, 0x00, 0x00, 0x00, 0x00, 0x00, 0x00, 0x34, 0xFF,
	0x28, 0xA8, 0xB4, 0x00, 0x00, 0x00, 0x00, 0x00, 0x00, 0x00, 0x34, 0xFF,
	0x28, 0xA8, 0xB4, 0x00, 0x00, 0x00, 0x00, 0x00, 0x00, 0x00, 0x34, 0xFF,
	0x28, 0xA8, 0xB4, 0x00, 0x00, 0x00, 0x00, 0x00, 0x00, 0x00, 0x34, 0xFF,
	0x28, 0xA8, 0xB4, 0x00, 0x00, 0x00, 0x00, 0x00, 0x00, 0x00, 0x34, 0xFF,
	0x28, 0xA8, 0xB4, 0x00, 0x00, 0x00, 0x00, 0x00, 0x00, 0x00, 0x34, 0xFF,
	0x28, 0xA8, 0xB4, 0x00, 0x00, 0x00, 0x00, 0x00, 0x00, 0x00, 0x34, 0xFF,
	0x28, 0xA8, 0xB4, 0x00, 0x00, 0x00, 0x00, 0x00, 0x00, 0x00, 0x34, 0xFF,
	0x28, 0xA8, 0xB4, 0x00, 0x00, 0x00, 0x00, 0x00, 0x00, 0x00, 0x34, 0xFF,
	0x28, 0xA8, 0xB4, 0x00, 0x00, 0x00, 0x00, 0x00, 0x00, 0x00, 0x34, 0xFF,
	0x28, 0xA8, 0xB4, 0x00, 0x00, 0x00, 0x00, 0x00, 0x00, 0x00, 0x34, 0xFF,
	0x28, 0xA8, 0xB4, 0x00, 0x00, 0x00, 0x00, 0x00, 0x00, 0x00, 0x34, 0xFF,
	0x28, 0xA8, 0xB4, 0x00, 0x00, 0x00, 0x00, 0x00, 0x00, 0x00, 0x34, 0xFF,
	0x28, 0xA8, 0xB4, 0x00, 0x00, 0x00, 0x00, 0x00, 0x00, 0x00, 0x34, 0xFF,
	0x28, 0xA8, 0xFF, 0xFF, 0xFF, 0xFF, 0xFF, 0xFF, 0xFF, 0xFF, 0xFF, 0xFF,
	0x28, 0xA8, 0xFF, 0xFF, 0xFF, 0xFF, 0xFF, 0xFF, 0xFF, 0xFF, 0xFF, 0xFF,
	0x28, 0xA8, 0xFF, 0xFF, 0xFF, 0xFF, 0xFF, 0xFF, 0xFF, 0xFF, 0xFF, 0xFF,
	0x28, 0xA8, 0xFF, 0xFF, 0xFF, 0xFF, 0xFF, 0xFF, 0xFF, 0xFF, 0xFF, 0xFF,
	0x28, 0xA8, 0xB4, 0x00, 0x00, 0x00, 0x00, 0x00, 0x00, 0x00, 0x34, 0xFF,
	0x28, 0xA8, 0xB4, 0x00, 0x00, 0x00, 0x00, 0x00, 0x00, 0x00, 0x34, 0xFF,
	0x28, 0xA8, 0xB4, 0x00, 0x00, 0x00, 0x00, 0x00, 0x00, 0x00, 0x34, 0xFF,
	0x28, 0xA8, 0xB4, 0x00, 0x00, 0x00, 0x00, 0x00, 0x00, 0x00, 0x34, 0xFF,
	0x28, 0xA8, 0xB4, 0x00, 0x00, 0x00, 0x00, 0x00, 0x00, 0x00, 0x34, 0xFF,
	0x28, 0xA8, 0xB4, 0x00, 0x00, 0x00, 0x00, 0x00, 0x00, 0x00, 0x34, 0xFF,
	0x28, 0xA8, 0xB4, 0x00, 0x00, 0x00, 0x00, 0x00, 0x00, 0x00, 0x34, 0xFF,
	0x28, 0xA8, 0xB4, 0x00, 0x00, 0x00, 0x00, 0x00, 0x00, 0x00, 0x34, 0xFF,
	0x28, 0xA8, 0xB4, 0x00, 0x00, 0x00, 0x00, 0x00, 0x00, 0x00, 0x34, 0xFF,
	0x28, 0xA8, 0xB4, 0x00, 0x00, 0x00, 0x00, 0x00, 0x00, 0x00, 0x34, 0xFF,
	0x28, 0xA8, 0xB4, 0x00, 0x00, 0x00, 0x00, 0x00, 0x00, 0x00, 0x34, 0xFF,
	0x28, 0xA8, 0xB4, 0x00, 0x00, 0x00, 0x00, 0x00, 0x00, 0x00, 0x34, 0xFF,
	0x28, 0xA8, 0xB4, 0x00, 0x00, 0x00, 0x00, 0x00, 0x00, 0x00, 0x34, 0xFF,
	0x28, 0xA8, 0xB4, 0x00, 0x00, 0x00, 0x00, 0x00, 0x00, 0x00, 0x34, 0xFF,
	0x28, 0xA8, 0xB4, 0x00, 0x00, 0x00, 0x00, 0x00, 0x00, 0x00, 0x34, 0xFF,
	0x28, 0xA8, 0xB4, 0x00, 0x00, 0x00, 0x00, 0x00, 0x00, 0x00, 0x34, 0xFF,
	0x28, 0xA8, 0xFF, 0xFF, 0xFF, 0xFF, 0xFF, 0xFF, 0xFF, 0xFF, 0xFF, 0xFF,
	0x28, 0xA8, 0xFF, 0xFF, 0xFF, 0xFF, 0xFF, 0xFF, 0xFF, 0xFF, 0xFF, 0xFF,
	0x28, 0xA8, 0xFF, 0xFF, 0xFF, 0xFF, 0xFF, 0xFF, 0xFF, 0xFF, 0xFF, 0xFF,
	0x28, 0xA8, 0xFF, 0xFF, 0xFF, 0xFF, 0xFF, 0xFF, 0xFF, 0xFF, 0xFF, 0xFF,
	0x28, 0xA8, 0xB4, 0x00, 0x00, 0x00, 0x00, 0x00, 0x00, 0x00, 0x34, 0xFF,
	0x28, 0xA8, 0xB4, 0x00, 0x00, 0x00, 0x00, 0x00, 0x00, 0x00, 0x34, 0xFF,
	0x28, 0xA8, 0xB4, 0x00, 0x00, 0x00, 0x00, 0x00, 0x00, 0x00, 0x34, 0xFF,
	0x28, 0xA8, 0xB4, 0x00, 0x00, 0x00, 0x00, 0x00, 0x00, 0x00, 0x34, 0xFF,
	0x28, 0xA8, 0xB4, 0x00, 0x00, 0x00, 0x00, 0x00, 0x00, 0x00, 0x34, 0xFF,
	0x28, 0xA8, 0xB4, 0x00, 0x00, 0x00, 0x00, 0x00, 0x00, 0x00, 0x34, 0xFF,
	0x28, 0xA8, 0xB4, 0x00, 0x00, 0x00, 0x00, 0x00, 0x00, 0x00, 0x34, 0xFF,
	0x28, 0xA8, 0xB4, 0x00, 0x00, 0x00, 0x00, 0x00, 0x00, 0x00, 0x34, 0xFF,
	0x28, 0xA8, 0xB4, 0x00, 0x00, 0x00, 0x00, 0x00, 0x00, 0x00, 0x34, 0xFF,
	0x28, 0xA8, 0xB4, 0x00, 0x00, 0x00, 0x00, 0x00, 0x00, 0x00, 0x34, 0xFF,
	0x28, 0xA8, 0xB4, 0x00, 0x00, 0x00, 0x00, 0x00, 0x00, 0x00, 0x34, 0xFF,
	0x28, 0xA8, 0xB4, 0x00, 0x00, 0x00, 0x00, 0x00, 0x00, 0x00, 0x34, 0xFF,
	0x28, 0xA8, 0xB4, 0x00, 0x00, 0x00, 0x00, 0x00, 0x00, 0x00, 0x34, 0xFF,
	0x28, 0xA8, 0xB4, 0x00, 0x00, 0x00, 0x00, 0x00, 0x00, 0x00, 0x34, 0xFF,
	0x28, 0xA8, 0xB4, 0x00, 0x00, 0x00, 0x00, 0x00, 0x00, 0x00, 0x34, 0xFF,
	0x28, 0xA8, 0xB4, 0x00, 0x00, 0x00, 0x00, 0x00, 0x00, 0x00, 0x34, 0xFF,
	0x28, 0xA8, 0xFF, 0xFF, 0xFF, 0xFF, 0xFF, 0xFF, 0xFF, 0xFF, 0xFF, 0xFF,
	0x28, 0xA8, 0xFF, 0xFF, 0xFF, 0xFF, 0xFF, 0xFF, 0xFF, 0xFF, 0xFF, 0xFF,
	0x28, 0xA8, 0xFF, 0xFF, 0xFF, 0xFF, 0xFF, 0xFF, 0xFF, 0xFF, 0xFF, 0xFF,
	0x28, 0xA8, 0xFF, 0xFF, 0xFF, 0xFF, 0xFF, 0xFF, 0xFF, 0xFF, 0xFF, 0xFF,
	0x28, 0xA8, 0xB4, 0x00, 0x00, 0x00, 0x00, 0x00, 0x00, 0x00, 0x34, 0xFF,
	0x28, 0xA8, 0xB4, 0x00, 0x00, 0x00, 0x00, 0x00, 0x00, 0x00, 0x34, 0xFF,
	0x28, 0xA8, 0xB4, 0x00, 0x00, 0x00, 0x00, 0x00, 0x00, 0x00, 0x34, 0xFF,
	0x28, 0xA8, 0xB4, 0x00, 0x00, 0x00, 0x00, 0x00, 0x00, 0x00, 0x34, 0xFF,
	0x28, 0xA8, 0xB4, 0x00, 0x00, 0x00, 0x00, 0x00, 0x00, 0x00, 0x34, 0xFF,
	0x28, 0xA8, 0xB4, 0x00, 0x00, 0x00, 0x00, 0x00, 0x00, 0x00, 0x34, 0xFF,
	0x28, 0xA8, 0xB4, 0x00, 0x00, 0x00, 0x00, 0x00, 0x00, 0x00, 0x34, 0xFF,
	0x28, 0xA8, 0xB4, 0x00, 0x00, 0x00, 0x00, 0x00, 0x00, 0x00, 0x34, 0xFF,
	0x28, 0xA8, 0xB4, 0x00, 0x00, 0x00, 0x00, 0x00, 0x00, 0x00, 0x34, 0xFF,
	0x28, 0xA8, 0xB4, 0x00, 0x00, 0x00, 0x00, 0x00, 0x00, 0x00, 0x34, 0xFF,
	0x28, 0xA8, 0xB4, 0x00, 0x00, 0x00, 0x00, 0x00, 0x00, 0x00, 0x34, 0xFF,
	0x28, 0xA8, 0xB4, 0x00, 0x00, 0x00, 0x00, 0x00, 0x00, 0x00, 0x34, 0xFF,
	0x28, 0xA8, 0xB4, 0x00, 0x00, 0x00, 0x00, 0x00, 0x00, 0x00, 0x34, 0xFF,
	0x28, 0xA8, 0xB4, 0x00, 0x00, 0x00, 0x00, 0x00, 0x00, 0x00, 0x34, 0xFF,
	0x28, 0xA8, 0xB4, 0x00, 0x00, 0x00, 0x00, 0x00, 0x00, 0x00, 0x34, 0xFF,
	0x28, 0xA8, 0xB4, 0x00, 0x00, 0x00, 0x00, 0x00, 0x00, 0x00, 0x34, 0xFF,
	0x28, 0xA8, 0xFF, 0xFF, 0xFF, 0xFF, 0xFF, 0xFF, 0xFF, 0xFF, 0xFF, 0xFF,
	0x28, 0xA8, 0xFF, 0xFF, 0xFF, 0xFF, 0xFF, 0xFF, 0xFF, 0xFF, 0xFF, 0xFF,
	0x28, 0xA8, 0xFF, 0xFF, 0xFF, 0xFF, 0xFF, 0xFF, 0xFF, 0xFF, 0xFF, 0xFF,
	0x28, 0xA8, 0xFF, 0xFF, 0xFF, 0xFF, 0xFF, 0xFF, 0xFF, 0xFF, 0xFF, 0xFF,
	0x28, 0xA8, 0xB4, 0x00, 0x00, 0x00, 0x00, 0x00, 0x00, 0x00, 0x34, 0xFF,
	0x28, 0xA8, 0xB4, 0x00, 0x00, 0x00, 0x00, 0x00, 0x00, 0x00, 0x34, 0xFF,
	0x28, 0xA8, 0xB4, 0x00, 0x00, 0x00, 0x00, 0x00, 0x00, 0x00, 0x34, 0xFF,
	0x28, 0xA8, 0xB4, 0x00, 0x00, 0x00, 0x00, 0x00, 0x00, 0x00, 0x34, 0xFF,
	0x28, 0xA8, 0xB4, 0x00, 0x00, 0x00, 0x00, 0x00, 0x00, 0x00, 0x34, 0xFF,
	0x28, 0xA8, 0xB4, 0x00, 0x00, 0x00, 0x00, 0x00, 0x00, 0x00, 0x34, 0xFF,
	0x28, 0xA8, 0xB4, 0x00, 0x00, 0x00, 0x00, 0x00, 0x00, 0x00, 0x34, 0xFF,
	0x28, 0xA8, 0xB4, 0x00, 0x00, 0x00, 0x00, 0x00, 0x00, 0x00, 0x34, 0xFF,
	0x28, 0xA8, 0xB4, 0x00, 0x00, 0x00, 0x00, 0x00, 0x00, 0x00, 0x34, 0xFF,
	0x28, 0xA8, 0xB4, 0x00, 0x00, 0x00, 0x00, 0x00, 0x00, 0x00, 0x34, 0xFF,
	0x28, 0xA8, 0xB4, 0x00, 0x00, 0x00, 0x00, 0x00, 0x00, 0x00, 0x34, 0xFF,
	0x28, 0xA8, 0xB4, 0x00, 0x00, 0x00, 0x00, 0x00, 0x00, 0x00, 0x34, 0xFF,
	0x28, 0xA8, 0xB4, 0x00, 0x00, 0x00, 0x00, 0x00, 0x00, 0x00, 0x34, 0xFF,
	0x28, 0xA8, 0xB4, 0x00, 0x00, 0x00, 0x00, 0x00, 0x00, 0x00, 0x34, 0xFF,
	0x28, 0xA8, 0xB4, 0x00, 0x00, 0x00, 0x00, 0x00, 0x00, 0x00, 0x34, 0xFF,
	0x28, 0xA8, 0xB4, 0x00, 0x00, 0x00, 0x00, 0x00, 0x00, 0x00, 0x34, 0xFF,
	0x28, 0xA8, 0xFF, 0xFF, 0xFF, 0xFF, 0xFF, 0xFF, 0xFF, 0xFF, 0xFF, 0xFF,
	0x28, 0xA8, 0xFF, 0xFF, 0xFF, 0xFF, 0xFF, 0xFF, 0xFF, 0xFF, 0xFF, 0xFF,
	0x28, 0xA8, 0xFF, 0xFF, 0xFF, 0xFF, 0xFF, 0xFF, 0xFF, 0xFF, 0xFF, 0xFF,
	0x28, 0xA8, 0xFF, 0xFF, 0xFF, 0xFF, 0xFF, 0xFF, 0xFF, 0xFF, 0xFF, 0xFF,
	0x28, 0xA8, 0xB4, 0x00, 0x00, 0x00, 0x00, 0x00, 0x00, 0x00, 0x34, 0xFF,
	0x28, 0xA8, 0xB4, 0x00, 0x00, 0x00, 0x00, 0x00, 0x00, 0x00, 0x34, 0xFF,
	0x28, 0xA8, 0xB4, 0x00, 0x00, 0x00, 0x00, 0x00, 0x00, 0x00, 0x34, 0xFF,
	0x28, 0xA8, 0xB4, 0x00, 0x00, 0x00, 0x00, 0x00, 0x00, 0x00, 0x34, 0xFF,
	0x28, 0xA8, 0xB4, 0x00, 0x00, 0x00, 0x00, 0x00, 0x00, 0x00, 0x34, 0xFF,
	0x28, 0xA8, 0xB4, 0x00, 0x00, 0x00, 0x00, 0x00, 0x00, 0x00, 0x34, 0xFF,
	0x28, 0xA8, 0xB4, 0x00, 0x00, 0x00, 0x00, 0x00, 0x00, 0x00, 0x34, 0xFF,
	0x28, 0xA8, 0xB4, 0x00, 0x00, 0x00, 0x00, 0x00, 0x00, 0x00, 0x34, 0xFF,
	0x28, 0xA8, 0xB4, 0x00, 0x00, 0x00, 0x00, 0x00, 0x00, 0x00, 0x34, 0xFF,
	0x28, 0xA8, 0xB4, 0x00, 0x00, 0x00, 0x00, 0x00, 0x00, 0x00, 0x34, 0xFF,
	0x28, 0xA8, 0xB4, 0x00, 0x00, 0x00, 0x00, 0x00, 0x00, 0x00, 0x34, 0xFF,
	0x28, 0xA8, 0xB4, 0x00, 0x00, 0x00, 0x00, 0x00, 0x00, 0x00, 0x34, 0xFF,
	0x28, 0xA8, 0xB4, 0x00, 0x00, 0x00, 0x00, 0x00, 0x00, 0x00, 0x34, 0xFF,
	0x28, 0xA8, 0xB4, 0x00, 0x00, 0x00, 0x00, 0x00, 0x00, 0x00, 0x34, 0xFF,
	0x28, 0xA8, 0xB4, 0x00, 0x00, 0x00, 0x00, 0x00, 0x00, 0x00, 0x34, 0xFF,
	0x28, 0xA8, 0xB4, 0x00, 0x00, 0x00, 0x00, 0x00, 0x00, 0x00, 0x34, 0xFF,
	0x28, 0xA8, 0xFF, 0xFF, 0xFF, 0xFF, 0xFF, 0xFF, 0xFF, 0xFF, 0xFF, 0xFF,
	0x28, 0xA8, 0xFF, 0xFF, 0xFF, 0xFF, 0xFF, 0xFF, 0xFF, 0xFF, 0xFF, 0xFF,
	0x28, 0xA8, 0xFF, 0xFF, 0xFF, 0xFF, 0xFF, 0xFF, 0xFF, 0xFF, 0xFF, 0xFF,
	0x28, 0xA8, 0xFF, 0xFF, 0xFF, 0xFF, 0xFF, 0xFF, 0xFF, 0xFF, 0xFF, 0xFF,
	0x28, 0xA8, 0xB4, 0x00, 0x00, 0x00, 0x00, 0x00, 0x00, 0x00, 0x34, 0xFF,
	0x28, 0xA8, 0xB4, 0x00, 0x00, 0x00, 0x00, 0x00, 0x00, 0x00, 0x34, 0xFF,
	0x28, 0xA8, 0xB4, 0x00, 0x00, 0x00, 0x00, 0x00, 0x00, 0x00, 0x34, 0xFF,
	0x28, 0xA8, 0xB4, 0x00, 0x00, 0x00, 0x00, 0x00, 0x00, 0x00, 0x34, 0xFF,
	0x28, 0xA8, 0xB4, 0x00, 0x00, 0x00, 0x00, 0x00, 0x00, 0x00, 0x34, 0xFF,
	0x28, 0xA8, 0xB4, 0x00, 0x00, 0x00, 0x00, 0x00, 0x00, 0x00, 0x34, 0xFF,
	0x28, 0xA8, 0xB4, 0x00, 0x00, 0x00, 0x00, 0x00, 0x00, 0x00, 0x34, 0xFF,
	0x28, 0xA8, 0xB4, 0x00, 0x00, 0x00, 0x00, 0x00, 0x00, 0x00, 0x34, 0xFF,
	0x28, 0xA8, 0xB4, 0x00, 0x00, 0x00, 0x00, 0x00, 0x00, 0x00, 0x34, 0xFF,
	0x28, 0xA8, 0xB4, 0x00, 0x00, 0x00, 0x00, 0x00, 0x00, 0x00, 0x34, 0xFF,
	0x28, 0xA8, 0xB4, 0x00, 0x00, 0x00, 0x00, 0x00, 0x00, 0x00, 0x34, 0xFF,
	0x28, 0xA8, 0xB4, 0x00, 0x00, 0x00, 0x00, 0x00, 0x00, 0x00, 0x34, 0xFF,
	0x28, 0xA8, 0xB4, 0x00, 0x00, 0x00, 0x00, 0x00, 0x00, 0x00, 0x34, 0xFF,
	0x28, 0xA8, 0xB4, 0x00, 0x00, 0x00, 0x00, 0x00, 0x00, 0x00, 0x34, 0xFF,
	0x28, 0xA8, 0xB4, 0x00, 0x00, 0x00, 0x00, 0x00, 0x00, 0x00, 0x34, 0xFF,
	0x28, 0xA8, 0xB4, 0x00, 0x00, 0x00, 0x00, 0x00, 0x00, 0x00, 0x34, 0xFF,
	0x28, 0xA8, 0xFF, 0xFF, 0xFF, 0xFF, 0xFF, 0xFF, 0xFF, 0xFF, 0xFF, 0xFF,
	0x28, 0xA8, 0xFF, 0xFF, 0xFF, 0xFF, 0xFF, 0xFF, 0xFF, 0xFF, 0xFF, 0xFF,
	0x28, 0xA8, 0xFF, 0xFF, 0xFF, 0xFF, 0xFF, 0xFF, 0xFF, 0xFF, 0xFF, 0xFF,
	0x28, 0xA8, 0xFF, 0xFF, 0xFF, 0xFF, 0xFF, 0xFF, 0xFF, 0xFF, 0xFF, 0xFF,
	0x28, 0xA8, 0xB4, 0x00, 0x00, 0x00, 0x00, 0x00, 0x00, 0x00, 0x34, 0xFF,
	0x28, 0xA8, 0xB4, 0x00, 0x00, 0x00, 0x00, 0x00, 0x00, 0x00, 0x34, 0xFF,
	0x28, 0xA8, 0xB4, 0x00, 0x00, 0x00, 0x00, 0x00, 0x00, 0x00, 0x34, 0xFF,
	0x28, 0xA8, 0xB4, 0x00, 0x00, 0x00, 0x00, 0x00, 0x00, 0x00, 0x34, 0xFF,
	0x28, 0xA8, 0xB4, 0x00, 0x00, 0x00, 0x00, 0x00, 0x00, 0x00, 0x34, 0xFF,
	0x28, 0xA8, 0xB4, 0x00, 0x00, 0x00, 0x00, 0x00, 0x00, 0x00, 0x34, 0xFF,
	0x28, 0xA8, 0xB4, 0x00, 0x00, 0x00, 0x00, 0x00, 0x00, 0x00, 0x34, 0xFF,
	0x28, 0xA8, 0xB4, 0x00, 0x00, 0x00, 0x00, 0x00, 0x00, 0x00, 0x34, 0xFF,
	0x28, 0xA8, 0xB4, 0x00, 0x00, 0x00, 0x00, 0x00, 0x00, 0x00, 0x34, 0xFF,
	0x28, 0xA8, 0xB4, 0x00, 0x00, 0x00, 0x00, 0x00, 0x00, 0x00, 0x34, 0xFF,
	0x28, 0xA8, 0xB4, 0x00, 0x00, 0x00, 0x00, 0x00, 0x00, 0x00, 0x34, 0xFF,
	0x28, 0xA8, 0xB4, 0x00, 0x00, 0x00, 0x00, 0x00, 0x00, 0x00, 0x34, 0xFF,
	0x28, 0xA8, 0xB4, 0x00, 0x00, 0x00, 0x00, 0x00, 0x00, 0x00, 0x34, 0xFF,
	0x28, 0xA8, 0xB4, 0x00, 0x00, 0x00, 0x00, 0x00, 0x00, 0x00, 0x34, 0xFF,
	0x28, 0xA8, 0xB4, 0x00, 0x00, 0x00, 0x00, 0x00, 0x00, 0x00, 0x34, 0xFF,
	0x28, 0xA8, 0xB4, 0x00, 0x00, 0x00, 0x00, 0x00, 0x00, 0x00, 0x34, 0xFF,
	0x28, 0xA8, 0xFF, 0xFF, 0xFF, 0xFF, 0xFF, 0xFF, 0xFF, 0xFF, 0xFF, 0xFF,
	0x28, 0xA8, 0xFF, 0xFF, 0xFF, 0xFF, 0xFF, 0xFF, 0xFF, 0xFF, 0xFF, 0xFF,
	0x28, 0xA8, 0xFF, 0xFF, 0xFF, 0xFF, 0xFF, 0xFF, 0xFF, 0xFF, 0xFF, 0xFF,
	0x28, 0xA8, 0xFF, 0xFF, 0xFF, 0xFF, 0xFF, 0xFF, 0xFF, 0xFF, 0xFF, 0xFF,
	0x28, 0xA8, 0xB4, 0x00, 0x00, 0x00, 0x00, 0x00, 0x00, 0x00, 0x34, 0xFF,
	0x28, 0xA8, 0xB4, 0x00, 0x00, 0x00, 0x00, 0x00, 0x00, 0x00, 0x34, 0xFF,
	0x28, 0xA8, 0xB4, 0x00, 0x00, 0x00, 0x00, 0x00, 0x00, 0x00, 0x34, 0xFF,
	0x28, 0xA8, 0xB4, 0x00, 0x00, 0x00, 0x00, 0x00, 0x00, 0x00, 0x34, 0xFF,
	0x28, 0xA8, 0xB4, 0x00, 0x00, 0x00, 0x00, 0x00, 0x00, 0x00, 0x34, 0xFF,
	0x28, 0xA8, 0xB4, 0x00, 0x00, 0x00, 0x00, 0x00, 0x00, 0x00, 0x34, 0xFF,
	0x28, 0xA8, 0xB4, 0x00, 0x00, 0x00, 0x00, 0x00, 0x00, 0x00, 0x34, 0xFF,
	0x28, 0xA8, 0xB4, 0x00, 0x00, 0x00, 0x00, 0x00, 0x00, 0x00, 0x34, 0xFF,
	0x28, 0xA8, 0xB4, 0x00, 0x00, 0x00, 0x00, 0x00, 0x00, 0x00, 0x34, 0xFF,
	0x28, 0xA8, 0xB4, 0x00, 0x00, 0x00, 0x00, 0x00, 0x00, 0x00, 0x34, 0xFF,
	0x28, 0xA8, 0xB4, 0x00, 0x00, 0x00, 0x00, 0x00, 0x00, 0x00, 0x34, 0xFF,
	0x28, 0xA8, 0xB4, 0x00, 0x00, 0x00, 0x00, 0x00, 0x00, 0x00, 0x34, 0xFF,
	0x28, 0xA8, 0xB4, 0x00, 0x00, 0x00, 0x00, 0x00, 0x00, 0x00, 0x34, 0xFF,
	0x28, 0xA8, 0xB4, 0x00, 0x00, 0x00, 0x00, 0x00, 0x00, 0x00, 0x34, 0xFF,
	0x28, 0xA8, 0xB4, 0x00, 0x00, 0x00, 0x00, 0x00, 0x00, 0x00, 0x34, 0xFF,
	0x28, 0xA8, 0xB4, 0x00, 0x00, 0x00, 0x00, 0x00, 0x00, 0x00, 0x34, 0xFF,
	0x28, 0xA8, 0xFF, 0xFF, 0xFF, 0xFF, 0xFF, 0xFF, 0xFF, 0xFF, 0xFF, 0xFF,
	0x28, 0xA8, 0xFF, 0xFF, 0xFF, 0xFF, 0xFF, 0xFF, 0xFF, 0xFF, 0xFF, 0xFF,
	0x28, 0xA8, 0xFF, 0xFF, 0xFF, 0xFF, 0xFF, 0xFF, 0xFF, 0xFF, 0xFF, 0xFF,
	0x28, 0xA8, 0xFF, 0xFF, 0xFF, 0xFF, 0xFF, 0xFF, 0xFF, 0xFF, 0xFF, 0xFF,
	0x28, 0xA8, 0xB4, 0x00, 0x00, 0x00, 0x00, 0x00, 0x00, 0x00, 0x34, 0xFF,
	0x28, 0xA8, 0xB4, 0x00, 0x00, 0x00, 0x00, 0x00, 0x00, 0x00, 0x34, 0xFF,
	0x28, 0xA8, 0xB4, 0x00, 0x00, 0x00, 0x00, 0x00, 0x00, 0x00, 0x34, 0xFF,
	0x28, 0xA8, 0xB4, 0x00, 0x00, 0x00, 0x00, 0x00, 0x00, 0x00, 0x34, 0xFF,
	0x28, 0xA8, 0xB4, 0x00, 0x00, 0x00, 0x00, 0x00, 0x00, 0x00, 0x34, 0xFF,
	0x28, 0xA8, 0xB4, 0x00, 0x00, 0x00, 0x00, 0x00, 0x00, 0x00, 0x34, 0xFF,
	0x28, 0xA8, 0xB4, 0x00, 0x00, 0x00, 0x00, 0x00, 0x00, 0x00, 0x34, 0xFF,
	0x28, 0xA8, 0xB4, 0x00, 0x00, 0x00, 0x00, 0x00, 0x00, 0x00, 0x34, 0xFF,
	0x28, 0xA8, 0xB4, 0x00, 0x00, 0x00, 0x00, 0x00, 0x00, 0x00, 0x34, 0xFF,
	0x28, 0xA8, 0xB4, 0x00, 0x00, 0x00, 0x00, 0x00, 0x00, 0x00, 0x34, 0xFF,
	0x28, 0xA8, 0xB4, 0x00, 0x00, 0x00, 0x00, 0x00, 0x00, 0x00, 0x34, 0xFF,
	0x28, 0xA8, 0xB4, 0x00, 0x00, 0x00, 0x00, 0x00, 0x00, 0x00, 0x34, 0xFF,
	0x28, 0xA8, 0xB4, 0x00, 0x00, 0x00, 0x00, 0x00, 0x00, 0x00, 0x34, 0xFF,
	0x28, 0xA8, 0xB4, 0x00, 0x00, 0x00, 0x00, 0x00, 0x00, 0x00, 0x34, 0xFF,
	0x28, 0xA8, 0xB4, 0x00, 0x00, 0x00, 0x00, 0x00, 0x00, 0x00, 0x34, 0xFF,
	0x28, 0xA8, 0xB4, 0x00, 0x00, 0x00, 0x00, 0x00, 0x00, 0x00, 0x34, 0xFF,
	0x28, 0xA8, 0xFF, 0xFF, 0xFF, 0xFF, 0xFF, 0xFF, 0xFF, 0xFF, 0xFF, 0xFF,
	0x28, 0xA8, 0xFF, 0xFF, 0xFF, 0xFF, 0xFF, 0xFF, 0xFF, 0xFF, 0xFF, 0xFF,
	0x28, 0xA8, 0xFF, 0xFF, 0xFF, 0xFF, 0xFF, 0xFF, 0xFF, 0xFF, 0xFF, 0xFF,
	0x28, 0xA8, 0xFF, 0xFF, 0xFF, 0xFF, 0xFF, 0xFF, 0xFF, 0xFF, 0xFF, 0xFF,
	0x28, 0xA8, 0xB4, 0x00, 0x00, 0x00, 0x00, 0x00, 0x00, 0x00, 0x34, 0xFF,
	0x28, 0xA8, 0xB4, 0x00, 0x00, 0x00, 0x00, 0x00, 0x00, 0x00, 0x34, 0xFF,
	0x28, 0xA8, 0xB4, 0x00, 0x00, 0x00, 0x00, 0x00, 0x00, 0x00, 0x34, 0xFF,
	0x28, 0xA8, 0xB4, 0x00, 0x00, 0x00, 0x00, 0x00, 0x00, 0x00, 0x34, 0xFF,
	0x28, 0xA8, 0xB4, 0x00, 0x00, 0x00, 0x00, 0x00, 0x00, 0x00, 0x34, 0xFF,
	0x28, 0xA8, 0xB4, 0x00, 0x00, 0x00, 0x00, 0x00, 0x00, 0x00, 0x34, 0xFF,
	0x28, 0xA8, 0xB4, 0x00, 0x00, 0x00, 0x00, 0x00, 0x00, 0x00, 0x34, 0xFF,
	0x28, 0xA8, 0xB4, 0x00, 0x00, 0x00, 0x00, 0x00, 0x00, 0x00, 0x34, 0xFF,
	0x28, 0xA8, 0xB4, 0x00, 0x00, 0x00, 0x00, 0x00, 0x00, 0x00, 0x34, 0xFF,
	0x28, 0xA8, 0xB4, 0x00, 0x00, 0x00, 0x00, 0x00, 0x00, 0x00, 0x34, 0xFF,
	0x28, 0xA8, 0xB4, 0x00, 0x00, 0x00, 0x00, 0x00, 0x00, 0x00, 0x34, 0xFF,
	0x28, 0xA8, 0xB4, 0x00, 0x00, 0x00, 0x00, 0x00, 0x00, 0x00, 0x34, 0xFF,
	0x28, 0xA8, 0xB4, 0x00, 0x00, 0x00, 0x00, 0x00, 0x00, 0x00, 0x34, 0xFF,
	0x28, 0xA8, 0xB4, 0x00, 0x00, 0x00, 0x00, 0x00, 0x00, 0x00, 0x34, 0xFF,
	0x28, 0xA8, 0xB4, 0x00, 0x00, 0x00, 0x00, 0x00, 0x00, 0x00, 0x34, 0xFF,
	0x28, 0xA8, 0xB4, 0x00, 0x00, 0x00, 0x00, 0x00, 0x00, 0x00, 0x34, 0xFF,
	0x28, 0xA8, 0xFF, 0xFF, 0xFF, 0xFF, 0xFF, 0xFF, 0xFF, 0xFF, 0xFF, 0xFF,
	0x28, 0xA8, 0xFF, 0xFF, 0xFF, 0xFF, 0xFF, 0xFF, 0xFF, 0xFF, 0xFF, 0xFF,
	0x28, 0xA8, 0xFF, 0xFF, 0xFF, 0xFF, 0xFF, 0xFF, 0xFF, 0xFF, 0xFF, 0xFF,
	0x28, 0xA8, 0xFF, 0xFF, 0xFF, 0xFF, 0xFF, 0xFF, 0xFF, 0xFF, 0xFF, 0xFF,
	0x28, 0xA8, 0xB4, 0x00, 0x00, 0x00, 0x00, 0x00, 0x00, 0x00, 0x34, 0xFF,
	0x28, 0xA8, 0xB4, 0x00, 0x00, 0x00, 0x00, 0x00, 0x00, 0x00, 0x34, 0xFF,
	0x28, 0xA8, 0xB4, 0x00, 0x00, 0x00, 0x00, 0x00, 0x00, 0x00, 0x34, 0xFF,
	0x28, 0xA8, 0xB4, 0x00, 0x00, 0x00, 0x00, 0x00, 0x00, 0x00, 0x34, 0xFF,
	0x28, 0xA8, 0xB4, 0x00, 0x00, 0x00, 0x00, 0x00, 0x00, 0x00, 0x34, 0xFF,
	0x28, 0xA8, 0xB4, 0x00, 0x00, 0x00, 0x00, 0x00, 0x00, 0x00, 0x34, 0xFF,
	0x28, 0xA8, 0xB4, 0x00, 0x00, 0x00, 0x00, 0x00, 0x00, 0x00, 0x34, 0xFF,
	0x28, 0xA8, 0xB4, 0x00, 0x00, 0x00, 0x00, 0x00, 0x00, 0x00, 0x34, 0xFF,
	0x28, 0xA8, 0xB4, 0x00, 0x00, 0x00, 0x00, 0x00, 0x00, 0x00, 0x34, 0xFF,
	0x28, 0xA8, 0xB4, 0x00, 0x00, 0x00, 0x00, 0x00, 0x00, 0x00, 0x34, 0xFF,
	0x28, 0xA8, 0xB4, 0x00, 0x00, 0x00, 0x00, 0x00, 0x00, 0x00, 0x34, 0xFF,
	0x28, 0xA8, 0xB4, 0x00, 0x00, 0x00, 0x00, 0x00, 0x00, 0x00, 0x34, 0xFF,
	0x28, 0xA8, 0xB4, 0x00, 0x00, 0x00, 0x00, 0x00, 0x00, 0x00, 0x34, 0xFF,
	0x28, 0xA8, 0xB4, 0x00, 0x00, 0x00, 0x00, 0x00, 0x00, 0x00, 0x34, 0xFF,
	0x28, 0xA8, 0xB4, 0x00, 0x00, 0x00, 0x00, 0x00, 0x00, 0x00, 0x34, 0xFF,
	0x28, 0xA8, 0xB4, 0x00, 0x00, 0x00, 0x00, 0x00, 0x00, 0x00, 0x34, 0xFF,
	0x28, 0xA8, 0xFF, 0xFF, 0xFF, 0xFF, 0xFF, 0xFF, 0xFF, 0xFF, 0xFF, 0xFF,
	0x28, 0xA8, 0xFF, 0xFF, 0xFF, 0xFF, 0xFF, 0xFF, 0xFF, 0xFF, 0xFF, 0xFF,
	0x28, 0xA8, 0xFF, 0xFF, 0xFF, 0xFF, 0xFF, 0xFF, 0xFF, 0xFF, 0xFF, 0xFF,
	0x28, 0xA8, 0xFF, 0xFF, 0xFF, 0xFF, 0xFF, 0xFF, 0xFF, 0xFF, 0xFF, 0xFF,
	0x28, 0xA8, 0xB4, 0x00, 0x00, 0x00, 0x00, 0x00, 0x00, 0x00, 0x34, 0xFF,
	0x28, 0xA8, 0xB4, 0x00, 0x00, 0x00, 0x00, 0x00, 0x00, 0x00, 0x34, 0xFF,
	0x28, 0xA8, 0xB4, 0x00, 0x00, 0x00, 0x00, 0x00, 0x00, 0x00, 0x34, 0xFF,
	0x28, 0xA8, 0xB4, 0x00, 0x00, 0x00, 0x00, 0x00, 0x00, 0x00, 0x34, 0xFF,
	0x28, 0xA8, 0xB4, 0x00, 0x00, 0x00, 0x00, 0x00, 0x00, 0x00, 0x34, 0xFF,
	0x28, 0xA8, 0xB4, 0x00, 0x00, 0x00, 0x00, 0x00, 0x00, 0x00, 0x34, 0xFF,
	0x28, 0xA8, 0xB4, 0x00, 0x00, 0x00, 0x00, 0x00, 0x00, 0x00, 0x34, 0xFF,
	0x28, 0xA8, 0xB4, 0x00, 0x00, 0x00, 0x00, 0x00, 0x00, 0x00, 0x34, 0xFF,
	0x28, 0xA8, 0xB4, 0x00, 0x00, 0x00, 0x00, 0x00, 0x00, 0x00, 0x34, 0xFF,
	0x28, 0xA8, 0xB4, 0x00, 0x00, 0x00, 0x00, 0x00, 0x00, 0x00, 0x34, 0xFF,
	0x28, 0xA8, 0xB4, 0x00, 0x00, 0x00, 0x00, 0x00, 0x00, 0x00, 0x34, 0xFF,
	0x28, 0xA8, 0xB4, 0x00, 0x00, 0x00, 0x00, 0x00, 0x00, 0x00, 0x34, 0xFF,
	0x28, 0xA8, 0xB4, 0x00, 0x00, 0x00, 0x00, 0x00, 0x00, 0x00, 0x34, 0xFF,
	0x28, 0xA8, 0xB4, 0x00, 0x00, 0x00, 0x00, 0x00, 0x00, 0x00, 0x34, 0xFF,
	0x28, 0xA8, 0xB4, 0x00, 0x00, 0x00, 0x00, 0x00, 0x00, 0x00, 0x34, 0xFF,
	0x28, 0xA8, 0xB4, 0x00, 0x00, 0x00, 0x00, 0x00, 0x00, 0x00, 0x34, 0xFF,
	0x28, 0xA8, 0xFF, 0xFF, 0xFF, 0xFF, 0xFF, 0xFF, 0xFF, 0xFF, 0xFF, 0xFF,
	0x28, 0xA8, 0xFF, 0xFF, 0xFF, 0xFF, 0xFF, 0xFF, 0xFF, 0xFF, 0xFF, 0xFF,
	0x28, 0xA8, 0xFF, 0xFF, 0xFF, 0xFF, 0xFF, 0xFF, 0xFF, 0xFF, 0xFF, 0xFF,
	0x28, 0xA8, 0xFF, 0xFF, 0xFF, 0xFF, 0xFF, 0xFF, 0xFF, 0xFF, 0xFF, 0xFF,
	0x28, 0xA8, 0xB4, 0x00, 0x00, 0x00, 0x00, 0x00, 0x00, 0x00, 0x34, 0xFF,
	0x28, 0xA8, 0xB4, 0x00, 0x00, 0x00, 0x00, 0x00, 0x00, 0x00, 0x34, 0xFF,
	0x28, 0xA8, 0xB4, 0x00, 0x00, 0x00, 0x00, 0x00, 0x00, 0x00, 0x34, 0xFF,
	0x28, 0xA8, 0xB4, 0x00, 0x00, 0x00, 0x00, 0x00, 0x00, 0x00, 0x34, 0xFF,
	0x28, 0xA8, 0xB4, 0x00, 0x00, 0x00, 0x00, 0x00, 0x00, 0x00, 0x34, 0xFF,
	0x28, 0xA8, 0xB4, 0x00, 0x00, 0x00, 0x00, 0x00, 0x00, 0x00, 0x34, 0xFF,
	0x28, 0xA8, 0xB4, 0x00, 0x00, 0x00, 0x00, 0x00, 0x00, 0x00, 0x34, 0xFF,
	0x28, 0xA8, 0xB4, 0x00, 0x00, 0x00, 0x00, 0x00, 0x00, 0x00, 0x34, 0xFF,
	0x28, 0xA8, 0xB4, 0x00, 0x00, 0x00, 0x00, 0x00, 0x00, 0x00, 0x34, 0xFF,
	0x28, 0xA8, 0xB4, 0x00, 0x00, 0x00, 0x00, 0x00, 0x00, 0x00, 0x34, 0xFF,
	0x28, 0xA8, 0xB4, 0x00, 0x00, 0x00, 0x00, 0x00, 0x00, 0x00, 0x34, 0xFF,
	0x28, 0xA8, 0xB4, 0x00, 0x00, 0x00, 0x00, 0x00, 0x00, 0x00, 0x34, 0xFF,
	0x28, 0xA8, 0xB4, 0x00, 0x00, 0x00, 0x00, 0x00, 0x00, 0x00, 0x34, 0xFF,
	0x28, 0xA8, 0xB4, 0x00, 0x00, 0x00, 0x00, 0x00, 0x00, 0x00, 0x34, 0xFF,
	0x28, 0xA8, 0xB4, 0x00, 0x00, 0x00, 0x00, 0x00, 0x00, 0x00, 0x34, 0xFF,
	0x28, 0xA8, 0xB4, 0x00, 0x00, 0x00, 0x00, 0x00, 0x00, 0x00, 0x34, 0xFF,
	0x28, 0xA8, 0xFF, 0xFF, 0xFF, 0xFF, 0xFF, 0xFF, 0xFF, 0xFF, 0xFF, 0xFF,
	0x28, 0xA8, 0xFF, 0xFF, 0xFF, 0xFF, 0xFF, 0xFF, 0xFF, 0xFF, 0xFF, 0xFF,
	0x28, 0xA8, 0xFF, 0xFF, 0xFF, 0xFF, 0xFF, 0xFF, 0xFF, 0xFF, 0xFF, 0xFF,
	0x28, 0xA8, 0xFF, 0xFF, 0xFF, 0xFF, 0xFF, 0xFF, 0xFF, 0xFF, 0xFF, 0xFF,
	0x28, 0xA8, 0xB4, 0x00, 0x00, 0x00, 0x00, 0x00, 0x00, 0x00, 0x34, 0xFF,
	0x28, 0xA8, 0xB4, 0x00, 0x00, 0x00, 0x00, 0x00, 0x00, 0x00, 0x34, 0xFF,
	0x28, 0xA8, 0xB4, 0x00, 0x00, 0x00, 0x00, 0x00, 0x00, 0x00, 0x34, 0xFF,
	0x28, 0xA8, 0xB4, 0x00, 0x00, 0x00, 0x00, 0x00, 0x00, 0x00, 0x34, 0xFF,
	0x28, 0xA8, 0xB4, 0x00, 0x00, 0x00, 0x00, 0x00, 0x00, 0x00, 0x34, 0xFF,
	0x28, 0xA8, 0xB4, 0x00, 0x00, 0x00, 0x00, 0x00, 0x00, 0x00, 0x34, 0xFF,
	0x28, 0xA8, 0xB4, 0x00, 0x00, 0x00, 0x00, 0x00, 0x00, 0x00, 0x34, 0xFF,
	0x28, 0xA8, 0xB4, 0x00, 0x00, 0x00, 0x00, 0x00, 0x00, 0x00, 0x34, 0xFF,
	0x28, 0xA8, 0xB4, 0x00, 0x00, 0x00, 0x00, 0x00, 0x00, 0x00, 0x34, 0xFF,
	0x28, 0xA8, 0xB4, 0x00, 0x00, 0x00, 0x00, 0x00, 0x00, 0x00, 0x34, 0xFF,
	0x28, 0xA8, 0xB4, 0x00, 0x00, 0x00, 0x00, 0x00, 0x00, 0x00, 0x34, 0xFF,
	0x28, 0xA8, 0xB4, 0x00, 0x00, 0x00, 0x00, 0x00, 0x00, 0x00, 0x34, 0xFF,
	0x28, 0xA8, 0xB4, 0x00, 0x00, 0x00, 0x00, 0x00, 0x00, 0x00, 0x34, 0xFF,
	0x28, 0xA8, 0xB4, 0x00, 0x00, 0x00, 0x00, 0x00, 0x00, 0x00, 0x34, 0xFF,
	0x28, 0xA8, 0xB4, 0x00, 0x00, 0x00, 0x00, 0x00, 0x00, 0x00, 0x34, 0xFF,
	0x28, 0xA8, 0xB4, 0x00, 0x00, 0x00, 0x00, 0x00, 0x00, 0x00, 0x34, 0xFF,
	0x28, 0xA8, 0xFF, 0xFF, 0xFF, 0xFF, 0xFF, 0xFF, 0xFF, 0xFF, 0xFF, 0xFF,
	0x28, 0xA8, 0xFF, 0xFF, 0xFF, 0xFF, 0xFF, 0xFF, 0xFF, 0xFF, 0xFF, 0xFF,
	0x28, 0x05, 0x9D, 0xF2, 0xD7, 0x40, 0x60, 0xFF, 0xFF, 0xFF, 0xDF, 0x60,
	0xFF, 0xFF, 0xFF, 0xDF, 0x05, 0xA0, 0xF3, 0xD8, 0x43, 0x00, 0x00, 0x00,
	0x00, 0x00, 0x00, 0x00, 0x00, 0x00, 0x00, 0x00, 0xB9, 0xFF, 0xFF, 0x2B,
	0x00, 0xD8, 0xFF, 0xFF, 0x4B, 0x00, 0xF6, 0xFF, 0xFF, 0x6C, 0x0F, 0xFF,
	0xFF, 0xFF, 0x88, 0x21, 0xFF, 0xFF, 0xFF, 0x9C, 0x28, 0xFF, 0xFF, 0xFF,
	0xA5, 0x2B, 0xFF, 0xFF, 0xFF, 0xAB, 0x2C, 0xFF, 0xFF, 0xFF, 0xAC, 0x2C,
	0xFF, 0xFF, 0xFF, 0xAC, 0x2C, 0xFF, 0xFF, 0xFF, 0xAC, 0x2C, 0xFF, 0xFF,
	0xFF, 0xAC, 0x00, 0x00, 0x00, 0x00, 0x00, 0xC4, 0xFF, 0xFF, 0x94, 0x00,
	0x00, 0x00, 0x00, 0x00, 0x00, 0x00, 0x00, 0xC4, 0xFF, 0xFF, 0x94, 0x00,
	0x00, 0x00, 0x00, 0x00, 0x00, 0x00, 0x00, 0xC4, 0xFF, 0xFF, 0x9D, 0x02,
	0x00, 0x00, 0x00, 0x00, 0x03, 0x63, 0xC8, 0xFD, 0xFF, 0xFF, 0xFF, 0xF6,
	0xB5, 0x01, 0x00, 0x0C, 0xC0, 0xFF, 0xFF, 0xFF, 0xFF, 0xFF, 0xFF, 0xFF,
	0xC5, 0x00, 0x00, 0xA8, 0xFF, 0xFF, 0xFF, 0xFF, 0xFF, 0xFF, 0xFF, 0xFF,
	0x7F, 0x00, 0x2F, 0xFF, 0xFF, 0xFF, 0xD9, 0x51, 0x16, 0x02, 0x00, 0x00,
	0x00, 0x00, 0x84, 0xFF, 0xFF, 0xFB, 0x29, 0x00, 0x00, 0x00, 0x00, 0x00,
	0x00, 0x00, 0xB2, 0xFF, 0xFF, 0xC8, 0x00, 0x00, 0x00, 0x00, 0x00, 0x00,
	0x00, 0x00, 0xC0, 0xFF, 0xFF, 0xAD, 0x00, 0x00, 0x00, 0x00, 0x00, 0x00,
	0x00, 0x00, 0xB1, 0xFF, 0xFF, 0xCB, 0x00, 0x00, 0x00, 0x00, 0x00, 0x00,
	0x00, 0x00, 0x84, 0xFF, 0xFF, 0xFC, 0x33, 0x00, 0x00, 0x00, 0x00, 0x00,
	0x00, 0x00, 0x32, 0xFF, 0xFF, 0xFF, 0xE2, 0x5C, 0x19, 0x04, 0x0D, 0x27,
	0x4C, 0x00, 0x00, 0xAB, 0xFF, 0xFF, 0xFF, 0xFF, 0xFF, 0xFF, 0xFF, 0xFF,
	0xF6, 0x01, 0x00, 0x0D, 0xC2, 0xFF, 0xFF, 0xFF, 0xFF, 0xFF, 0xFF, 0xFF,
	0xFF, 0x1E, 0x00, 0x00, 0x04, 0x69, 0xCC, 0xFE, 0xFF, 0xFF, 0xFF, 0xFD,
	0xCF, 0x25, 0x00, 0x00, 0x00, 0x00, 0x00, 0xC4, 0xFF, 0xFF, 0xA0, 0x06,
	0x00, 0x00, 0x00, 0x00, 0x00, 0x00, 0x00, 0xC4, 0xFF, 0xFF, 0x94, 0x00,
	0x00, 0x00, 0x00, 0x00, 0x00, 0x00, 0x00, 0xC4, 0xFF, 0xFF, 0x94, 0x00,
	0x00, 0x00, 0x00, 0x00, 0x00, 0x00, 0x00, 0xC4, 0xFF, 0xFF, 0x94, 0x00,
	0x00, 0x00, 0x00, 0x00, 0x00, 0x00, 0x4A, 0xB7, 0xEA, 0xFA, 0xE1, 0xB3,
	0x58, 0x01, 0x00, 0x00, 0x00, 0x72, 0xFF, 0xFF, 0xFF, 0xFF, 0xFF, 0xFF,
	0xDD, 0x00, 0x00, 0x00, 0x23, 0xFB, 0xFF, 0xFF, 0xFF, 0xFF, 0xFF, 0xFF,
	0x94, 0x00, 0x00, 0x00, 0x82, 0xFF, 0xFF, 0xF7, 0x57, 0x0C, 0x20, 0x80,
	0x49, 0x00, 0x00, 0x00, 0xBA, 0xFF, 0xFF, 0x8F, 0x00, 0x00, 0x00, 0x00,
	0x00, 0x00, 0x00, 0x00, 0xD5, 0xFF, 0xFF, 0x58, 0x00, 0x00, 0x00, 0x00,
	0x00, 0x00, 0x00, 0x00, 0xE2, 0xFF, 0xFF, 0x50, 0x00, 0x00, 0x00, 0x00,
	0x00, 0x00, 0x00, 0x00, 0xE4, 0xFF, 0xFF, 0x50, 0x00, 0x00, 0x00, 0x00,
	0x00, 0x00, 0xF8, 0xFF, 0xFF, 0xFF, 0xFF, 0xFF, 0xFF, 0xFF, 0xFF, 0x50,
	0x00, 0x00, 0xF8, 0xFF, 0xFF, 0xFF, 0xFF, 0xFF, 0xFF, 0xFF, 0xFF, 0x50,
	0x00, 0x00, 0xF8, 0xFF, 0xFF, 0xFF, 0xFF, 0xFF, 0xFF, 0xFF, 0xFF, 0x50,
	0x00, 0x00, 0x00, 0x00, 0xED, 0xFF, 0xFF, 0x49, 0x00, 0x00, 0x00, 0x00,
	0x00, 0x00, 0x00, 0x01, 0xFC, 0xFF, 0xFF, 0x37, 0x00, 0x00, 0x00, 0x00,
	0x00, 0x00, 0x00, 0x10, 0xFF, 0xFF, 0xFF, 0x16, 0x00, 0x00, 0x00, 0x00,
	0x00, 0x00, 0x00, 0x2F, 0xFF, 0xFF, 0xFF, 0xFF, 0xFF, 0xFF, 0xFF, 0xFF,
	0xFF, 0x48, 0x00, 0x56, 0xFF, 0xFF, 0xFF, 0xFF, 0xFF, 0xFF, 0xFF, 0xFF,
	0xFF, 0x48, 0x00, 0x8C, 0xFF, 0xFF, 0xFF, 0xFF, 0xFF, 0xFF, 0xFF, 0xFF,
	0xFF, 0x48, 0x00, 0x0A, 0xB1, 0x71, 0x00, 0x00, 0x00, 0x00, 0x00, 0x15,
	0xBB, 0x5B, 0x00, 0x00, 0x15, 0xCA, 0xFF, 0xFF, 0xBA, 0xD5, 0xF7, 0xEE,
	0xB6, 0xE1, 0xFF, 0xFE, 0x75, 0x00, 0x19, 0xD0, 0xFF, 0xFF, 0xFF, 0xFF,
	0xFF, 0xFF, 0xFF, 0xFF, 0xFF, 0xFE, 0x74, 0x00, 0x00, 0x0E, 0xE4, 0xFF,
	0xFF, 0xFF, 0xFF, 0xFF, 0xFF, 0xFF, 0xFF, 0x7B, 0x00, 0x00, 0x00, 0x19,
	0xFE, 0xFF, 0xFD, 0x63, 0x0B, 0x21, 0xB9, 0xFF, 0xFF, 0xA4, 0x00, 0x00,
	0x00, 0x38, 0xFF, 0xFF, 0xDE, 0x00, 0x00, 0x00, 0x4E, 0xFF, 0xFF, 0xC3,
	0x00, 0x00, 0x00, 0x1B, 0xFE, 0xFF, 0xFD, 0x60, 0x0A, 0x1F, 0xB7, 0xFF,
	0xFF, 0xA3, 0x00, 0x00, 0x00, 0x0B, 0xE3, 0xFF, 0xFF, 0xFF, 0xFF, 0xFF,
	0xFF, 0xFF, 0xFF, 0x7E, 0x00, 0x00, 0x17, 0xCB, 0xFF, 0xFF, 0xFF, 0xFF,
	0xFF, 0xFF, 0xFF, 0xFF, 0xFF, 0xFE, 0x78, 0x00, 0x17, 0xCD, 0xFF, 0xFF,
	0xBB, 0xDA, 0xF9, 0xF0, 0xB9, 0xE6, 0xFF, 0xFE, 0x71, 0x00, 0x00, 0x0D,
	0xB5, 0x6D, 0x00, 0x00, 0x00, 0x00, 0x00, 0x19, 0xBF, 0x57, 0x00, 0x00,
	0x77, 0xFF, 0xFF, 0xFD, 0x1B, 0x00, 0x00, 0x00, 0x00, 0x6E, 0xFF, 0xFF,
	0xF0, 0x09, 0x17, 0xFA, 0xFF, 0xFF, 0x74, 0x00, 0x00, 0x00, 0x00, 0xC8,
	0xFF, 0xFF, 0x96, 0x00, 0x00, 0xA2, 0xFF, 0xFF, 0xD0, 0x00, 0x00, 0x00,
	0x23, 0xFF, 0xFF, 0xFF, 0x2D, 0x00, 0x00, 0x2C, 0xFE, 0xFF, 0xFF, 0x2D,
	0x00, 0x00, 0x80, 0xFF, 0xFF, 0xC0, 0x00, 0x00, 0x00, 0x00, 0xAD, 0xFF,
	0xFF, 0x97, 0x00, 0x08, 0xE9, 0xFF, 0xFF, 0x4C, 0x00, 0x00, 0x00, 0x00,
	0x2E, 0xFE, 0xFF, 0xF4, 0x12, 0x66, 0xFF, 0xFF, 0xD3, 0x01, 0x00, 0x00,
	0x00, 0x00, 0x00, 0xA8, 0xFF, 0xFF, 0x80, 0xD8, 0xFF, 0xFF, 0x55, 0x00,
	0x00, 0x00, 0x00, 0x00, 0x00, 0x23, 0xFA, 0xFF, 0xFB, 0xFF, 0xFF, 0xD0,
	0x01, 0x00, 0x00, 0x00, 0x00, 0x90, 0xFF, 0xFF, 0xFF, 0xFF, 0xFF, 0xFF,
	0xFF, 0xFF, 0xFF, 0xFF, 0x18, 0x00, 0x00, 0x90, 0xFF, 0xFF, 0xFF, 0xFF,
	0xFF, 0xFF, 0xFF, 0xFF, 0xFF, 0xFF, 0x18, 0x00, 0x00, 0x00, 0x00, 0x00,
	0x00, 0xE4, 0xFF, 0xFF, 0x74, 0x00, 0x00, 0x00, 0x00, 0x00, 0x00, 0x00,
	0x00, 0x00, 0x00, 0xE4, 0xFF, 0xFF, 0x74, 0x00, 0x00, 0x00, 0x00, 0x00,
	0x00, 0x90, 0xFF, 0xFF, 0xFF, 0xFF, 0xFF, 0xFF, 0xFF, 0xFF, 0xFF, 0xFF,
	0x18, 0x00, 0x00, 0x90, 0xFF, 0xFF, 0xFF, 0xFF, 0xFF, 0xFF, 0xFF, 0xFF,
	0xFF, 0xFF, 0x18, 0x00, 0x00, 0x00, 0x00, 0x00, 0x00, 0xE4, 0xFF, 0xFF,
	0x74, 0x00, 0x00, 0x00, 0x00, 0x00, 0x00, 0x00, 0x00, 0x00, 0x00, 0xE4,
	0xFF, 0xFF, 0x74, 0x00, 0x00, 0x00, 0x00, 0x00, 0x00, 0x00, 0x00, 0x00,
	0x00, 0xE4, 0xFF, 0xFF, 0x74, 0x00, 0x00, 0x00, 0x00, 0x00, 0xE4, 0xFF,
	0xFF, 0x74, 0xE4, 0xFF, 0xFF, 0x74, 0xE4, 0xFF, 0xFF, 0x74, 0xE4, 0xFF,
	0xFF, 0x74, 0xE4, 0xFF, 0xFF, 0x74, 0xE4, 0xFF, 0xFF, 0x74, 0xE4, 0xFF,
	0xFF, 0x74, 0xE4, 0xFF, 0xFF, 0x74, 0xE4, 0xFF, 0xFF, 0x74, 0xE4, 0xFF,
	0xFF, 0x74, 0x00, 0x00, 0x00, 0x00, 0x00, 0x00, 0x00, 0x00, 0x00, 0x00,
	0x00, 0x00, 0xE4, 0xFF, 0xFF, 0x74, 0xE4, 0xFF, 0xFF, 0x74, 0xE4, 0xFF,
	0xFF, 0x74, 0xE4, 0xFF, 0xFF, 0x74, 0xE4, 0xFF, 0xFF, 0x74, 0xE4, 0xFF,
	0xFF, 0x74, 0xE4, 0xFF, 0xFF, 0x74, 0xE4, 0xFF, 0xFF, 0x74, 0xE4, 0xFF,
	0xFF, 0x74, 0xE4, 0xFF, 0xFF, 0x74, 0x00, 0x00, 0x0B, 0x78, 0xC9, 0xF0,
	0xFB, 0xEB, 0xBD, 0x70, 0x1C, 0x00, 0x00, 0x10, 0xD4, 0xFF, 0xFF, 0xFF,
	0xFF, 0xFF, 0xFF, 0xFF, 0xAD, 0x00, 0x00, 0x82, 0xFF, 0xFF, 0xFF, 0xFF,
	0xFF, 0xFF, 0xFF, 0xFF, 0x61, 0x00, 0x00, 0xBB, 0xFF, 0xFF, 0xE1, 0x1E,
	0x05, 0x1A, 0x5F, 0xCC, 0x17, 0x00, 0x00, 0xA7, 0xFF, 0xFF, 0xF4, 0x5E,
	0x0F, 0x00, 0x00, 0x00, 0x00, 0x00, 0x00, 0x2C, 0xF4, 0xFF, 0xFF, 0xFF,
	0xFB, 0xB3, 0x40, 0x00, 0x00, 0x00, 0x00, 0x1C, 0xE2, 0xFF, 0xFF, 0xFF,
	0xFF, 0xFF, 0xFF, 0x9D, 0x04, 0x00, 0x03, 0xCB, 0xFF, 0xFF, 0xFF, 0xFF,
	0xFF, 0xFF, 0xFF, 0xFF, 0x87, 0x00, 0x4C, 0xFF, 0xFF, 0xE7, 0x2D, 0x4F,
	0xAC, 0xFB, 0xFF, 0xFF, 0xF3, 0x05, 0x7B, 0xFF, 0xFF, 0x7C, 0x00, 0x00,
	0x00, 0x2E, 0xF9, 0xFF, 0xFF, 0x19, 0x69, 0xFF, 0xFF, 0xB5, 0x04, 0x00,
	0x00, 0x00, 0xE0, 0xFF, 0xF7, 0x06, 0x14, 0xE4, 0xFF, 0xFF, 0xDD, 0x7A,
	0x2B, 0x6C, 0xFF, 0xFF, 0x99, 0x00, 0x00, 0x2F, 0xD8, 0xFF, 0xFF, 0xFF,
	0xFF, 0xFF, 0xFF, 0xD0, 0x0E, 0x00, 0x00, 0x00, 0x05, 0x67, 0xCB, 0xFF,
	0xFF, 0xFF, 0xFF, 0xCF, 0x0A, 0x00, 0x00, 0x00, 0x00, 0x00, 0x00, 0x2F,
	0xAE, 0xFF, 0xFF, 0xFF, 0x7B, 0x00, 0x00, 0x00, 0x00, 0x00, 0x00, 0x00,
	0x00, 0xD3, 0xFF, 0xFF, 0xB9, 0x00, 0x03, 0xCB, 0x7C, 0x33, 0x0D, 0x05,
	0x3E, 0xF2, 0xFF, 0xFF, 0xB5, 0x00, 0x41, 0xFF, 0xFF, 0xFF, 0xFF, 0xFF,
	0xFF, 0xFF, 0xFF, 0xFF, 0x7B, 0x00, 0x88, 0xFF, 0xFF, 0xFF, 0xFF, 0xFF,
	0xFF, 0xFF, 0xFF, 0xD5, 0x0E, 0x00, 0x06, 0x57, 0xA6, 0xD8, 0xF2, 0xFC,
	0xF2, 0xCC, 0x7B, 0x0C, 0x00, 0x00, 0x30, 0xD9, 0xE9, 0x4E, 0x00, 0x04,
	0xAB, 0xF3, 0xA0, 0x01, 0xAD, 0xFF, 0xFF, 0xDF, 0x00, 0x4D, 0xFF, 0xFF,
	0xFF, 0x40, 0xAE, 0xFF, 0xFF, 0xE1, 0x00, 0x4E, 0xFF, 0xFF, 0xFF, 0x41,
	0x32, 0xDB, 0xE9, 0x51, 0x00, 0x05, 0xAD, 0xF4, 0xA3, 0x02, 0x00, 0x00,
	0x00, 0x20, 0x92, 0xDA, 0xF8, 0xEE, 0xBD, 0x5E, 0x03, 0x00, 0x00, 0x00,
	0x00, 0x51, 0xF4, 0xFF, 0xFF, 0xFF, 0xFF, 0xFF, 0xFF, 0xC0, 0x0E, 0x00,
	0x00, 0x30, 0xF8, 0xFF, 0xAB, 0x34, 0x07, 0x16, 0x65, 0xE9, 0xFF, 0xB3,
	0x00, 0x00, 0xB7, 0xFF, 0x8C, 0x08, 0x99, 0xF3, 0xF0, 0x80, 0x21, 0xEB,
	0xFF, 0x42, 0x12, 0xFC, 0xE3, 0x06, 0x9C, 0xFF, 0xFF, 0xFF, 0x74, 0x00,
	0x6D, 0xFF, 0x9A, 0x3F, 0xFF, 0x98, 0x07, 0xFA, 0xD7, 0x21, 0x0C, 0x0C,
	0x00, 0x1A, 0xFF, 0xCA, 0x4F, 0xFF, 0x81, 0x22, 0xFF, 0x8E, 0x00, 0x00,
	0x00, 0x00, 0x02, 0xFF, 0xDA, 0x3F, 0xFF, 0x98, 0x0A, 0xFD, 0xDB, 0x26,
	0x09, 0x13, 0x00, 0x1A, 0xFF, 0xCA, 0x12, 0xFC, 0xE1, 0x05, 0xA4, 0xFF,
	0xFF, 0xFF, 0x92, 0x00, 0x6A, 0xFF, 0x9A, 0x00, 0xB6, 0xFF, 0x85, 0x0C,
	0xA2, 0xF4, 0xEB, 0x81, 0x1F, 0xE9, 0xFF, 0x42, 0x00, 0x2D, 0xF6, 0xFF,
	0xA6, 0x32, 0x06, 0x15, 0x62, 0xE8, 0xFF, 0xAF, 0x00, 0x00, 0x00, 0x4C,
	0xF2, 0xFF, 0xFF, 0xFF, 0xFF, 0xFF, 0xFF, 0xBA, 0x0C, 0x00, 0x00, 0x00,
	0x00, 0x1E, 0x92, 0xDB, 0xF8, 0xEF, 0xBE, 0x5C, 0x02, 0x00, 0x00, 0x00,
	0x28, 0xC4, 0xE4, 0xF8, 0xF5, 0xCB, 0x5F, 0x00, 0x00, 0x1A, 0xFF, 0xFF,
	0xFF, 0xFF, 0xFF, 0xFF, 0x61, 0x00, 0x00, 0x3D, 0x14, 0x06, 0x35, 0xEE,
	0xFF, 0xC2, 0x00, 0x00, 0x00, 0x0C, 0x26, 0x22, 0xAD, 0xFF, 0xE5, 0x00,
	0x22, 0xB9, 0xFD, 0xFF, 0xFF, 0xFF, 0xFF, 0xF0, 0x03, 0xDD, 0xFF, 0xFF,
	0xF3, 0xD7, 0xF7, 0xFF, 0xF0, 0x27, 0xFF, 0xFF, 0xAC, 0x01, 0x00, 0xA0,
	0xFF, 0xF0, 0x1D, 0xFF, 0xFF, 0xBC, 0x12, 0x04, 0xA6, 0xFF, 0xF0, 0x00,
	0xC6, 0xFF, 0xFF, 0xFF, 0xFF, 0xFF, 0xFF, 0xF0, 0x00, 0x12, 0x88, 0xD8,
	0xF5, 0xFB, 0xEC, 0xCB, 0x91, 0x00, 0x00, 0x00, 0x4A, 0xAD, 0x18, 0x00,
	0x00, 0x09, 0xC0, 0x47, 0x00, 0x00, 0x00, 0x09, 0xDE, 0xFF, 0x93, 0x00,
	0x00, 0x84, 0xFF, 0xEE, 0x09, 0x00, 0x00, 0x86, 0xFF, 0xF7, 0x1B, 0x00,
	0x26, 0xF9, 0xFF, 0x7A, 0x00, 0x00, 0x29, 0xFA, 0xFF, 0x8C, 0x00, 0x00,
	0xB9, 0xFF, 0xEA, 0x0C, 0x00, 0x00, 0xBF, 0xFF, 0xF1, 0x13, 0x00, 0x55,
	0xFF, 0xFF, 0x72, 0x00, 0x00, 0x5E, 0xFF, 0xFF, 0x7F, 0x00, 0x0B, 0xE3,
	0xFF, 0xE5, 0x08, 0x00, 0x00, 0x54, 0xFF, 0xFF, 0x7F, 0x00, 0x08, 0xDD,
	0xFF, 0xE5, 0x08, 0x00, 0x00, 0x00, 0xB5, 0xFF, 0xF2, 0x14, 0x00, 0x49,
	0xFF, 0xFF, 0x73, 0x00, 0x00, 0x00, 0x21, 0xF6, 0xFF, 0x8F, 0x00, 0x00,
	0xAE, 0xFF, 0xEB, 0x0D, 0x00, 0x00, 0x00, 0x79, 0xFF, 0xF8, 0x1E, 0x00,
	0x1D, 0xF4, 0xFF, 0x7E, 0x00, 0x00, 0x00, 0x05, 0xD4, 0xFF, 0x95, 0x00,
	0x00, 0x76, 0xFF, 0xEF, 0x09, 0x00, 0x00, 0x00, 0x3C, 0xB2, 0x16, 0x00,
	0x00, 0x05, 0xBA, 0x45, 0x00, 0xC8, 0xFF, 0xFF, 0xFF, 0xFF, 0xFF, 0xFF,
	0xFF, 0xFF, 0xFF, 0xFF, 0x18, 0xC8, 0xFF, 0xFF, 0xFF, 0xFF, 0xFF, 0xFF,
	0xFF, 0xFF, 0xFF, 0xFF, 0x18, 0xC8, 0xFF, 0xFF, 0xFF, 0xFF, 0xFF, 0xFF,
	0xFF, 0xFF, 0xFF, 0xFF, 0x18, 0x00, 0x00, 0x00, 0x00, 0x00, 0x00, 0x00,
	0x00, 0xBC, 0xFF, 0xFF, 0x18, 0x00, 0x00, 0x00, 0x00, 0x00, 0x00, 0x00,
	0x00, 0xBC, 0xFF, 0xFF, 0x18, 0x00, 0x00, 0x00, 0x00, 0x00, 0x00, 0x00,
	0x00, 0xBC, 0xFF, 0xFF, 0x18, 0x00, 0x00, 0x00, 0x00, 0x00, 0x00, 0x00,
	0x00, 0xBC, 0xFF, 0xFF, 0x18, 0x00, 0x00, 0x00, 0x00, 0x00, 0x00, 0x00,
	0x00, 0xBC, 0xFF, 0xFF, 0x18, 0x00, 0x00, 0x00, 0x00, 0x00, 0x00, 0x00,
	0x00, 0xBC, 0xFF, 0xFF, 0x18, 0xF4, 0xFF, 0xFF, 0xFF, 0xFF, 0xFF, 0xFF,
	0x74, 0xF4, 0xFF, 0xFF, 0xFF, 0xFF, 0xFF, 0xFF, 0x74, 0xF4, 0xFF, 0xFF,
	0xFF, 0xFF, 0xFF, 0xFF, 0x74, 0x00, 0x00, 0x00, 0x20, 0x92, 0xDA, 0xF8,
	0xEE, 0xBD, 0x5E, 0x03, 0x00, 0x00, 0x00, 0x00, 0x51, 0xF4, 0xFF, 0xFF,
	0xFF, 0xFF, 0xFF, 0xFF, 0xC0, 0x0E, 0x00, 0x00, 0x30, 0xF8, 0xFF, 0xAB,
	0x34, 0x07, 0x16, 0x65, 0xE9, 0xFF, 0xB3, 0x00, 0x00, 0xB7, 0xFF, 0x8C,
	0x6A, 0xED, 0xF7, 0xD4, 0x57, 0x21, 0xEB, 0xFF, 0x42, 0x12, 0xFC, 0xE3,
	0x06, 0x84, 0xFF, 0xFF, 0xFF, 0xFB, 0x1E, 0x6D, 0xFF, 0x9A, 0x3F, 0xFF,
	0x98, 0x00, 0x84, 0xF0, 0x08, 0x62, 0xFF, 0x46, 0x1A, 0xFF, 0xCA, 0x4F,
	0xFF, 0x81, 0x00, 0x84, 0xF0, 0x03, 0x5E, 0xF6, 0x18, 0x02, 0xFF, 0xDA,
	0x3F, 0xFF, 0x98, 0x00, 0x84, 0xFF, 0xFF, 0xFF, 0x72, 0x00, 0x1A, 0xFF,
	0xCA, 0x12, 0xFC, 0xE1, 0x05, 0x84, 0xFF, 0xFF, 0xFF, 0xD3, 0x02, 0x6A,
	0xFF, 0x9A, 0x00, 0xB6, 0xFF, 0x85, 0x84, 0xF0, 0x01, 0x81, 0xFF, 0x7A,
	0xE9, 0xFF, 0x42, 0x00, 0x2D, 0xF6, 0xFF, 0xA6, 0x32, 0x06, 0x15, 0x62,
	0xE8, 0xFF, 0xAF, 0x00, 0x00, 0x00, 0x4C, 0xF2, 0xFF, 0xFF, 0xFF, 0xFF,
	0xFF, 0xFF, 0xBA, 0x0C, 0x00, 0x00, 0x00, 0x00, 0x1E, 0x92, 0xDB, 0xF8,
	0xEF, 0xBE, 0x5C, 0x02, 0x00, 0x00, 0x14, 0xFF, 0xFF, 0xFF, 0xFF, 0xFF,
	0xFF, 0xFF, 0xB0, 0x14, 0xFF, 0xFF, 0xFF, 0xFF, 0xFF, 0xFF, 0xFF, 0xB0,
	0x00, 0x00, 0x58, 0xCA, 0xF2, 0xE2, 0xA3, 0x21, 0x00, 0x00, 0x76, 0xFF,
	0xFF, 0xFF, 0xFF, 0xFF, 0xE6, 0x16, 0x01, 0xED, 0xFF, 0xAD, 0x10, 0x34,
	0xF3, 0xFF, 0x87, 0x0E, 0xFF, 0xFF, 0x59, 0x00, 0x00, 0xC6, 0xFF, 0xA9,
	0x02, 0xF0, 0xFF, 0xB0, 0x10, 0x35, 0xF4, 0xFF, 0x88, 0x00, 0x7F, 0xFF,
	0xFF, 0xFF, 0xFF, 0xFF, 0xE7, 0x17, 0x00, 0x01, 0x60, 0xCD, 0xF3, 0xE5,
	0xA7, 0x22, 0x00,
};

const GFXglyph UbuntuMono_Bold14pt7bAAGlyphs[] PROGMEM = {
	{0, 0, 0, 14, 0, 0},	// 0x20 ' '
	{0, 5, 17, 14, 4, -17},	// 0x21 '!'
	{85, 10, 8, 14, 2, -18},	// 0x22 '"'
	{165, 14, 17, 14, 0, -17},	// 0x23 '#'
	{403, 13, 22, 14, 0, -19},	// 0x24 '$'
	{689, 14, 17, 14, 0, -17},	// 0x25 '%'
	{927, 14, 17, 14, 0, -17},	// 0x26 '&'
	{1165, 4, 8, 14, 5, -18},	// 0x27 '\''
	{1197, 10, 23, 14, 2, -19},	// 0x28 '('
	{1427, 10, 23, 14, 2, -19},	// 0x29 ')'
	{1657, 12, 10, 14, 1, -17},	// 0x2A '*'
	{1777, 12, 13, 14, 1, -13},	// 0x2B '+'
	{1933, 7, 9, 14, 3, -5},	// 0x2C ','
	{1996, 8, 3, 14, 3, -8},	// 0x2D '-'
	{2020, 6, 5, 14, 4, -5},	// 0x2E '.'
	{2050, 12, 23, 14, 1, -19},	// 0x2F '/'
	{2326, 13, 17, 14, 0, -17},	// 0x30 '0'
	{2547, 12, 17, 14, 1, -17},	// 0x31 '1'
	{2751, 12, 17, 14, 1, -17},	// 0x32 '2'
	{2955, 12, 17, 14, 1, -17},	// 0x33 '3'
	{3159, 13, 17, 14, 0, -17},	// 0x34 '4'
	{3380, 13, 17, 14, 0, -17},	// 0x35 '5'
	{3601, 12, 17, 14, 1, -17},	// 0x36 '6'
	{3805, 12, 17, 14, 1, -17},	// 0x37 '7'
	{4009, 12, 17, 14, 1, -17},	// 0x38 '8'
	{4213, 12, 17, 14, 1, -17},	// 0x39 '9'
	{4417, 6, 13, 14, 4, -13},	// 0x3A ':'
	{4495, 7, 17, 14, 3, -13},	// 0x3B ';'
	{4614, 12, 12, 14, 1, -13},	// 0x3C '<'
	{4758, 12, 9, 14, 1, -11},	// 0x3D '='
	{4866, 12, 12, 14, 1, -13},	// 0x3E '>'
	{5010, 11, 17, 14, 1, -17},	// 0x3F '?'
	{5197, 13, 21, 14, 0, -17},	// 0x40 '@'
	{5470, 14, 17, 14, 0, -17},	// 0x41 'A'
	{5708, 12, 17, 14, 1, -17},	// 0x42 'B'
	{5912, 13, 17, 14, 0, -17},	// 0x43 'C'
	{6133, 12, 17, 14, 1, -17},	// 0x44 'D'
	{6337, 12, 17, 14, 1, -17},	// 0x45 'E'
	{6541, 11, 17, 14, 1, -17},	// 0x46 'F'
	{6728, 13, 17, 14, 0, -17},	// 0x47 'G'
	{6949, 12, 17, 14, 1, -17},	// 0x48 'H'
	{7153, 12, 17, 14, 1, -17},	// 0x49 'I'
	{7357, 11, 17, 14, 1, -17},	// 0x4A 'J'
	{7544, 13, 17, 14, 1, -17},	// 0x4B 'K'
	{7765, 12, 17, 14, 1, -17},	// 0x4C 'L'
	{7969, 13, 17, 14, 0, -17},	// 0x4D 'M'
	{8190, 12, 17, 14, 1, -17},	// 0x4E 'N'
	{8394, 13, 17, 14, 0, -17},	// 0x4F 'O'
	{8615, 12, 17, 14, 1, -17},	// 0x50 'P'
	{8819, 13, 21, 14, 0, -17},	// 0x51 'Q'
	{9092, 13, 17, 14, 1, -17},	// 0x52 'R'
	{9313, 12, 17, 14, 1, -17},	// 0x53 'S'
	{9517, 13, 17, 14, 0, -17},	// 0x54 'T'
	{9738, 12, 17, 14, 1, -17},	// 0x55 'U'
	{9942, 14, 17, 14, 0, -17},	// 0x56 'V'
	{10180, 13, 17, 14, 0, -17},	// 0x57 'W'
	{10401, 14, 17, 14, 0, -17},	// 0x58 'X'
	{10639, 14, 17, 14, 0, -17},	// 0x59 'Y'
	{10877, 12, 17, 14, 1, -17},	// 0x5A 'Z'
	{11081, 8, 23, 14, 3, -19},	// 0x5B '['
	{11265, 12, 23, 14, 1, -19},	// 0x5C '\\'
	{11541, 9, 23, 14, 2, -19},	// 0x5D ']'
	{11748, 14, 9, 14, 0, -17},	// 0x5E '^'
	{11874, 14, 3, 14, 0, 1},	// 0x5F '_'
	{11916, 7, 5, 14, 4, -19},	// 0x60 '`'
	{11951, 11, 13, 14, 1, -13},	// 0x61 'a'
	{12094, 12, 19, 14, 1, -19},	// 0x62 'b'
	{12322, 12, 13, 14, 1, -13},	// 0x63 'c'
	{12478, 12, 19, 14, 0, -19},	// 0x64 'd'
	{12706, 13, 13, 14, 0, -13},	// 0x65 'e'
	{12875, 14, 19, 14, 0, -19},	// 0x66 'f'
	{13141, 12, 17, 14, 0, -13},	// 0x67 'g'
	{13345, 11, 19, 14, 1, -19},	// 0x68 'h'
	{13554, 13, 19, 14, 0, -19},	// 0x69 'i'
	{13801, 10, 23, 14, 1, -19},	// 0x6A 'j'
	{14031, 13, 19, 14, 1, -19},	// 0x6B 'k'
	{14278, 13, 19, 14, 0, -19},	// 0x6C 'l'
	{14525, 13, 13, 14, 0, -13},	// 0x6D 'm'
	{14694, 11, 13, 14, 1, -13},	// 0x6E 'n'
	{14837, 13, 13, 14, 0, -13},	// 0x6F 'o'
	{15006, 12, 17, 14, 1, -13},	// 0x70 'p'
	{15210, 12, 17, 14, 0, -13},	// 0x71 'q'
	{15414, 11, 13, 14, 2, -13},	// 0x72 'r'
	{15557, 11, 13, 14, 1, -13},	// 0x73 's'
	{15700, 13, 17, 14, 0, -17},	// 0x74 't'
	{15921, 11, 13, 14, 1, -13},	// 0x75 'u'
	{16064, 14, 13, 14, 0, -13},	// 0x76 'v'
	{16246, 14, 13, 14, 0, -13},	// 0x77 'w'
	{16428, 13, 13, 14, 0, -13},	// 0x78 'x'
	{16597, 13, 17, 14, 0, -13},	// 0x79 'y'
	{16818, 11, 13, 14, 1, -13},	// 0x7A 'z'
	{16961, 11, 23, 14, 1, -19},	// 0x7B '{'
	{17214, 4, 23, 14, 5, -19},	// 0x7C '|'
	{17306, 11, 23, 14, 1, -19},	// 0x7D '}'
	{17559, 14, 5, 14, 0, -10},	// 0x7E '~'
	{17629, 12, 20, 14, 1, -20},	// 0x7F ''
	{17869, 12, 20, 14, 1, -20},	// 0x80 ''
	{18109, 12, 20, 14, 1, -20},	// 0x81 ''
	{18349, 12, 20, 14, 1, -20},	// 0x82 ''
	{18589, 12, 20, 14, 1, -20},	// 0x83 ''
	{18829, 12, 20, 14, 1, -20},	// 0x84 ''
	{19069, 12, 20, 14, 1, -20},	// 0x85 ''
	{19309, 12, 20, 14, 1, -20},	// 0x86 ''
	{19549, 12, 20, 14, 1, -20},	// 0x87 ''
	{19789, 12, 20, 14, 1, -20},	// 0x88 ''
	{20029, 12, 20, 14, 1, -20},	// 0x89 ''
	{20269, 12, 20, 14, 1, -20},	// 0x8A ''
	{20509, 12, 20, 14, 1, -20},	// 0x8B ''
	{20749, 12, 20, 14, 1, -20},	// 0x8C ''
	{20989, 12, 20, 14, 1, -20},	// 0x8D ''
	{21229, 12, 20, 14, 1, -20},	// 0x8E ''
	{21469, 12, 20, 14, 1, -20},	// 0x8F ''
	{21709, 12, 20, 14, 1, -20},	// 0x90 ''
	{21949, 12, 20, 14, 1, -20},	// 0x91 ''
	{22189, 12, 20, 14, 1, -20},	// 0x92 ''
	{22429, 12, 20, 14, 1, -20},	// 0x93 ''
	{22669, 12, 20, 14, 1, -20},	// 0x94 ''
	{22909, 12, 20, 14, 1, -20},	// 0x95 ''
	{23149, 12, 20, 14, 1, -20},	// 0x96 ''
	{23389, 12, 20, 14, 1, -20},	// 0x97 ''
	{23629, 12, 20, 14, 1, -20},	// 0x98 ''
	{23869, 12, 20, 14, 1, -20},	// 0x99 ''
	{24109, 12, 20, 14, 1, -20},	// 0x9A ''
	{24349, 12, 20, 14, 1, -20},	// 0x9B ''
	{24589, 12, 20, 14, 1, -20},	// 0x9C ''
	{24829, 12, 20, 14, 1, -20},	// 0x9D ''
	{25069, 12, 20, 14, 1, -20},	// 0x9E ''
	{25309, 12, 20, 14, 1, -20},	// 0x9F ''
	{25549, 0, 0, 14, 0, 0},	// 0xA0 ' '
	{25549, 5, 17, 14, 4, -13},	// 0xA1 '¡'
	{25634, 12, 20, 14, 1, -17},	// 0xA2 '¢'
	{25874, 12, 17, 14, 1, -17},	// 0xA3 '£'
	{26078, 14, 11, 14, 0, -14},	// 0xA4 '¤'
	{26232, 14, 17, 14, 0, -17},	// 0xA5 '¥'
	{26470, 4, 23, 14, 5, -19},	// 0xA6 '¦'
	{26562, 12, 20, 14, 1, -17},	// 0xA7 '§'
	{26802, 10, 4, 14, 2, -19},	// 0xA8 '¨'
	{26842, 13, 13, 14, 0, -13},	// 0xA9 '©'
	{27011, 9, 10, 14, 2, -17},	// 0xAA 'ª'
	{27101, 12, 12, 14, 1, -13},	// 0xAB '«'
	{27245, 12, 9, 14, 1, -10},	// 0xAC '¬'
	{27353, 8, 3, 14, 3, -8},	// 0xAD '­'
	{27377, 13, 13, 14, 0, -13},	// 0xAE '®'
	{27546, 9, 2, 14, 2, -17},	// 0xAF '¯'
	{27564, 9, 7, 14, 2, -19},	// 0xB0 '°'
};

const GFXfont UbuntuMono_Bold14pt7bAA PROGMEM = {
	(uint8_t *)UbuntuMono_Bold14pt7bAABitmaps,
	(GFXglyph *)UbuntuMono_Bold14pt7bAAGlyphs,
	0x20, 0xB0, 27
};

#endif // FONTS_UBUNTU_MONO_BOLD_14PT_AA_H
